Project_ID,Project_Type,Risk_Level,Schedule_Delay,Cost_Overrun,Delayed_Project,Over_Budget_Project,CPI_Cumulative,SPI_Cumulative,Planned_Budget,Actual_Cost,EAC,VAC,Forecast_Overrun_Percent
PROJ_0001,Construction,High,2,227083.4292889675,True,True,0.8704867044010804,1.0,1526276.55,1753359.9792889676,1753359.9792889676,-227083.4292889675,14.878262349570104
PROJ_0002,Manufacturing,Low,1,51583.12283737084,True,True,0.8833945764704138,1.0000000000000002,390790.15,442373.27283737087,442373.27283737087,-51583.12283737084,13.199698824898947
PROJ_0003,Manufacturing,Medium,1,-11450.20505171435,True,False,1.0486777626350774,1.0,246674.76,235224.5549482857,235224.55494828563,11450.20505171438,-4.641822718998238
PROJ_0004,IT,High,5,151682.46566380956,True,True,0.9039688457916438,1.0000000000000002,1427830.63,1579513.0956638097,1579513.0956638092,-151682.46566380933,10.623281394643378
PROJ_0005,Construction,High,2,144014.49768867227,True,True,0.9217636146591504,1.0000000000000002,1696746.64,1840761.137688672,1840761.1376886717,-144014.4976886718,8.487684271393153
PROJ_0006,IT,Medium,0,61430.112103668274,False,True,0.9474006354236404,1.0000000000000002,1106456.85,1167886.9621036684,1167886.962103668,-61430.11210366781,5.551966360339113
PROJ_0007,R&D,Critical,2,107393.76030814112,True,True,0.9126483968270456,1.0,1122048.59,1229442.3503081412,1229442.3503081412,-107393.76030814112,9.571221894066202
PROJ_0008,Healthcare,Low,0,155752.57516041514,False,True,0.8857977817895838,1.0000000000000002,1208078.86,1363831.4351604152,1363831.435160415,-155752.5751604149,12.89258344942936
PROJ_0009,Construction,Critical,0,74011.1733060102,False,True,0.9611971792837388,0.9999999999999998,1833354.63,1907365.80330601,1907365.8033060106,-74011.17330601066,4.036926195016109
PROJ_0010,Construction,Medium,-5,169325.9019700829,False,True,0.9342122228526264,1.0,2404494.18,2573820.081970083,2573820.081970083,-169325.9019700829,7.0420591315418735
PROJ_0011,Healthcare,Critical,1,94583.39991717972,True,True,0.8643632635836238,1.0,602745.38,697328.7799171797,697328.7799171797,-94583.39991717972,15.692098696331728
PROJ_0012,Construction,High,0,32355.49499801733,False,True,0.9660578274001888,1.0000000000000002,920898.01,953253.5049980172,953253.5049980178,-32355.49499801779,3.5134721377036957
PROJ_0013,IT,Medium,3,77784.30192263075,True,True,0.9372524055978716,1.0000000000000002,1161853.69,1239637.9919226307,1239637.99192263,-77784.30192263005,6.694844849408711
PROJ_0014,Marketing,Critical,-1,-32820.21305616968,False,False,1.0387201083760829,1.0,880447.31,847627.0969438304,847627.0969438305,32820.21305616957,-3.7276748629250243
PROJ_0015,Construction,High,0,65098.633796237526,False,True,0.93096668203547,1.0,877904.48,943003.1137962376,943003.1137962375,-65098.633796237526,7.4152297065664285
PROJ_0016,Construction,High,0,18515.310096238507,False,True,0.9808990616294788,1.0000000000000002,950825.03,969340.3400962384,969340.3400962383,-18515.310096238274,1.9472888819763476
PROJ_0017,IT,Critical,4,58932.04099965177,True,True,0.9318253357668124,0.9999999999999996,805495.26,864427.3009996518,864427.3009996519,-58932.04099965189,7.316249260070368
PROJ_0018,IT,High,2,71509.92432608374,True,True,0.9163611702264218,1.0000000000000002,783474.83,854984.7543260837,854984.7543260838,-71509.92432608386,9.127277812624031
PROJ_0019,IT,Low,-1,51627.95808618225,False,True,0.9208699472012882,0.9999999999999998,600816.42,652444.3780861823,652444.3780861823,-51627.95808618225,8.592967230519806
PROJ_0020,IT,Low,1,135224.25765357004,True,True,0.8794574573134744,0.9999999999999996,986572.7,1121796.95765357,1121796.95765357,-135224.25765357004,13.706466604394185
PROJ_0021,Manufacturing,Medium,1,15494.633517924056,True,True,0.9694267374481512,1.0000000000000004,491308.77,506803.4035179241,506803.4035179241,-15494.633517924056,3.153746577315128
PROJ_0022,Construction,High,2,123719.46254090824,True,True,0.9496611274612108,0.9999999999999998,2334012.63,2457732.092540908,2457732.0925409086,-123719.46254090872,5.300719497002411
PROJ_0023,IT,Low,0,97073.3065838212,False,True,0.8797318526793032,1.0,710067.31,807140.6165838212,807140.6165838211,-97073.30658382108,13.671000652574905
PROJ_0024,Marketing,High,2,134253.15116836457,True,True,0.9025177671598398,0.9999999999999996,1242953.21,1377206.3611683643,1377206.3611683643,-134253.15116836433,10.801142801535091
PROJ_0025,R&D,Critical,0,141104.01540512394,False,True,0.8812911394622701,1.0000000000000002,1047552.12,1188656.135405124,1188656.1354051237,-141104.0154051237,13.469880181725344
PROJ_0026,R&D,Critical,2,299261.22909785155,True,True,0.9056019346385404,1.0000000000000002,2870943.88,3170205.1090978514,3170205.109097852,-299261.229097852,10.423792369562168
PROJ_0027,IT,Medium,2,11803.181195246989,True,True,0.9902148280397854,0.9999999999999998,1194428.17,1206231.351195247,1206231.3511952474,-11803.181195247453,0.9881867735292491
PROJ_0028,R&D,Critical,1,200668.31034801717,True,True,0.8890213688344754,0.9999999999999996,1607502.4,1808170.710348017,1808170.7103480173,-200668.31034801737,12.483235505465956
PROJ_0029,IT,Medium,0,111022.3672436634,False,True,0.8894683454691796,1.0000000000000002,893417.2,1004439.5672436634,1004439.5672436632,-111022.36724366329,12.426710303278615
PROJ_0030,R&D,Low,1,113044.27607975667,True,True,0.9066147895711556,1.0000000000000002,1097471.56,1210515.8360797567,1210515.8360797567,-113044.27607975667,10.300428749129194
PROJ_0031,Construction,Low,0,-65470.43134573917,False,False,1.0501228694394913,1.0,1371669.22,1306198.7886542608,1306198.7886542608,65470.43134573917,-4.77304807829246
PROJ_0032,IT,Critical,2,101096.76194710669,True,True,0.909299746611168,1.0,1013528.15,1114624.9119471067,1114624.9119471072,-101096.76194710715,9.974736463620388
PROJ_0033,IT,Critical,0,94866.49745879986,False,True,0.9054453360183564,1.0000000000000002,908431.42,1003297.9174588,1003297.9174587997,-94866.49745879963,10.442890389986689
PROJ_0034,Construction,Low,0,109330.61226738966,False,True,0.9414933847734518,1.0,1759357.43,1868688.0422673896,1868688.0422673898,-109330.6122673899,6.2142354022621715
PROJ_0035,Marketing,Medium,1,29642.8744173515,True,True,0.9280777724661392,1.0000000000000002,382508.91,412151.7844173515,412151.7844173515,-29642.8744173515,7.749590569629215
PROJ_0036,Marketing,High,1,3805.518727464252,True,True,0.9939834757459136,1.0,628705.64,632511.1587274643,632511.158727464,-3805.5187274640193,0.6052941925992614
PROJ_0037,R&D,High,-2,121253.52184114464,False,True,0.954346573825284,0.9999999999999998,2534703.15,2655956.671841145,2655956.671841144,-121253.52184114419,4.783736582374319
PROJ_0038,Marketing,Medium,0,-36612.46024027502,False,False,1.0388431966793712,1.0000000000000004,979183.19,942570.7297597248,942570.7297597246,36612.460240275366,-3.7390817789953448
PROJ_0039,R&D,High,2,-157820.1433784638,True,False,1.0764085957493714,0.9999999999999992,2223296.44,2065476.296621536,2065476.2966215361,157820.1433784638,-7.098475063382183
PROJ_0040,R&D,Medium,2,94918.09000464948,True,True,0.9463535578285804,0.9999999999999996,1674408.75,1769326.8400046497,1769326.84000465,-94918.09000464994,5.668752627137785
PROJ_0041,Manufacturing,Medium,4,1406.9654767463217,True,True,0.9985801227924502,1.0,989499.48,990906.4454767464,990906.4454767465,-1406.9654767465545,0.14218961254497622
PROJ_0042,IT,Medium,2,68299.813777311,True,True,0.9112418940209676,1.0000000000000002,701205.27,769505.083777311,769505.0837773108,-68299.81377731077,9.740345188408348
PROJ_0043,Construction,Critical,1,232207.7169599393,True,True,0.8902749516291356,1.0,1884061.27,2116268.98695994,2116268.9869599394,-232207.71695993934,12.324849550139064
PROJ_0044,Healthcare,High,1,36350.25911803497,True,True,0.9653339165949048,1.0000000000000004,1012232.55,1048582.809118035,1048582.809118035,-36350.25911803497,3.591097630483723
PROJ_0045,R&D,Critical,2,157527.58629923454,True,True,0.9314227568311204,1.0000000000000002,2139554.93,2297082.5162992347,2297082.5162992347,-157527.58629923454,7.362633419242689
PROJ_0046,IT,Medium,2,-17491.078978989623,True,False,1.0270542456155676,1.0000000000000002,664009.9,646518.8210210104,646518.8210210104,17491.078978989623,-2.6341593670500427
PROJ_0047,Manufacturing,Medium,0,4997.384786587907,False,True,0.994556670171065,0.9999999999999996,913077.57,918074.954786588,918074.954786588,-4997.384786588023,0.5473121836283881
PROJ_0048,IT,Medium,1,220327.39247602175,True,True,0.8831826424674843,0.9999999999999996,1665756.98,1886084.3724760215,1886084.3724760218,-220327.39247602178,13.226862929070348
PROJ_0049,Construction,Medium,1,63539.8093774512,True,True,0.9403426626572972,1.0000000000000002,1001539.73,1065079.5393774512,1065079.5393774512,-63539.809377451194,6.344212563334977
PROJ_0050,Healthcare,High,3,-29726.79676977592,True,False,1.0193297365619451,1.0000000000000004,1567605.84,1537879.0432302242,1537879.0432302237,29726.79676977638,-1.8963183225814202
PROJ_0051,Marketing,Low,1,39033.93926016893,True,True,0.9088788189879542,1.0,389340.0,428373.9392601689,428373.939260169,-39033.93926016899,10.025668890987053
PROJ_0052,Marketing,Medium,0,6516.542182830395,False,True,0.9913373427040686,1.0,745740.18,752256.7221828304,752256.7221828306,-6516.542182830512,0.8738354667748373
PROJ_0053,IT,Medium,0,17568.16512031888,False,True,0.9794526584714212,1.0,837440.99,855009.1551203189,855009.1551203189,-17568.16512031888,2.0978391707717674
PROJ_0054,R&D,High,1,78654.76629539044,True,True,0.9441779323223398,1.0000000000000004,1330371.62,1409026.3862953903,1409026.3862953903,-78654.7662953902,5.912240242721819
PROJ_0055,IT,High,2,55770.79205748835,True,True,0.957326772132936,1.0,1251156.17,1306926.9620574885,1306926.9620574887,-55770.79205748881,4.4575404249885775
PROJ_0056,Construction,Medium,1,41280.62141507282,True,True,0.965544032780958,1.0,1156788.24,1198068.8614150728,1198068.8614150726,-41280.62141507259,3.568554726582679
PROJ_0057,Marketing,Critical,3,156903.1355974041,True,True,0.8948069551040789,1.0,1334670.15,1491573.285597404,1491573.2855974042,-156903.13559740433,11.755948508880964
PROJ_0058,R&D,High,3,359956.1342923928,True,True,0.8312535113482896,1.0,1773161.64,2133117.7742923927,2133117.7742923927,-359956.13429239276,20.30024371000902
PROJ_0059,IT,Medium,1,-11498.779740250204,True,False,1.010227672345311,1.0,1135779.98,1124281.2002597498,1124281.2002597502,11498.779740249738,-1.0124126100769744
PROJ_0060,IT,High,0,32994.59752405668,False,True,0.9676329404487832,0.9999999999999998,986393.57,1019388.1675240566,1019388.1675240569,-32994.59752405691,3.344972891911381
PROJ_0061,IT,High,3,153152.21591052483,True,True,0.8788758838653484,1.0,1111271.59,1264423.805910525,1264423.8059105247,-153152.2159105246,13.78170892594533
PROJ_0062,IT,High,0,119525.37680000544,False,True,0.8956640625314616,1.0,1026056.67,1145582.0468000057,1145582.0468000057,-119525.37680000567,11.649003441496625
PROJ_0063,IT,Medium,1,26468.80255768693,True,True,0.9589382785042028,1.0,618141.35,644610.1525576869,644610.1525576871,-26468.80255768716,4.281998374269438
PROJ_0064,Healthcare,High,1,-33433.202153727296,True,False,1.0770160884619295,1.0000000000000002,467539.93,434106.7278462727,434106.7278462727,33433.202153727296,-7.150876322740454
PROJ_0065,IT,Medium,1,-48546.61887165869,True,False,1.051616637018349,1.0,989069.32,940522.7011283413,940522.7011283411,48546.61887165881,-4.90831308685814
PROJ_0066,Marketing,Medium,1,54622.39131731156,True,True,0.9131787280809076,0.9999999999999998,574513.65,629136.0413173116,629136.0413173117,-54622.391317311674,9.507588082078062
PROJ_0067,Marketing,Low,0,18611.98143718933,False,True,0.9567313798635184,1.0,411537.66,430149.6414371893,430149.6414371895,-18611.981437189505,4.522546353883993
PROJ_0068,Manufacturing,Medium,1,40859.36350092734,True,True,0.904062127842997,0.9999999999999996,385034.63,425893.99350092735,425893.99350092746,-40859.36350092746,10.611867171772953
PROJ_0069,IT,Medium,0,97912.09955249168,False,True,0.9200704746082906,1.0000000000000002,1127068.27,1224980.3695524917,1224980.3695524915,-97912.09955249145,8.687326416570262
PROJ_0070,Marketing,Low,1,101365.95135105844,True,True,0.9265171627722696,0.9999999999999998,1278084.75,1379450.7013510584,1379450.7013510584,-101365.95135105844,7.931082140762452
PROJ_0071,Manufacturing,Medium,1,-2092.95241791429,True,False,1.002308943769021,1.0000000000000002,908547.43,906454.4775820858,906454.4775820858,2092.95241791429,-0.23036248288262617
PROJ_0072,Construction,Low,1,-22593.802812022623,True,False,1.0123984175010463,1.0000000000000004,1844907.24,1822313.4371879771,1822313.4371879767,22593.80281202332,-1.2246579297950677
PROJ_0073,Construction,Low,2,51523.70688625658,True,True,0.9774991129967848,1.0000000000000009,2238328.55,2289852.2568862564,2289852.2568862545,-51523.70688625472,2.301883112121977
PROJ_0074,R&D,Medium,-3,257501.4601247781,False,True,0.8872888232997489,0.9999999999999998,2027111.9,2284613.360124778,2284613.360124778,-257501.4601247781,12.70287348837418
PROJ_0075,Construction,Medium,4,115703.60107782646,True,True,0.9352393388544012,1.0,1670930.43,1786634.0310778264,1786634.0310778262,-115703.60107782623,6.92450140355791
PROJ_0076,Healthcare,High,-1,1223.4290511286815,False,True,0.9978487744896636,1.0000000000000002,567489.17,568712.5990511287,568712.5990511286,-1223.4290511285653,0.21558632583747198
PROJ_0077,IT,High,1,10347.252063060065,True,True,0.980824044828761,1.0,529247.88,539595.1320630601,539595.1320630601,-10347.252063060063,1.9550861617168995
PROJ_0078,IT,Medium,2,34292.02939033252,True,True,0.9692416346309146,0.9999999999999998,1080592.62,1114884.6493903326,1114884.6493903326,-34292.02939033252,3.173446565860548
PROJ_0079,Manufacturing,Medium,1,67913.52312286792,True,True,0.8759492169351646,0.9999999999999996,479551.97,547465.4931228679,547465.493122868,-67913.52312286803,14.161869280376022
PROJ_0080,Marketing,High,1,-4043.406337171444,True,False,1.0081799932074431,1.0,498347.77,494304.3636628286,494304.3636628286,4043.4063371714437,-0.8113623819710166
PROJ_0081,R&D,High,3,104408.54251420684,True,True,0.9519909375900276,1.0000000000000004,2070358.83,2174767.372514207,2174767.3725142065,-104408.54251420638,5.043016746725319
PROJ_0082,Construction,High,-2,40611.32624561782,False,True,0.9750542119570428,1.0,1587371.97,1627983.2962456178,1627983.296245618,-40611.32624561805,2.558400111198767
PROJ_0083,IT,Critical,1,-10648.976046145894,True,False,1.0144598304745345,1.0000000000000002,747101.32,736452.343953854,736452.3439538537,10648.976046146243,-1.425372404126691
PROJ_0084,IT,Medium,2,163399.38603534992,True,True,0.8740219673093267,1.0000000000000004,1133647.27,1297046.65603535,1297046.65603535,-163399.38603534992,14.413600275802713
PROJ_0085,R&D,High,1,178365.8740438451,True,True,0.9254776815878802,1.0,2215089.91,2393455.7840438453,2393455.7840438453,-178365.8740438451,8.052308542358224
PROJ_0086,Construction,High,4,173463.97359337518,True,True,0.9347482205101136,1.0000000000000009,2484915.23,2658379.203593375,2658379.2035933747,-173463.9735933747,6.980679722960799
PROJ_0087,Construction,Medium,1,170657.98094770103,True,True,0.8995684860915231,1.0,1528589.34,1699247.320947701,1699247.3209477013,-170657.98094770126,11.164409987819308
PROJ_0088,Construction,Low,1,160712.94929786283,True,True,0.9230095958377748,1.0000000000000002,1926728.35,2087441.299297863,2087441.2992978632,-160712.94929786306,8.341235509295487
PROJ_0089,IT,Medium,1,55086.436074867495,True,True,0.9306240299963652,0.9999999999999996,738941.18,794027.6160748675,794027.6160748678,-55086.43607486773,7.454779563762805
PROJ_0090,Manufacturing,Critical,-1,-1929.177084844676,False,False,1.0030515345262316,1.0000000000000002,634128.18,632199.0029151554,632199.0029151553,1929.1770848447923,-0.3042250992291167
PROJ_0091,R&D,Critical,0,52597.28695327067,False,True,0.967844486048302,1.0,1583118.66,1635715.9469532706,1635715.9469532708,-52597.2869532709,3.3223843722030857
PROJ_0092,Manufacturing,High,1,8381.280592134455,True,True,0.9834549529292538,1.0,498192.11,506573.3905921344,506573.3905921344,-8381.280592134397,1.6823390864488796
PROJ_0093,R&D,Medium,4,372894.93480566377,True,True,0.8648570541836991,0.9999999999999996,2386368.1,2759263.034805664,2759263.034805664,-372894.93480566377,15.62604423037937
PROJ_0094,IT,Medium,2,34335.59377044148,True,True,0.9613610766568628,1.0,854291.49,888627.0837704415,888627.0837704417,-34335.593770441716,4.019189488875948
PROJ_0095,Marketing,Medium,0,-2628.808743118483,False,False,1.0066019914120166,1.0,400813.02,398184.2112568816,398184.2112568815,2628.8087431185413,-0.6558690990423767
PROJ_0096,Marketing,Medium,0,16198.805929259164,False,True,0.94312281843416,1.0000000000000004,268604.44,284803.2459292592,284803.24592925905,-16198.805929259048,6.030729026392508
PROJ_0097,R&D,High,0,105625.3205016274,False,True,0.9389452706135658,1.0,1624385.14,1730010.4605016273,1730010.460501627,-105625.32050162717,6.502480101586448
PROJ_0098,Manufacturing,High,-2,35942.62243706506,False,True,0.933875038393623,1.0,507613.42,543556.042437065,543556.0424370652,-35942.622437065176,7.080707684415668
PROJ_0099,Marketing,High,-1,32365.80979149416,False,True,0.9475343303515562,1.0000000000000002,584529.2,616895.0097914941,616895.009791494,-32365.809791494044,5.537073219181188
PROJ_0100,Manufacturing,Low,2,74237.1888169956,True,True,0.9464118746828664,1.0000000000000004,1311091.9,1385329.0888169955,1385329.0888169957,-74237.18881699583,5.662241435325459
PROJ_0101,R&D,Critical,3,354960.6815685178,True,True,0.860449761053254,1.0,2188644.29,2543604.971568518,2543604.971568518,-354960.6815685178,16.21829016210386
PROJ_0102,IT,Medium,1,46700.90750307648,True,True,0.9530157245764148,1.0,947267.97,993968.8775030765,993968.8775030763,-46700.90750307636,4.930062979230298
PROJ_0103,IT,Critical,0,119178.65325601876,False,True,0.8769855956374814,1.0000000000000002,849640.03,968818.6832560188,968818.6832560188,-119178.65325601876,14.02695836447569
PROJ_0104,Construction,High,2,59881.86234079162,True,True,0.9637428017011136,1.0,1591703.62,1651585.4823407915,1651585.4823407922,-59881.86234079208,3.7621239022370307
PROJ_0105,IT,Critical,3,10937.881859369576,True,True,0.989776415378318,1.0,1058929.71,1069867.5918593695,1069867.5918593693,-10937.881859369343,1.0329185928090867
PROJ_0106,Construction,High,1,81604.39441822004,True,True,0.9666685299135744,1.0000000000000002,2366664.29,2448268.68441822,2448268.684418218,-81604.39441821817,3.4480764662324868
PROJ_0107,Healthcare,Medium,-1,77908.22965781036,False,True,0.8684202446803431,0.9999999999999998,514190.68,592098.9096578103,592098.9096578103,-77908.22965781036,15.151622284910019
PROJ_0108,Marketing,High,0,38652.25710450625,False,True,0.9507438596859166,1.0,746067.31,784719.5671045063,784719.5671045064,-38652.25710450637,5.180800255744534
PROJ_0109,Manufacturing,High,-1,36123.32863971114,False,True,0.9457532953360538,1.0000000000000002,629784.93,665908.2586397112,665908.2586397112,-36123.32863971114,5.7358197884651085
PROJ_0110,Construction,Medium,-1,126188.41583965742,False,True,0.9082865602938645,1.0000000000000002,1249710.43,1375898.8458396574,1375898.845839657,-126188.41583965695,10.09741239333795
PROJ_0111,IT,Medium,2,64762.45522222342,True,True,0.9511900740839452,0.9999999999999994,1262067.16,1326829.615222223,1326829.6152222243,-64762.45522222435,5.131458711137397
PROJ_0112,Healthcare,Medium,0,-58515.7535121761,False,False,1.0912182171704352,0.9999999999999996,700007.72,641491.9664878239,641491.9664878241,58515.75351217587,-8.359301167732246
PROJ_0113,IT,Medium,1,21615.67921209708,True,True,0.9709925007134872,1.0000000000000004,723559.87,745175.5492120971,745175.5492120967,-21615.67921209673,2.9874071391074697
PROJ_0114,Manufacturing,Medium,0,28658.442239858094,False,True,0.963692963154734,1.0,760677.31,789335.7522398581,789335.7522398584,-28658.442239858327,3.7674900858891567
PROJ_0115,Construction,Medium,0,95325.82082095464,False,True,0.9541101232392508,1.0000000000000002,1981947.59,2077273.4108209547,2077273.4108209547,-95325.82082095463,4.809704419124151
PROJ_0116,IT,Low,1,84971.77458499349,True,True,0.938590556809966,0.9999999999999998,1298720.54,1383692.3145849935,1383692.314584994,-84971.77458499395,6.5427297072697375
PROJ_0117,Healthcare,High,1,35815.31146384927,True,True,0.954670851419438,1.0,754301.26,790116.5714638493,790116.571463849,-35815.31146384904,4.7481441915991285
PROJ_0118,Construction,Medium,2,90691.32854361972,True,True,0.95684868431003,0.9999999999999998,2011013.5,2101704.82854362,2101704.82854362,-90691.32854362018,4.509732457968093
PROJ_0119,IT,Critical,3,40987.94199499267,True,True,0.9303697846429564,0.9999999999999992,547663.72,588651.6619949926,588651.661994993,-40987.941994993016,7.484144101236616
PROJ_0120,R&D,Critical,1,-49646.64460792695,True,False,1.0438029408959557,1.0000000000000004,1183055.58,1133408.9353920731,1133408.9353920731,49646.64460792695,-4.196476095225124
PROJ_0121,Construction,High,0,-3483.553678174037,False,False,1.0021950654267169,1.0000000000000002,1590476.65,1586993.096321826,1586993.0963218254,3483.553678174503,-0.2190257667834673
PROJ_0122,Healthcare,Low,1,20762.407298207283,True,True,0.9610161355454994,1.0,511827.36,532589.7672982073,532589.7672982074,-20762.4072982074,4.056525485118146
PROJ_0123,Healthcare,High,1,45456.45159055525,True,True,0.925649033569226,1.0,565920.29,611376.7415905553,611376.7415905554,-45456.45159055537,8.032306385507995
PROJ_0124,IT,High,1,126906.82200826786,True,True,0.8485514965564341,1.0000000000000002,711046.8,837953.6220082679,837953.6220082677,-126906.82200826763,17.847885963099422
PROJ_0125,Marketing,Medium,0,67570.24535805092,False,True,0.8913780043553634,1.0,554497.55,622067.795358051,622067.795358051,-67570.24535805092,12.185851020992052
PROJ_0126,IT,Medium,2,71264.5582319441,True,True,0.9271243564674274,1.0000000000000004,906628.12,977892.678231944,977892.6782319439,-71264.55823194387,7.860395752113211
PROJ_0127,Construction,Medium,0,49500.2032687288,False,True,0.952635583016304,0.9999999999999998,995592.43,1045092.6332687289,1045092.633268729,-49500.20326872892,4.971934476111768
PROJ_0128,R&D,Critical,0,303185.71311039035,False,True,0.8651670900890794,1.0,1945417.49,2248603.2031103903,2248603.203110391,-303185.7131103908,15.584609199251664
PROJ_0129,Marketing,Medium,2,43248.27800227189,True,True,0.9331181965957874,1.0000000000000004,603389.16,646637.4380022719,646637.4380022717,-43248.27800227166,7.167559656237719
PROJ_0130,Marketing,Medium,1,36077.12655526167,True,True,0.9622373471217238,1.0000000000000002,919288.13,955365.2565552616,955365.2565552617,-36077.12655526167,3.924463438384837
PROJ_0131,IT,High,1,49464.78945806448,True,True,0.9183163908510013,1.0,556100.88,605565.6694580645,605565.6694580643,-49464.789458064246,8.894930980519982
PROJ_0132,R&D,Critical,0,-927.1946319448762,False,False,1.0006600311993268,1.0,1405701.14,1404773.945368055,1404773.9453680557,927.1946319441777,-0.06595958454897304
PROJ_0133,Manufacturing,Medium,0,66048.94255410228,False,True,0.90754678194734,1.0,648354.99,714403.9325541023,714403.9325541023,-66048.94255410228,10.18715727846905
PROJ_0134,Construction,Medium,1,182187.53040979407,True,True,0.9093263837090722,1.0,1827079.75,2009267.280409794,2009267.2804097938,-182187.53040979384,9.971514949459312
PROJ_0135,Construction,Low,1,-7317.796636080835,True,False,1.0057157949776034,0.9999999999999996,1287594.06,1280276.2633639192,1280276.2633639197,7317.796636080369,-0.5683310340900741
PROJ_0136,Construction,Low,5,113547.76759187598,True,True,0.9629521127536388,1.0000000000000002,2951344.08,3064891.847591876,3064891.8475918756,-113547.76759187551,3.8473239484796196
PROJ_0137,R&D,High,3,125196.08400733676,True,True,0.9224134112338488,1.0,1488434.39,1613630.474007337,1613630.474007337,-125196.08400733699,8.41125983439129
PROJ_0138,Healthcare,Critical,1,4467.2781868577,True,True,0.9941015469244316,1.0,752897.09,757364.3681868577,757364.3681868577,-4467.2781868577,0.5933451259398148
PROJ_0139,IT,High,1,-2271.310879912926,True,False,1.0027631204617236,1.0,824280.67,822009.3591200871,822009.3591200871,2271.310879912926,-0.27555066648753584
PROJ_0140,Construction,High,2,37774.13146335608,True,True,0.9772813280217976,1.0000000000000009,1624916.87,1662691.0014633562,1662691.001463355,-37774.13146335492,2.3246808597263757
PROJ_0141,IT,Low,0,-5641.503701027366,False,False,1.009945116422807,1.0000000000000002,572905.22,567263.7162989726,567263.7162989725,5641.503701027483,-0.9847185021332993
PROJ_0142,IT,High,0,30302.718672738178,False,True,0.9582220457758046,0.9999999999999998,695025.25,725327.9686727382,725327.9686727383,-30302.718672738294,4.359945005269707
PROJ_0143,Manufacturing,Low,3,115006.08628452824,True,True,0.8609275645320015,1.0,711944.89,826950.9762845283,826950.9762845285,-115006.08628452849,16.15379053911441
PROJ_0144,Manufacturing,High,0,35339.798899844754,False,True,0.9115784986681226,1.0,364334.47,399674.2688998447,399674.2688998447,-35339.798899844754,9.699823049914755
PROJ_0145,IT,Medium,2,60286.93004228338,True,True,0.8943396317682459,1.0000000000000004,510285.85,570572.7800422834,570572.7800422832,-60286.93004228326,11.81434485049571
PROJ_0146,Construction,High,0,114412.51885788096,False,True,0.9082931880358718,0.9999999999999996,1133177.67,1247590.188857881,1247590.188857881,-114412.51885788096,10.096609021415059
PROJ_0147,IT,Low,2,74348.87820983422,True,True,0.9430015252348314,1.0,1230052.31,1304401.1882098345,1304401.1882098343,-74348.87820983422,6.044367187102329
PROJ_0148,Construction,High,0,165888.45193322212,False,True,0.8965521907560517,0.9999999999999996,1437707.15,1603595.601933222,1603595.6019332223,-165888.45193322236,11.53840348733206
PROJ_0149,Construction,High,1,234214.32849752763,True,True,0.9142236935341308,1.0000000000000002,2496310.43,2730524.758497528,2730524.758497528,-234214.32849752763,9.382419978012415
PROJ_0150,Marketing,Medium,2,43708.17232344148,True,True,0.949144182498362,1.0,815744.58,859452.7523234414,859452.7523234414,-43708.17232344148,5.358070822050879
PROJ_0151,IT,Low,3,2941.873474171036,True,True,0.9954650400540116,1.0,645768.04,648709.9134741711,648709.913474171,-2941.8734741709195,0.4555619497940653
PROJ_0152,Healthcare,Medium,1,28676.555838519824,True,True,0.9449146630501724,1.0,491907.64,520584.19583851984,520584.19583851995,-28676.55583851994,5.829662624983816
PROJ_0153,Healthcare,High,0,4958.708999362134,False,True,0.9838998265128936,1.0,303032.32,307991.02899936214,307991.02899936214,-4958.708999362134,1.636363078156856
PROJ_0154,Marketing,Critical,0,73155.99742823222,False,True,0.9314060546838984,1.0,993352.09,1066508.0874282322,1066508.0874282322,-73155.99742823222,7.364558666024674
PROJ_0155,Construction,High,0,254133.83821623077,False,True,0.9168103474709152,1.0000000000000002,2800739.34,3054873.1782162306,3054873.178216229,-254133.83821622934,9.073812567514025
PROJ_0156,R&D,Low,6,6986.258541528601,True,True,0.9943881663759914,1.0000000000000002,1237929.22,1244915.4785415286,1244915.478541528,-6986.2585415281355,0.5643504029679609
PROJ_0157,R&D,High,4,241738.1452105078,True,True,0.9008356806748662,0.9999999999999998,2196015.14,2437753.285210508,2437753.285210509,-241738.14521050872,11.00803636583802
PROJ_0158,Construction,High,5,207015.59316000948,True,True,0.9021312090401832,1.0,1908220.44,2115236.0331600094,2115236.033160009,-207015.593160009,10.848620464416
PROJ_0159,IT,Low,3,22879.105887307556,True,True,0.9627871211988313,1.0000000000000002,591937.77,614816.8758873076,614816.8758873076,-22879.105887307553,3.8651201269531343
PROJ_0160,Construction,Medium,3,37628.4243239651,True,True,0.9782349153636768,1.0,1691215.04,1728843.4643239651,1728843.4643239654,-37628.42432396533,2.2249343480274
PROJ_0161,IT,High,1,-852.0221488346579,True,False,1.0010281656745554,1.0000000000000002,829533.79,828681.7678511654,828681.7678511655,852.0221488345414,-0.10271096356840886
PROJ_0162,R&D,Critical,1,102167.06303594843,True,True,0.9334246156506134,1.0000000000000004,1432440.12,1534607.1830359483,1534607.1830359478,-102167.06303594774,7.132379330170376
PROJ_0163,IT,Medium,1,3863.220961258863,True,True,0.9947818052072944,1.0,736473.45,740336.6709612588,740336.6709612589,-3863.2209612589795,0.524556718407022
PROJ_0164,IT,High,-1,30374.80225433607,False,True,0.9302983653335216,1.0,405408.41,435783.2122543361,435783.2122543361,-30374.80225433613,7.492395694094292
PROJ_0165,IT,High,2,123980.76454777806,True,True,0.9032966791100308,1.0,1158092.73,1282073.494547778,1282073.494547778,-123980.76454777806,10.705599071309088
PROJ_0166,Construction,High,-1,98534.5996910627,False,True,0.9531382717536812,1.0000000000000009,2004132.19,2102666.789691062,2102666.789691062,-98534.59969106223,4.9165718799747555
PROJ_0167,Healthcare,Medium,4,138045.2082849911,True,True,0.8985440887728149,0.9999999999999998,1222597.13,1360642.338284991,1360642.3382849917,-138045.2082849918,11.29114447414021
PROJ_0168,Construction,Critical,-1,-32990.85172240506,False,False,1.019391086670015,1.0000000000000004,1734331.9,1701341.0482775948,1701341.0482775946,32990.85172240529,-1.9022225055311093
PROJ_0169,IT,Low,2,68052.06792978127,True,True,0.9400748448572644,1.0,1067565.65,1135617.7179297812,1135617.7179297814,-68052.06792978151,6.37450895219245
PROJ_0170,Manufacturing,Medium,0,-9544.71237458021,False,False,1.0212412355009606,0.9999999999999998,458892.98,449348.2676254198,449348.2676254198,9544.71237458021,-2.0799429911915865
PROJ_0171,Healthcare,Low,0,-36572.51537951105,False,False,1.0325541486412906,1.0,1160008.91,1123436.3946204889,1123436.3946204889,36572.51537951105,-3.152778833354914
PROJ_0172,R&D,Medium,1,44437.730338196736,True,True,0.9754123008195706,0.9999999999999998,1762877.79,1807315.5203381968,1807315.5203381968,-44437.730338196736,2.5207493446381632
PROJ_0173,IT,Medium,5,99587.8971331399,True,True,0.9367029490676076,1.0000000000000002,1473753.92,1573341.8171331398,1573341.817133139,-99587.89713313896,6.757430516835468
PROJ_0174,R&D,Critical,2,248539.21707260748,True,True,0.8701421543208808,1.0000000000000002,1665393.79,1913933.0070726075,1913933.0070726073,-248539.21707260725,14.923750680768855
PROJ_0175,Marketing,Medium,0,56197.47828644281,False,True,0.9214139434684931,1.0000000000000002,658910.02,715107.4982864428,715107.4982864428,-56197.47828644281,8.528854711671073
PROJ_0176,IT,Medium,1,16771.798622865346,True,True,0.9733249318377972,0.9999999999999998,611972.56,628744.3586228654,628744.3586228654,-16771.798622865346,2.7406128508221586
PROJ_0177,Construction,Medium,2,114077.97895964047,True,True,0.917583169273722,1.0000000000000004,1270080.79,1384158.7689596403,1384158.76895964,-114077.97895964002,8.981946649208043
PROJ_0178,R&D,Low,-2,36896.39775011176,False,True,0.9790596927243808,1.0000000000000002,1725083.37,1761979.767750112,1761979.7677501116,-36896.39775011153,2.1388182386867207
PROJ_0179,IT,Low,1,-10400.52061733033,True,False,1.0136066588829094,1.0,774770.43,764369.9093826697,764369.9093826697,10400.52061733033,-1.342400305253045
PROJ_0180,Construction,Medium,0,56768.03097795625,False,True,0.9661530656269002,1.0000000000000002,1620430.57,1677198.6009779563,1677198.6009779559,-56768.03097795579,3.5032683305867147
PROJ_0181,IT,Critical,3,131060.40091651282,True,True,0.8966790310712638,1.0,1137417.84,1268478.240916513,1268478.2409165131,-131060.40091651306,11.522625749963009
PROJ_0182,IT,Medium,0,80584.30695817992,False,True,0.9360528233909604,1.0,1179585.59,1260169.89695818,1260169.89695818,-80584.30695817992,6.831577771154353
PROJ_0183,IT,Medium,2,106574.6573144932,True,True,0.8837002921892181,1.0000000000000002,809804.75,916379.4073144932,916379.4073144931,-106574.65731449309,13.160537439980821
PROJ_0184,IT,Medium,1,55788.96943300672,True,True,0.9328173082199184,1.0,774617.91,830406.8794330067,830406.8794330072,-55788.96943300718,7.202127489281415
PROJ_0185,Healthcare,Low,1,31103.644492019783,True,True,0.9602708557291668,0.9999999999999996,751788.74,782892.3844920198,782892.38449202,-31103.644492020016,4.137285228829048
PROJ_0186,Manufacturing,Critical,1,87139.44390978245,True,True,0.9079315660386827,1.0000000000000002,859324.4,946463.8439097824,946463.8439097822,-87139.44390978222,10.140459634310654
PROJ_0187,Manufacturing,Low,0,-19185.93811012432,False,False,1.0208608793519665,1.0000000000000002,938894.92,919708.9818898756,919708.9818898755,19185.938110124553,-2.0434595716126096
PROJ_0188,Construction,Critical,-2,36405.84619387891,False,True,0.979757824656916,1.0000000000000004,1762108.67,1798514.5161938788,1798514.5161938784,-36405.846193878446,2.066038650946451
PROJ_0189,Healthcare,Medium,1,123450.01373108104,True,True,0.8320898465378962,0.9999999999999996,611764.69,735214.703731081,735214.703731081,-123450.01373108104,20.179329691467
PROJ_0190,Manufacturing,Low,0,74493.43618556205,False,True,0.9391408161178258,1.0,1149536.06,1224029.496185562,1224029.496185562,-74493.43618556205,6.480304426949603
PROJ_0191,IT,Critical,-2,43739.84501336189,False,True,0.9696754664666188,1.0000000000000002,1398651.51,1442391.355013362,1442391.355013362,-43739.84501336189,3.127286868861414
PROJ_0192,Marketing,Low,2,139374.7415615858,True,True,0.8979027090513195,0.9999999999999996,1225742.2,1365116.9415615858,1365116.941561586,-139374.74156158604,11.370640707449416
PROJ_0193,IT,Low,1,10029.869480459602,True,True,0.9691477646695952,1.0000000000000004,315063.9,325093.7694804596,325093.7694804595,-10029.869480459485,3.1834397658568574
PROJ_0194,Construction,High,0,74779.72336451896,False,True,0.9424901929604012,0.9999999999999998,1225515.43,1300295.153364519,1300295.1533645191,-74779.72336451919,6.1018997830585615
PROJ_0195,Construction,Medium,2,158516.6676587509,True,True,0.9164075254159594,0.9999999999999994,1737786.42,1896303.0876587508,1896303.087658752,-158516.66765875206,9.1217577623119
PROJ_0196,Manufacturing,Medium,3,34278.79289301869,True,True,0.940712739054293,1.0000000000000002,543902.63,578181.4228930187,578181.4228930186,-34278.79289301857,6.302376749496243
PROJ_0197,Construction,High,-1,3621.101206917083,False,True,0.9970008841195406,1.0000000000000002,1203768.46,1207389.561206917,1207389.5612069166,-3621.1012069166172,0.3008137633807599
PROJ_0198,Construction,Medium,3,143410.97796081495,True,True,0.9109886738888604,1.0000000000000002,1467743.29,1611154.267960815,1611154.2679608145,-143410.9779608145,9.770848821990832
PROJ_0199,IT,Medium,3,112016.8734686661,True,True,0.9312078023178304,1.0,1516320.02,1628336.893468666,1628336.8934686664,-112016.87346866634,7.387416375908981
PROJ_0200,IT,High,-1,84515.295990407,False,True,0.9203705741498543,1.0,976842.3,1061357.595990407,1061357.595990407,-84515.295990407,8.651887412165403
PROJ_0201,R&D,High,2,48979.52809449332,True,True,0.9752298855444352,1.0,1928384.29,1977363.8180944931,1977363.8180944931,-48979.528094493086,2.5399256957488014
PROJ_0202,Healthcare,Medium,0,114405.2193642296,False,True,0.9217698029160342,1.0000000000000002,1348012.41,1462417.6293642295,1462417.6293642297,-114405.21936422982,8.486955944584356
PROJ_0203,Construction,High,2,92555.64365502563,True,True,0.928389001183118,0.9999999999999998,1199922.4,1292478.0436550255,1292478.043655026,-92555.6436550261,7.713469108921219
PROJ_0204,Construction,Critical,-2,74508.5455571604,False,True,0.9425827344829752,1.0000000000000004,1223159.41,1297667.9555571603,1297667.95555716,-74508.54555716016,6.091482839277685
PROJ_0205,IT,Medium,0,14142.228416870232,False,True,0.9802549198506372,1.0,702098.39,716240.6184168702,716240.6184168704,-14142.228416870348,2.014280137698414
PROJ_0206,IT,Medium,2,107689.55043222406,True,True,0.9191739372294404,0.9999999999999998,1224672.15,1332361.700432224,1332361.7004322244,-107689.55043222453,8.793337092888455
PROJ_0207,Construction,Medium,1,76114.57573692827,True,True,0.9636656965331356,1.0,2018726.07,2094840.6457369283,2094840.6457369279,-76114.5757369278,3.7704261547941367
PROJ_0208,IT,Medium,1,-7863.331409433682,True,False,1.019147018938509,1.0,418545.09,410681.7585905664,410681.7585905663,7863.33140943374,-1.878729818436943
PROJ_0209,Marketing,Critical,2,182986.7526637469,True,True,0.8798105059399566,1.0,1339498.67,1522485.4226637469,1522485.422663747,-182986.75266374717,13.660838697491739
PROJ_0210,IT,High,3,304890.49960184307,True,True,0.7536026733448311,1.0,932503.2,1237393.699601843,1237393.6996018433,-304890.4996018433,32.69591992840811
PROJ_0211,Construction,Low,0,98847.63733906228,False,True,0.9391584960959148,1.0000000000000004,1525826.82,1624674.4573390624,1624674.4573390621,-98847.63733906206,6.4782998990057115
PROJ_0212,IT,High,6,63785.10902054119,True,True,0.9658989578015748,1.0,1806688.78,1870473.8890205408,1870473.8890205421,-63785.10902054212,3.530497876924996
PROJ_0213,Construction,Medium,0,58604.74070477905,False,True,0.96085147495088,1.0,1438379.9,1496984.640704779,1496984.640704779,-58604.74070477905,4.0743575952903015
PROJ_0214,IT,Low,1,95988.95405053104,True,True,0.9088590434231604,1.0,957203.35,1053192.304050531,1053192.304050531,-95988.95405053103,10.028062903303779
PROJ_0215,R&D,Medium,2,62362.85643355944,True,True,0.950760335340258,1.0000000000000002,1204153.82,1266516.6764335595,1266516.6764335595,-62362.85643355944,5.178977585567884
PROJ_0216,IT,Medium,0,333.857525072759,False,True,0.9994398606220442,1.0000000000000002,595691.95,596025.8075250727,596025.8075250727,-333.857525072759,0.05604533099242973
PROJ_0217,R&D,Low,0,61838.67994052149,False,True,0.9631955912765126,1.0,1618358.94,1680197.6199405214,1680197.6199405217,-61838.67994052172,3.8210732126286966
PROJ_0218,IT,High,1,226607.31902693352,True,True,0.8411047872848181,0.9999999999999996,1199535.83,1426143.1490269336,1426143.149026934,-226607.31902693398,18.89125054538254
PROJ_0219,Construction,Low,1,112857.91900170968,True,True,0.9476104018665852,1.0000000000000002,2041346.79,2154204.7090017097,2154204.7090017092,-112857.9190017092,5.5286009978593205
PROJ_0220,Manufacturing,Critical,2,22009.439534182195,True,True,0.9747697760288488,1.0000000000000004,850334.76,872344.1995341822,872344.199534182,-22009.43953418196,2.588326453240834
PROJ_0221,IT,Low,1,-24228.47034883348,True,False,1.0631209514969198,1.0,408070.44,383841.9696511665,383841.9696511666,24228.47034883342,-5.937325513907211
PROJ_0222,Healthcare,Medium,1,-1413.971676588175,True,False,1.0014879923182312,1.0000000000000004,951668.66,950254.688323412,950254.6883234116,1413.9716765884077,-0.14857814867922703
PROJ_0223,Healthcare,Medium,1,5375.482381872775,True,True,0.9811645608304018,1.0,280016.45,285391.9323818728,285391.93238187284,-5375.482381872833,1.9197023538698645
PROJ_0224,R&D,Medium,3,47906.6630787747,True,True,0.9759405719536336,1.0000000000000009,1943273.8,1991180.4630787747,1991180.4630787743,-47906.66307877423,2.4652554405238334
PROJ_0225,Construction,High,0,39003.85378202982,False,True,0.9654093259010164,0.9999999999999996,1088579.08,1127582.93378203,1127582.9337820301,-39003.853782030055,3.583006002837208
PROJ_0226,Marketing,High,1,24601.53822163085,True,True,0.9718561511031576,0.9999999999999996,849533.99,874135.5282216308,874135.5282216311,-24601.538221631083,2.895886275442738
PROJ_0227,Construction,Low,-1,-48234.060570466565,False,False,1.0305715557870845,1.0,1625977.14,1577743.079429533,1577743.0794295336,48234.06057046633,-2.9664660949948125
PROJ_0228,Construction,Medium,-1,105451.76911498328,False,True,0.9562997198004692,1.0000000000000004,2307616.72,2413068.4891149835,2413068.4891149835,-105451.76911498327,4.569726341512348
PROJ_0229,R&D,High,0,54136.58864313143,False,True,0.9463829269432812,1.0000000000000002,955552.78,1009689.3686431316,1009689.3686431311,-54136.58864313108,5.665473407249266
PROJ_0230,IT,High,1,50330.79849788733,True,True,0.9315527271104076,0.9999999999999998,684991.39,735322.1884978873,735322.1884978872,-50330.79849788721,7.347654179695194
PROJ_0231,Construction,Critical,3,122146.12439798076,True,True,0.9251203659691584,1.0000000000000002,1509086.8,1631232.9243979808,1631232.9243979803,-122146.12439798028,8.094042330632027
PROJ_0232,Marketing,High,2,121724.58232675074,True,True,0.8597092940692317,1.0,745935.05,867659.6323267508,867659.6323267508,-121724.58232675074,16.31838889012532
PROJ_0233,Manufacturing,High,2,16239.543487040908,True,True,0.9770858176382808,0.9999999999999994,692471.91,708711.4534870409,708711.4534870412,-16239.54348704114,2.3451555583014394
PROJ_0234,Marketing,Medium,0,67511.55317498348,False,True,0.9015293264586692,1.0,618089.05,685600.6031749835,685600.6031749833,-67511.55317498324,10.922625659681763
PROJ_0235,R&D,Medium,0,283938.6224795806,False,True,0.8609958088789971,0.9999999999999998,1758723.69,2042662.3124795803,2042662.3124795815,-283938.6224795815,16.144583944256844
PROJ_0236,IT,Medium,2,40675.17270973639,True,True,0.9605131739503876,1.0000000000000004,989419.59,1030094.7627097364,1030094.7627097361,-40675.17270973616,4.111013479097999
PROJ_0237,Healthcare,High,1,-1587.2493135771365,True,False,1.0044905073660046,1.0,355054.95,353467.7006864229,353467.7006864229,1587.2493135771365,-0.4470432854343071
PROJ_0238,Healthcare,Low,0,57976.98662698607,False,True,0.919357277623098,0.9999999999999998,660959.39,718936.3766269861,718936.3766269858,-57976.98662698583,8.771641269365404
PROJ_0239,IT,Medium,1,83969.87676592707,True,True,0.8872021176712085,1.0000000000000002,660457.9,744427.7767659271,744427.776765927,-83969.87676592695,12.713887859608757
PROJ_0240,IT,Medium,0,23322.350960114272,False,True,0.9546464008437688,0.9999999999999996,490911.39,514233.7409601143,514233.7409601142,-23322.350960114214,4.750827019946352
PROJ_0241,Marketing,Medium,0,64198.33157316607,False,True,0.9179980234402186,1.0000000000000002,718689.28,782887.6115731661,782887.611573166,-64198.33157316595,8.93269641828607
PROJ_0242,Construction,Medium,-1,78263.66462344816,False,True,0.9261380248994832,1.0000000000000004,981329.78,1059593.4446234482,1059593.444623448,-78263.66462344793,7.97526644136367
PROJ_0243,R&D,Critical,1,82837.81909184065,True,True,0.9709972397012404,1.0,2773366.84,2856204.6590918405,2856204.659091841,-82837.81909184111,2.98690450527782
PROJ_0244,Healthcare,Low,1,82118.33875919471,True,True,0.8772492597451412,1.0000000000000002,586866.13,668984.4687591947,668984.4687591946,-82118.3387591946,13.992686672716076
PROJ_0245,Marketing,Critical,2,1268.2429498326674,True,True,0.9942774669784332,1.0,220354.41,221622.65294983267,221622.65294983264,-1268.2429498326383,0.5755468882300283
PROJ_0246,IT,High,1,85248.44621788524,True,True,0.9249785588759862,1.0000000000000002,1051072.65,1136321.0962178851,1136321.0962178847,-85248.44621788478,8.110614068198311
PROJ_0247,Construction,Medium,1,233405.68920369912,True,True,0.9018394674417654,1.0,2144389.98,2377795.669203699,2377795.669203699,-233405.68920369912,10.884479566711047
PROJ_0248,IT,Medium,-1,215912.54866808865,False,True,0.8129450876753314,1.0000000000000002,938361.06,1154273.608668089,1154273.6086680882,-215912.54866808816,23.009538425229213
PROJ_0249,Marketing,Medium,2,47714.00625132327,True,True,0.9446238883779684,1.0,813921.18,861635.1862513233,861635.1862513233,-47714.00625132327,5.862239173002386
PROJ_0250,Construction,Critical,0,58782.280176694505,False,True,0.9788025214915724,1.0000000000000004,2714296.61,2773078.8901766944,2773078.8901766944,-58782.280176694505,2.16565426048609
PROJ_0251,Marketing,Medium,1,-1898.9306484577248,True,False,1.002125542421898,1.0,895285.31,893386.3793515423,893386.3793515424,1898.9306484576082,-0.2121034073995482
PROJ_0252,Marketing,Critical,2,15614.41081189504,True,True,0.977756593686116,0.9999999999999996,686364.89,701979.300811895,701979.3008118952,-15614.410811895155,2.2749431154462396
PROJ_0253,IT,Medium,2,-57921.77665769868,True,False,1.0628123872333015,0.9999999999999996,980061.17,922139.3933423014,922139.3933423016,57921.77665769844,-5.910016479654881
PROJ_0254,R&D,High,2,148598.78791856114,True,True,0.9214409126713532,1.0000000000000002,1742955.62,1891554.4079185608,1891554.4079185612,-148598.78791856114,8.52567823376714
PROJ_0255,IT,Medium,3,6276.394678212004,True,True,0.9961991835986512,1.0000000000000002,1645051.64,1651328.034678212,1651328.034678212,-6276.394678212004,0.38153177235287306
PROJ_0256,IT,Medium,2,38698.56300934835,True,True,0.9436115842082384,0.9999999999999996,647587.13,686285.6930093484,686285.6930093484,-38698.56300934835,5.975807920912255
PROJ_0257,IT,Medium,4,100548.62305463573,True,True,0.921495783524243,0.9999999999999996,1180256.76,1280805.3830546355,1280805.383054636,-100548.62305463594,8.519216026742853
PROJ_0258,IT,Critical,1,27525.05842549575,True,True,0.965608658198824,1.0,772823.43,800348.4884254958,800348.4884254958,-27525.05842549575,3.5616231802775116
PROJ_0259,Healthcare,Medium,0,6626.498370322981,False,True,0.9848042907403288,1.0000000000000002,429450.44,436076.938370323,436076.938370323,-6626.498370322981,1.543018181637672
PROJ_0260,IT,Medium,0,101924.239018491,False,True,0.8938087843897171,1.0000000000000004,857893.75,959817.989018491,959817.9890184907,-101924.23901849065,11.88075318400334
PROJ_0261,Construction,Medium,3,284341.7641042259,True,True,0.8670485606639159,1.0,1854347.11,2138688.874104226,2138688.874104226,-284341.7641042259,15.333793903571047
PROJ_0262,IT,Critical,0,296888.8036547359,False,True,0.8205044431337677,1.0000000000000004,1357128.76,1654017.563654736,1654017.5636547357,-296888.8036547357,21.876244348011287
PROJ_0263,IT,High,2,67257.8174352987,True,True,0.9121235842492296,1.0000000000000004,698110.42,765368.2374352987,765368.2374352987,-67257.8174352987,9.634266372259376
PROJ_0264,Marketing,Medium,0,29882.418240106723,False,True,0.9432902846794498,0.9999999999999996,497054.07,526936.4882401067,526936.488240107,-29882.418240106956,6.011904950321996
PROJ_0265,R&D,High,2,32715.905014954507,True,True,0.9856745475873973,1.0000000000000002,2251044.78,2283760.6850149543,2283760.685014955,-32715.905014954973,1.453365357527671
PROJ_0266,Construction,Medium,-3,92684.35179733625,False,True,0.9541271946865238,1.0000000000000002,1927779.65,2020464.001797336,2020464.001797336,-92684.35179733601,4.807829141537832
PROJ_0267,Construction,Medium,1,26218.666681964183,True,True,0.982820429315474,1.0000000000000002,1499935.11,1526153.7766819643,1526153.7766819643,-26218.666681964183,1.7479867300368868
PROJ_0268,Construction,Medium,-1,115537.68214519182,False,True,0.949549395302192,0.9999999999999998,2174577.23,2290114.912145192,2290114.9121451923,-115537.68214519229,5.313110086469189
PROJ_0269,IT,High,-1,14926.99880158552,False,True,0.9784062397141008,0.9999999999999996,676337.45,691264.4488015855,691264.4488015856,-14926.998801585636,2.2070341959602615
PROJ_0270,IT,High,2,83215.55851379177,True,True,0.8989124335316767,1.0000000000000002,739987.15,823202.7085137918,823202.7085137917,-83215.55851379165,11.245541022407165
PROJ_0271,IT,High,1,64267.35890402994,True,True,0.8703802139395435,0.9999999999999998,431547.06,495814.41890402994,495814.41890402994,-64267.35890402994,14.892317631367929
PROJ_0272,Construction,Low,0,77537.43025531969,False,True,0.9620563722870116,1.0000000000000002,1965952.74,2043490.17025532,2043490.1702553192,-77537.43025531922,3.944012929594596
PROJ_0273,R&D,High,4,74225.93700115802,True,True,0.9637785848151488,1.0,1975002.03,2049227.967001158,2049227.9670011576,-74225.93700115755,3.758271428265699
PROJ_0274,IT,High,4,132447.3394035804,True,True,0.9249450406467212,1.0000000000000002,1632224.05,1764671.3894035805,1764671.3894035798,-132447.3394035797,8.114531788915848
PROJ_0275,IT,High,0,-24851.53258317546,False,False,1.0542225721415015,1.0,483176.02,458324.48741682456,458324.48741682456,24851.53258317546,-5.143370439446779
PROJ_0276,R&D,High,4,234443.19996869005,True,True,0.9066020784587868,0.9999999999999998,2275711.16,2510154.35996869,2510154.35996869,-234443.19996869005,10.301975228204709
PROJ_0277,Manufacturing,Critical,2,-19672.364259990165,True,False,1.013330671438536,1.0,1495394.3,1475721.93574001,1475721.9357400096,19672.364259990398,-1.3155302424243824
PROJ_0278,Construction,Critical,3,143337.72810807917,True,True,0.9313058830930468,1.0000000000000004,1943270.77,2086608.4981080792,2086608.4981080783,-143337.72810807824,7.376106836006093
PROJ_0279,IT,Medium,0,15483.29245977616,False,True,0.9867056045280328,1.0,1149164.81,1164648.1024597762,1164648.1024597764,-15483.292459776392,1.3473517745271362
PROJ_0280,IT,High,1,78286.83934940246,True,True,0.9056245910862076,0.9999999999999996,751238.99,829525.8293494025,829525.8293494026,-78286.83934940258,10.421029844231406
PROJ_0281,Healthcare,Medium,1,20073.12721961713,True,True,0.9645563143353392,1.0,546265.47,566338.5972196171,566338.597219617,-20073.127219617018,3.674610298838222
PROJ_0282,IT,Medium,0,37238.840249623405,False,True,0.9284667964438612,1.0,483342.35,520581.1902496234,520581.1902496233,-37238.84024962335,7.704443910123611
PROJ_0283,Healthcare,High,0,77444.89645768201,False,True,0.9222862361812096,1.0,919095.39,996540.286457682,996540.286457682,-77444.89645768201,8.426208780971256
PROJ_0284,Construction,Medium,3,157730.35662892275,True,True,0.9496190132799034,1.0,2973021.28,3130751.6366289225,3130751.636628922,-157730.35662892228,5.305389426237888
PROJ_0285,IT,Medium,3,85491.21523455111,True,True,0.9334715543098684,1.0000000000000004,1199541.29,1285032.5052345512,1285032.5052345507,-85491.21523455065,7.126992288406399
PROJ_0286,Manufacturing,Medium,0,-39423.80407567928,False,False,1.0559479447425375,1.0000000000000002,744075.32,704651.5159243207,704651.5159243208,39423.80407567916,-5.298362009329803
PROJ_0287,IT,Medium,2,209931.78234894155,True,True,0.8591273675689957,0.9999999999999996,1280292.25,1490224.0323489415,1490224.0323489415,-209931.78234894155,16.39717668750565
PROJ_0288,IT,Medium,-1,41648.99438516749,False,True,0.9646189814191514,1.0000000000000002,1135507.46,1177156.4543851677,1177156.4543851675,-41648.99438516749,3.6678750120380093
PROJ_0289,Marketing,Critical,0,-6848.769937350182,False,False,1.0133055361583956,1.0000000000000002,521579.62,514730.8500626498,514730.8500626497,6848.769937350298,-1.31308235113755
PROJ_0290,Construction,High,0,46018.99425709713,False,True,0.9638395785366288,0.9999999999999994,1226615.35,1272634.3442570972,1272634.3442570977,-46018.9942570976,3.7517053946127117
PROJ_0291,Manufacturing,Medium,1,39287.95363391598,True,True,0.9149014162565628,0.9999999999999996,422387.81,461675.763633916,461675.7636339161,-39287.9536339161,9.301393814825314
PROJ_0292,IT,Medium,2,16516.050801161095,True,True,0.9765189161651407,0.9999999999999996,686860.8,703376.8508011611,703376.8508011614,-16516.050801161327,2.404570300293935
PROJ_0293,Construction,Critical,1,92959.05932121676,True,True,0.9623337411602944,1.0000000000000009,2375007.29,2467966.349321217,2467966.3493212163,-92959.05932121631,3.914053641545509
PROJ_0294,R&D,Critical,0,100392.46614683444,False,True,0.947529675685119,1.0,1812926.49,1913318.9561468344,1913318.956146834,-100392.46614683396,5.537591661912004
PROJ_0295,IT,Critical,0,-18313.32587439305,False,False,1.0394335725511763,1.0000000000000002,482722.83,464409.50412560697,464409.5041256071,18313.325874392933,-3.793755906343384
PROJ_0296,IT,Medium,1,68087.06165519136,True,True,0.9304672312097316,1.0000000000000002,911121.2,979208.2616551912,979208.261655191,-68087.061655191,7.472887433108901
PROJ_0297,IT,High,1,41944.503057514085,True,True,0.9514800277545588,1.0,822534.62,864479.1230575141,864479.123057514,-41944.50305751397,5.099420989418533
PROJ_0298,Marketing,Medium,1,-1322.3605270392727,True,False,1.0014159625024566,1.0,935217.52,933895.1594729607,933895.1594729606,1322.3605270393891,-0.14139603875677917
PROJ_0299,R&D,Critical,6,60753.36524769431,True,True,0.974531252767485,0.9999999999999994,2324655.1,2385408.4652476944,2385408.4652476953,-60753.36524769524,2.6134356553664775
PROJ_0300,R&D,Low,3,72472.91515422333,True,True,0.9616030384140472,1.0,1814991.93,1887464.8451542235,1887464.845154223,-72472.9151542231,3.9930158341928883
PROJ_0301,IT,Low,0,-56632.901637132745,False,False,1.0558905147283577,1.0,1069915.78,1013282.8783628672,1013282.8783628675,56632.90163713251,-5.293211175662117
PROJ_0302,Healthcare,Critical,1,76120.55746591685,True,True,0.923428030672144,1.0000000000000002,917984.18,994104.7374659168,994104.7374659166,-76120.5574659165,8.292142623407354
PROJ_0303,Construction,Critical,-1,48889.08543457231,False,True,0.9680919196635152,1.0000000000000004,1483296.02,1532185.1054345723,1532185.1054345719,-48889.08543457184,3.295976310552754
PROJ_0304,R&D,Critical,-1,223559.8020982733,False,True,0.8898427592850606,1.0,1805901.0,2029460.8020982733,2029460.8020982735,-223559.80209827353,12.379405188782416
PROJ_0305,Construction,Medium,0,16204.67173530592,False,True,0.9840743089737364,1.0,1001312.98,1017517.651735306,1017517.6517353058,-16204.671735305805,1.6183423224280786
PROJ_0306,Healthcare,Low,-1,196463.80241590296,False,True,0.8726321019068981,0.9999999999999998,1346026.93,1542490.732415903,1542490.7324159027,-196463.80241590273,14.595829996945362
PROJ_0307,Healthcare,Critical,1,5808.89942545665,True,True,0.9908558163788584,1.0,629447.31,635256.2094254567,635256.2094254568,-5808.899425456766,0.9228571372331015
PROJ_0308,IT,Medium,1,108828.39030843064,True,True,0.8244934768530691,0.9999999999999996,511253.35,620081.7403084306,620081.7403084309,-108828.39030843088,21.28658722890146
PROJ_0309,Marketing,High,0,-18015.655860716128,False,False,1.040453975421777,1.0,463352.75,445337.0941392839,445337.0941392838,18015.655860716186,-3.888108112170735
PROJ_0310,IT,Critical,0,-109.32445667637512,False,False,1.0000865924674738,0.9999999999999998,1262626.26,1262516.9355433236,1262516.9355433239,109.32445667614229,-0.008658496986760142
PROJ_0311,R&D,Medium,2,259260.5618104802,True,True,0.8549045234277103,1.0000000000000002,1527566.76,1786827.3218104802,1786827.3218104797,-259260.56181047973,16.97212643004092
PROJ_0312,IT,Medium,2,174833.7314967874,True,True,0.856512886762771,1.0,1043629.22,1218462.9514967874,1218462.9514967878,-174833.73149678786,16.752475701742796
PROJ_0313,Marketing,Medium,2,30796.802262397134,True,True,0.9597210685089816,0.9999999999999996,733791.56,764588.3622623972,764588.3622623971,-30796.802262397017,4.196941466919709
PROJ_0314,Construction,Medium,0,166031.5004121107,False,True,0.9135695324269564,1.0,1754951.98,1920983.4804121107,1920983.4804121114,-166031.5004121114,9.46074321715124
PROJ_0315,R&D,Critical,1,276284.8153249379,True,True,0.8909135979586956,1.0000000000000002,2256430.63,2532715.445324938,2532715.4453249373,-276284.81532493746,12.244330122612167
PROJ_0316,IT,Critical,0,32041.295588882054,False,True,0.9692282403024934,1.0000000000000004,1009215.23,1041256.525588882,1041256.5255888817,-32041.29558888171,3.1748723796886926
PROJ_0317,IT,High,0,304502.012342809,False,True,0.822525209266592,0.9999999999999996,1411245.96,1715747.972342809,1715747.9723428092,-304502.01234280923,21.576820835881026
PROJ_0318,IT,High,1,64386.0607784607,True,True,0.9594493805028051,1.0,1523408.69,1587794.7507784606,1587794.7507784606,-64386.0607784607,4.226446993581263
PROJ_0319,IT,Medium,1,111617.53985648626,True,True,0.9334575864133804,1.0000000000000002,1565771.87,1677389.4098564864,1677389.4098564861,-111617.53985648602,7.128595295078716
PROJ_0320,Marketing,Medium,1,-29106.491813901117,True,False,1.0504892801521966,0.9999999999999998,605595.04,576488.5481860989,576488.548186099,29106.491813900997,-4.8062632438173525
PROJ_0321,R&D,Medium,3,165561.05541256256,True,True,0.8970517407867962,1.0,1442635.69,1608196.7454125625,1608196.7454125632,-165561.05541256326,11.476289998936826
PROJ_0322,IT,Critical,1,103606.3024990824,True,True,0.9375330084397407,1.0000000000000002,1554970.49,1658576.7924990824,1658576.792499082,-103606.30249908194,6.662911171972269
PROJ_0323,IT,Medium,2,75205.73040894559,True,True,0.9274327999523664,1.0,961154.09,1036359.8204089456,1036359.8204089456,-75205.73040894559,7.824523787746207
PROJ_0324,Manufacturing,Low,1,-23005.50743396656,True,False,1.0713055835798444,1.0000000000000004,345638.13,322632.62256603345,322632.62256603333,23005.507433966675,-6.655951828568994
PROJ_0325,R&D,Critical,2,76969.5221444196,True,True,0.9541122617036848,1.0000000000000002,1600374.47,1677343.9921444196,1677343.9921444196,-76969.5221444196,4.809469507747122
PROJ_0326,R&D,Critical,1,65723.44364998955,True,True,0.9718416960254532,0.9999999999999998,2268346.24,2334069.68364999,2334069.6836499907,-65723.44364999048,2.8974167387246172
PROJ_0327,IT,Low,-1,-144.10258209495805,False,False,1.0001470876138103,1.0,979849.86,979705.757417905,979705.7574179051,144.10258209484164,-0.014706598222593167
PROJ_0328,Marketing,High,0,5302.621432075655,False,True,0.9755849300280278,1.0000000000000002,211883.79,217186.4114320757,217186.41143207566,-5302.621432075655,2.5026083553044125
PROJ_0329,Construction,Medium,0,195444.96119050845,False,True,0.9066320547717734,1.0,1897831.92,2093276.8811905084,2093276.8811905081,-195444.9611905082,10.298328272954132
PROJ_0330,IT,Critical,2,-16807.25702308968,True,False,1.0199769071145548,0.9999999999999996,858141.55,841334.2929769104,841334.2929769107,16807.257023089333,-1.9585646474161906
PROJ_0331,R&D,High,0,236930.51322344644,False,True,0.9043296476893868,0.9999999999999996,2239599.65,2476530.1632234463,2476530.1632234473,-236930.51322344737,10.579145840795581
PROJ_0332,Manufacturing,Medium,0,44002.067508500535,False,True,0.9345374382486816,1.0,628169.42,672171.4875085006,672171.4875085008,-44002.06750850077,7.004808911026067
PROJ_0333,R&D,High,2,162490.44448804995,True,True,0.924732043797334,1.0000000000000004,1996335.87,2158826.31448805,2158826.3144880496,-162490.44448804948,8.139434196914443
PROJ_0334,IT,High,-1,277009.9526695856,False,True,0.8310818384646799,0.9999999999999996,1362896.32,1639906.2726695857,1639906.272669586,-277009.9526695858,20.325093596964575
PROJ_0335,Construction,Critical,0,166151.48671544623,False,True,0.9320171693025292,0.9999999999999992,2277869.82,2444021.306715446,2444021.3067154475,-166151.48671544762,7.294160766195482
PROJ_0336,IT,Medium,0,55084.25591067813,False,True,0.9045079159799494,0.9999999999999998,521762.05,576846.3059106781,576846.3059106783,-55084.25591067836,10.557351940540398
PROJ_0337,Healthcare,Critical,0,-882.4043488018215,False,False,1.0014367314791262,1.0000000000000002,615057.26,614174.8556511982,614174.8556511982,882.4043488018215,-0.14346702432255193
PROJ_0338,IT,Medium,1,-8409.983881400316,True,False,1.0121273112986704,1.0000000000000002,701884.71,693474.7261185996,693474.7261185995,8409.983881400432,-1.1982001832466807
PROJ_0339,IT,Low,3,194261.0202054279,True,True,0.8712326568156242,1.0,1314359.22,1508620.240205428,1508620.2402054276,-194261.02020542766,14.779903183958162
PROJ_0340,IT,Low,1,70201.94152215717,True,True,0.9252382425628856,1.0000000000000002,868806.77,939008.7115221572,939008.7115221568,-70201.94152215682,8.08027100458216
PROJ_0341,Marketing,Low,2,142536.78150931117,True,True,0.8918336234661358,1.0,1175218.2,1317754.9815093111,1317754.9815093114,-142536.7815093114,12.128537620444561
PROJ_0342,Healthcare,Medium,1,59593.11168680154,True,True,0.9517748266900062,1.0,1176133.12,1235726.2316868016,1235726.2316868016,-59593.11168680154,5.066867914305613
PROJ_0343,Manufacturing,High,1,30562.160523759783,True,True,0.9624474577987782,1.0,783288.48,813850.6405237598,813850.6405237599,-30562.1605237599,3.901775821311696
PROJ_0344,Marketing,Medium,1,16229.5596768189,True,True,0.9819943072924032,1.0,885127.58,901357.1396768189,901357.1396768192,-16229.559676819248,1.8335842248661205
PROJ_0345,Healthcare,Medium,0,31141.72970831545,False,True,0.9358209388095392,1.0,454090.2,485231.92970831547,485231.92970831535,-31141.72970831534,6.858049283669927
PROJ_0346,Marketing,Medium,0,85481.04475892952,False,True,0.9061469151387334,1.0000000000000002,825315.28,910796.3247589295,910796.3247589297,-85481.04475892964,10.357380607194095
PROJ_0347,IT,Critical,2,64912.13880821969,True,True,0.953152379833696,1.0000000000000002,1320689.49,1385601.6288082197,1385601.6288082195,-64912.13880821946,4.915018957879302
PROJ_0348,Marketing,Medium,0,-81273.25141647668,False,False,1.076392612319398,0.9999999999999998,1145162.14,1063888.8885835232,1063888.8885835235,81273.25141647644,-7.097095562072673
PROJ_0349,Construction,Low,0,191600.52865252667,False,True,0.8734617864215247,1.0000000000000004,1322570.75,1514171.278652527,1514171.2786525264,-191600.52865252644,14.486977626907782
PROJ_0350,Healthcare,High,3,9281.002073237789,True,True,0.989637564778739,1.0,886358.09,895639.0920732378,895639.0920732379,-9281.002073237905,1.047093965514311
PROJ_0351,Manufacturing,High,1,32036.424072310798,True,True,0.955130220654841,1.0,681950.24,713986.6640723108,713986.6640723108,-32036.424072310794,4.697765642301232
PROJ_0352,Healthcare,Low,-2,5665.918976318324,False,True,0.995451647227272,1.0,1240041.98,1245707.8989763183,1245707.898976318,-5665.918976318091,0.4569134809708693
PROJ_0353,Construction,Medium,1,59311.57221765746,True,True,0.9681054961200396,1.0,1800305.76,1859617.3322176572,1859617.3322176577,-59311.5722176577,3.2945277149842425
PROJ_0354,Manufacturing,Low,1,7098.619023593492,True,True,0.990466935805325,1.0000000000000002,737532.79,744631.4090235935,744631.4090235933,-7098.619023593259,0.9624818204480452
PROJ_0355,R&D,Medium,3,108534.80631054264,True,True,0.9357801988716976,0.9999999999999996,1581517.24,1690052.0463105426,1690052.0463105435,-108534.80631054356,6.862701434133185
PROJ_0356,IT,High,0,26906.020152993035,False,True,0.9584720264692248,1.0,620995.09,647901.110152993,647901.1101529934,-26906.020152993384,4.332726713345412
PROJ_0357,Healthcare,Low,0,100864.12013013754,False,True,0.9359620532179036,1.0000000000000004,1474203.87,1575067.9901301377,1575067.9901301374,-100864.12013013731,6.841938362984849
PROJ_0358,R&D,High,1,177461.64409532584,True,True,0.9007510720354428,1.0000000000000004,1610584.31,1788045.954095326,1788045.954095325,-177461.6440953249,11.018463485176067
PROJ_0359,Manufacturing,Low,0,24845.3156611484,False,True,0.9277873755613316,1.0,319212.47,344057.7856611484,344057.7856611483,-24845.315661148343,7.7833161283293055
PROJ_0360,IT,Medium,1,133990.1847955162,True,True,0.8551232808461048,0.9999999999999996,790866.38,924856.5647955162,924856.5647955163,-133990.1847955163,16.94220265065716
PROJ_0361,R&D,High,2,494963.4224080879,True,True,0.8008838281878279,0.9999999999999998,1990838.8,2485802.222408088,2485802.2224080884,-494963.42240808834,24.86205424608403
PROJ_0362,IT,Medium,3,1353.727898225305,True,True,0.9976945703626212,1.0000000000000002,585837.43,587191.1578982254,587191.1578982254,-1353.7278982253047,0.23107569248781262
PROJ_0363,IT,Medium,2,54555.860348777846,True,True,0.9519004719754008,0.9999999999999998,1079672.74,1134228.6003487778,1134228.6003487778,-54555.860348777846,5.052999703296931
PROJ_0364,IT,High,0,134184.2865045902,False,True,0.9057866633663064,0.9999999999999996,1290075.71,1424259.99650459,1424259.9965045901,-134184.28650459019,10.401272224913853
PROJ_0365,Marketing,Medium,0,125649.98323526188,False,True,0.8801927724321578,1.0000000000000002,923117.99,1048767.973235262,1048767.9732352616,-125649.98323526164,13.611475953931052
PROJ_0366,R&D,Critical,1,-1934.3600945156068,True,False,1.001067003642431,1.0000000000000004,1814824.23,1812889.8699054844,1812889.8699054846,1934.360094515374,-0.10658663591434274
PROJ_0367,R&D,Medium,2,55446.53792091552,True,True,0.9667263753045212,1.0,1610934.52,1666381.0579209155,1666381.0579209155,-55446.53792091552,3.441886509509742
PROJ_0368,IT,Low,-1,145483.78048888873,False,True,0.8599341366535244,1.0,893197.43,1038681.2104888888,1038681.2104888887,-145483.78048888862,16.28797571539011
PROJ_0369,Marketing,Medium,1,-52182.016264279024,True,False,1.1021084000283317,1.0000000000000002,563227.3,511045.283735721,511045.2837357208,52182.01626427926,-9.264823680293773
PROJ_0370,Construction,High,1,42651.31859401148,True,True,0.9740317420140808,0.9999999999999996,1599789.18,1642440.4985940114,1642440.498594011,-42651.31859401101,2.666058698684974
PROJ_0371,Healthcare,Medium,0,6501.726010822575,False,True,0.985561496960502,1.0,443802.99,450304.71601082257,450304.71601082257,-6501.726010822575,1.4650027506174699
PROJ_0372,Construction,High,0,-151271.0336144471,False,False,1.1278810989643446,1.0,1334174.8,1182903.766385553,1182903.7663855532,151271.03361444687,-11.338172000733852
PROJ_0373,R&D,Low,1,99785.42559821416,True,True,0.9523117325760008,1.0000000000000002,1992666.89,2092452.315598214,2092452.315598214,-99785.42559821415,5.007632038198525
PROJ_0374,Construction,High,3,211392.48421737552,True,True,0.9172557658113328,0.9999999999999998,2343377.48,2554769.9642173755,2554769.9642173755,-211392.48421737552,9.02084645011505
PROJ_0375,Healthcare,Medium,1,31392.218472705805,True,True,0.9661316596624544,1.0,895497.56,926889.778472706,926889.7784727059,-31392.218472705805,3.5055615866452836
PROJ_0376,Healthcare,Low,0,49089.60140956403,False,True,0.9344367600256832,1.0,699647.06,748736.6614095641,748736.6614095641,-49089.60140956403,7.016337838904666
PROJ_0377,Healthcare,Medium,1,14100.606683501392,True,True,0.9828411148910984,1.0,807666.46,821767.0666835014,821767.0666835012,-14100.606683501275,1.7458452692837183
PROJ_0378,IT,High,1,91641.66124328924,True,True,0.8846642939121714,1.0000000000000002,702922.87,794564.5312432892,794564.5312432894,-91641.66124328936,13.037228571505914
PROJ_0379,Marketing,Low,1,71966.32574413682,True,True,0.9008989569762366,1.0,654225.08,726191.4057441368,726191.4057441369,-71966.32574413694,11.000239511474696
PROJ_0380,R&D,High,1,-58159.57841550512,True,False,1.0292557165343323,1.0000000000000002,2046132.71,1987973.1315844948,1987973.131584495,58159.57841550489,-2.8424147725738127
PROJ_0381,Manufacturing,Low,0,67656.2910898088,False,True,0.9129288079533048,1.0000000000000002,709366.39,777022.6810898088,777022.6810898088,-67656.2910898088,9.53756648800471
PROJ_0382,Healthcare,Medium,-1,38584.53740941989,False,True,0.9642754287722424,1.0,1041471.46,1080055.99740942,1080055.9974094196,-38584.53740941966,3.7048098667456197
PROJ_0383,R&D,Medium,5,64991.72063233098,True,True,0.9670387298559489,1.0,1906768.48,1971760.200632331,1971760.2006323307,-64991.72063233075,3.4084746687406304
PROJ_0384,Construction,Low,4,-14249.981799493078,True,False,1.0116200931681536,1.0,1240572.49,1226322.508200507,1226322.5082005062,14249.981799493777,-1.1486617601438007
PROJ_0385,R&D,High,0,258425.1871370249,False,True,0.8685974306552892,1.0000000000000002,1708242.5,1966667.687137025,1966667.687137025,-258425.18713702494,15.128132401402313
PROJ_0386,Construction,Low,2,57566.1160679427,True,True,0.9688682025091732,1.0,1791543.82,1849109.9360679428,1849109.936067943,-57566.11606794293,3.213212840528954
PROJ_0387,Marketing,Critical,1,91851.50613957456,True,True,0.8719272360161896,0.9999999999999998,625330.69,717182.1961395745,717182.1961395745,-91851.50613957457,14.688469254495503
PROJ_0388,Marketing,Medium,-1,-20627.350490561337,False,False,1.0203240540324832,1.0,1035550.38,1014923.0295094388,1014923.0295094387,20627.350490561337,-1.9919214833914056
PROJ_0389,Construction,High,-2,145738.53416878218,False,True,0.9194233777210222,1.0,1662956.47,1808695.0041687824,1808695.0041687822,-145738.53416878218,8.763821350584251
PROJ_0390,Marketing,Low,1,28473.349090087228,True,True,0.9607582917151264,1.0,697115.58,725588.9290900872,725588.929090087,-28473.349090086995,4.084451690218572
PROJ_0391,Construction,High,3,192332.50673255415,True,True,0.8778987063897399,0.9999999999999996,1382855.61,1575188.1167325545,1575188.1167325545,-192332.5067325544,13.908357846019397
PROJ_0392,Construction,High,4,221234.91058903653,True,True,0.9105133177819108,1.0000000000000004,2251031.41,2472266.3205890367,2472266.3205890357,-221234.9105890356,9.828157421803171
PROJ_0393,Construction,Critical,-4,105002.20612741869,False,True,0.9585533940538392,1.0000000000000002,2428430.96,2533433.166127418,2533433.1661274177,-105002.20612741774,4.323870344966189
PROJ_0394,Healthcare,Low,2,44264.80173869792,True,True,0.9581196216579014,1.0,1012669.34,1056934.141738698,1056934.141738698,-44264.80173869792,4.371101206510105
PROJ_0395,R&D,Critical,4,172801.95286346902,True,True,0.908096805157522,1.0,1707458.61,1880260.562863469,1880260.562863469,-172801.9528634688,10.120418255026912
PROJ_0396,Construction,Critical,-1,164818.85586088058,False,True,0.9159654919913188,0.9999999999999992,1796504.65,1961323.5058608805,1961323.5058608807,-164818.8558608808,9.174418549981533
PROJ_0397,IT,High,3,71344.13539946778,True,True,0.9488493930477764,0.9999999999999998,1323441.57,1394785.7053994678,1394785.7053994683,-71344.13539946824,5.390803569776657
PROJ_0398,IT,Low,4,67896.53906533215,True,True,0.9374372638394948,0.9999999999999998,1017358.73,1085255.269065332,1085255.2690653326,-67896.53906533262,6.673805125290724
PROJ_0399,Manufacturing,Medium,0,10124.47521249042,False,True,0.9787845485044414,1.0,467097.29,477221.7652124904,477221.7652124904,-10124.475212490419,2.16753028314303
PROJ_0400,Construction,High,-1,51884.06423734687,False,True,0.9727598275796864,0.9999999999999998,1852805.21,1904689.2742373468,1904689.2742373473,-51884.06423734734,2.800297837965781
PROJ_0401,Manufacturing,Medium,-1,90661.37619368418,False,True,0.9023392753957744,1.0,837668.58,928329.956193684,928329.9561936841,-90661.37619368418,10.823060379521957
PROJ_0402,Healthcare,Medium,0,-62225.08824627916,False,False,1.0565075882134016,1.0000000000000002,1163406.19,1101181.1017537208,1101181.1017537208,62225.08824627916,-5.348526488953885
PROJ_0403,Healthcare,Low,0,48630.80196036072,False,True,0.9389231868933252,1.0000000000000002,747592.83,796223.6319603607,796223.6319603607,-48630.801960360724,6.504985067922699
PROJ_0404,IT,High,0,90785.4360863252,False,True,0.9139870114493766,0.9999999999999996,964699.76,1055485.1960863252,1055485.1960863257,-90785.43608632567,9.41074517177507
PROJ_0405,IT,Medium,0,179906.26180491247,False,True,0.8313948715379588,1.0,887120.96,1067027.2218049124,1067027.2218049122,-179906.26180491224,20.279789331650132
PROJ_0406,Marketing,Low,1,39788.17234231788,True,True,0.9363477767328356,1.0,585298.75,625086.9223423179,625086.9223423179,-39788.17234231788,6.797925391489026
PROJ_0407,IT,Medium,1,2270.6231783763506,True,True,0.9957411878696548,1.0,530888.18,533158.8031783764,533158.8031783764,-2270.6231783763506,0.427702718560498
PROJ_0408,IT,High,2,28610.10453382111,True,True,0.9768507505132716,1.0000000000000004,1207287.61,1235897.7145338212,1235897.714533821,-28610.10453382088,2.369783661891542
PROJ_0409,R&D,Critical,2,174927.78251954075,True,True,0.9126441627795696,1.0000000000000002,1827546.1,2002473.8825195408,2002473.8825195404,-174927.78251954028,9.571730229926363
PROJ_0410,Construction,Medium,0,116246.89060016489,False,True,0.9239788372645892,1.0,1412891.66,1529138.5506001648,1529138.5506001653,-116246.89060016535,8.227587004099476
PROJ_0411,Manufacturing,Medium,0,4705.028892185655,False,True,0.9922385012894006,0.9999999999999998,601496.05,606201.0788921857,606201.0788921857,-4705.028892185655,0.7822210789556565
PROJ_0412,Manufacturing,Critical,-1,149418.85104652867,False,True,0.8993664150875861,1.0000000000000002,1335362.31,1484781.1610465287,1484781.1610465285,-149418.85104652843,11.18938657528296
PROJ_0413,Marketing,Critical,1,64885.14097608649,True,True,0.9547303187780284,1.0000000000000002,1368417.22,1433302.3609760865,1433302.3609760867,-64885.140976086725,4.74161973612746
PROJ_0414,IT,Low,1,-1869.8086048628904,True,False,1.0043493443943483,1.0,431775.66,429905.8513951371,429905.851395137,1869.8086048629484,-0.43305095170555663
PROJ_0415,IT,High,3,147478.30052741198,True,True,0.8886871314261653,1.0,1177420.63,1324898.930527412,1324898.9305274119,-147478.30052741198,12.525540726037049
PROJ_0416,Marketing,High,2,99049.86182181737,True,True,0.9086043781809108,0.9999999999999998,984698.57,1083748.4318218173,1083748.4318218178,-99049.86182181782,10.058901763391189
PROJ_0417,R&D,High,0,73772.8589267846,False,True,0.9253341916850176,1.0000000000000002,914267.86,988040.7189267846,988040.7189267847,-73772.85892678471,8.06906401880787
PROJ_0418,Healthcare,Critical,-1,15281.027212330024,False,True,0.9842829642548656,1.0000000000000002,956977.83,972258.85721233,972258.8572123296,-15281.027212329675,1.5968005457691403
PROJ_0419,Healthcare,Low,1,40016.21753927006,True,True,0.9584689010536528,1.0,923507.95,963524.16753927,963524.1675392702,-40016.21753927029,4.333066925874357
PROJ_0420,IT,Medium,2,166311.90279868757,True,True,0.8637877260479959,1.0000000000000002,1054663.99,1220975.8927986876,1220975.8927986876,-166311.90279868757,15.769183775648543
PROJ_0421,IT,Critical,-1,41328.83427876199,False,True,0.960393587385375,1.0,1002159.62,1043488.454278762,1043488.454278762,-41328.83427876199,4.123977204226407
PROJ_0422,Marketing,High,5,81250.06239442527,True,True,0.9336458678058748,0.9999999999999996,1143241.31,1224491.372394425,1224491.3723944256,-81250.0623944255,7.106991470980479
PROJ_0423,R&D,Medium,-2,84591.6902235446,False,True,0.954403655272912,1.0000000000000004,1770637.95,1855229.6402235448,1855229.640223544,-84591.69022354414,4.777469624636936
PROJ_0424,R&D,Critical,2,148216.89420705615,True,True,0.9026051002015808,1.0000000000000002,1373596.82,1521813.7142070562,1521813.7142070564,-148216.89420705638,10.790422054635826
PROJ_0425,Manufacturing,Medium,2,103494.638016965,True,True,0.939231418858781,1.0,1599599.89,1703094.528016965,1703094.528016965,-103494.63801696501,6.470032829082341
PROJ_0426,Construction,Low,-1,144117.29101100005,False,True,0.9374535453763828,0.9999999999999998,2160046.74,2304164.0310110003,2304164.0310110007,-144117.29101100052,6.671952432427481
PROJ_0427,Construction,High,0,39182.43442241848,False,True,0.9689740278899436,0.9999999999999998,1223709.0,1262891.4344224185,1262891.4344224192,-39182.434422419174,3.2019405285422575
PROJ_0428,Construction,Medium,2,108897.8052441622,True,True,0.944822417121231,0.9999999999999992,1864690.01,1973587.8152441625,1973587.8152441634,-108897.80524416338,5.839995101607445
PROJ_0429,IT,Low,2,31390.12045306549,True,True,0.9482175183346568,1.0,574801.77,606191.8904530655,606191.8904530656,-31390.12045306561,5.4610340627631695
PROJ_0430,Construction,Medium,-1,-41630.10530831781,False,False,1.0223628816785917,1.0000000000000002,1903201.7,1861571.594691682,1861571.5946916826,41630.10530831735,-2.1873722216787295
PROJ_0431,Marketing,Low,0,37293.20408614527,False,True,0.9174120654157202,1.0,414264.33,451557.5340861453,451557.5340861453,-37293.20408614527,9.002272555338102
PROJ_0432,Marketing,Medium,1,9698.431022707431,True,True,0.9709395278599664,1.0,324034.31,333732.7410227074,333732.7410227074,-9698.431022707431,2.993025961574079
PROJ_0433,IT,Low,0,-50614.70434493933,False,False,1.0764553418172391,1.0000000000000002,712631.29,662016.5856550607,662016.5856550608,50614.70434493921,-7.10250939794395
PROJ_0434,Manufacturing,Medium,1,-21842.00002910639,True,False,1.0389261473754408,1.0,582955.84,561113.8399708936,561113.8399708935,21842.000029106508,-3.7467675131458518
PROJ_0435,Manufacturing,High,2,11935.33719899226,True,True,0.9804022940607188,1.0,597081.72,609017.0571989922,609017.0571989922,-11935.33719899226,1.9989453368279742
PROJ_0436,IT,High,0,21266.87851202104,False,True,0.9768922481819482,1.0000000000000004,899068.37,920335.248512021,920335.2485120208,-21266.878512020805,2.3654350683052954
PROJ_0437,Manufacturing,Medium,2,26829.06907760201,True,True,0.9657291160520688,0.9999999999999996,756024.07,782853.139077602,782853.1390776021,-26829.069077602122,3.5487056751516026
PROJ_0438,IT,Low,0,-17185.00299133989,False,False,1.0199231746418305,1.0,879748.49,862563.4870086601,862563.4870086602,17185.002991339774,-1.95339954392417
PROJ_0439,IT,High,3,70160.97520309617,True,True,0.943780302926702,1.0000000000000002,1177817.56,1247978.5352030962,1247978.5352030962,-70160.97520309617,5.956862725250604
PROJ_0440,IT,Low,0,9696.939837569138,False,True,0.9917288873324231,0.9999999999999998,1162689.44,1172386.379837569,1172386.379837569,-9696.939837569138,0.8340094529085204
PROJ_0441,IT,High,2,5020.802683402901,True,True,0.9931808658452675,1.0000000000000002,731260.75,736281.5526834029,736281.5526834028,-5020.802683402784,0.6865954016269551
PROJ_0442,Marketing,Medium,0,19406.15257075726,False,True,0.9466999346794078,1.0,344686.32,364092.47257075727,364092.47257075727,-19406.15257075726,5.630090736051625
PROJ_0443,Marketing,Critical,1,-53990.10265460599,True,False,1.1145511047141796,1.0,525309.02,471318.917345394,471318.91734539403,53990.10265460599,-10.277779478183334
PROJ_0444,IT,High,0,25302.069946846925,False,True,0.9707268230813156,1.0000000000000002,839041.08,864343.1499468469,864343.1499468469,-25302.069946846925,3.0155936997562653
PROJ_0445,R&D,High,2,279873.7892044652,True,True,0.8950779472393093,1.0000000000000004,2387571.06,2667444.8492044653,2667444.8492044634,-279873.78920446336,11.722113485680437
PROJ_0446,IT,Medium,0,49980.60999438341,False,True,0.9342394771984448,1.0,710059.12,760039.7299943834,760039.7299943835,-49980.60999438353,7.038936419038394
PROJ_0447,R&D,High,1,59866.45203326573,True,True,0.9677061882534176,1.0000000000000002,1793939.24,1853805.6920332655,1853805.6920332653,-59866.45203326526,3.3371504841638484
PROJ_0448,IT,Low,1,31165.987258726494,True,True,0.9733286969338414,0.9999999999999998,1137355.37,1168521.3572587266,1168521.3572587266,-31165.987258726498,2.740215422619097
PROJ_0449,Healthcare,Medium,1,29764.39671978052,True,True,0.9659444768144808,1.0,844231.77,873996.1667197805,873996.1667197804,-29764.3967197804,3.5256191223152387
PROJ_0450,Healthcare,Low,2,268701.64033700665,True,True,0.8306214031742066,1.0000000000000002,1317695.02,1586396.660337007,1586396.660337007,-268701.6403370069,20.391792961091017
PROJ_0451,Construction,Medium,1,73829.18447239371,True,True,0.9749883818647423,0.9999999999999996,2877966.42,2951795.6044723936,2951795.6044723955,-73829.18447239557,2.565324736221056
PROJ_0452,Healthcare,High,1,1340.4174860536004,True,True,0.9962557593193436,1.0,356654.06,357994.4774860536,357994.4774860536,-1340.4174860536004,0.37583127079882406
PROJ_0453,Construction,High,1,187227.9845254561,True,True,0.8570668275860115,1.0,1122670.77,1309898.754525456,1309898.7545254559,-187227.98452545586,16.67701605212861
PROJ_0454,Marketing,Medium,0,12686.721909088084,False,True,0.9811805481649905,0.9999999999999998,661441.41,674128.1319090881,674128.1319090881,-12686.721909088083,1.918041676448422
PROJ_0455,IT,High,2,22399.53602175449,True,True,0.9739663032547023,1.0,838005.97,860405.5060217545,860405.5060217547,-22399.536021754728,2.672956616496984
PROJ_0456,Marketing,High,1,-11277.09549310978,True,False,1.0144292962572763,1.0000000000000002,792818.71,781541.6145068902,781541.6145068901,11277.095493109897,-1.4224053179963294
PROJ_0457,Construction,Medium,-2,174335.60847217776,False,True,0.9399898101398084,1.0000000000000004,2730764.49,2905100.098472178,2905100.0984721766,-174335.60847217636,6.384131956841739
PROJ_0458,Healthcare,Low,0,-32877.19408515107,False,False,1.0394202482577155,0.9999999999999998,866895.13,834017.9359148489,834017.9359148492,32877.19408515084,-3.7925226417122495
PROJ_0459,Marketing,Low,-2,14805.17562660412,False,True,0.9854180919861578,1.0000000000000002,1000506.1,1015311.275626604,1015311.2756266039,-14805.175626603886,1.4797686517457402
PROJ_0460,IT,Low,-1,13029.280826174305,False,True,0.9853870756588612,1.0,878597.92,891627.2008261743,891627.2008261743,-13029.280826174305,1.4829628581609098
PROJ_0461,Construction,Low,2,39033.93675448466,True,True,0.9835879317428612,0.9999999999999998,2339333.99,2378367.926754485,2378367.9267544844,-39033.936754484195,1.6685918693672377
PROJ_0462,IT,Low,5,83983.93550143705,True,True,0.9183652636732104,1.0,944793.02,1028776.9555014372,1028776.9555014372,-83983.93550143717,8.889135897874983
PROJ_0463,Healthcare,Low,0,47620.26691043691,False,True,0.9361068462661944,1.0000000000000002,697690.68,745310.946910437,745310.9469104367,-47620.26691043668,6.825412503781285
PROJ_0464,R&D,High,0,193108.2747107772,False,True,0.9342900454731744,1.0000000000000004,2745689.6,2938797.8747107773,2938797.874710777,-193108.27471077675,7.033142956537285
PROJ_0465,Healthcare,High,2,77139.47265608725,True,True,0.936204146138065,1.0000000000000009,1132021.75,1209161.2226560873,1209161.2226560863,-77139.47265608632,6.814310118695715
PROJ_0466,Construction,Critical,-2,18855.76275482471,False,True,0.9852700637156302,1.0,1261242.29,1280098.0527548247,1280098.0527548245,-18855.762754824478,1.4950151056879386
PROJ_0467,IT,High,0,27531.27456612722,False,True,0.9780637261676264,1.0000000000000004,1227525.75,1255057.0245661272,1255057.0245661265,-27531.27456612652,2.2428266426285983
PROJ_0468,IT,High,2,107414.75821653185,True,True,0.8937696053265287,1.0000000000000002,903734.25,1011149.0082165318,1011149.0082165311,-107414.75821653113,11.885657561006582
PROJ_0469,Construction,High,2,85596.61746549653,True,True,0.9364502823700784,1.0,1261327.03,1346923.6474654966,1346923.6474654963,-85596.6174654963,6.786235086510141
PROJ_0470,R&D,Critical,3,201275.36524890785,True,True,0.8812062777994317,0.9999999999999996,1493051.25,1694326.6152489078,1694326.6152489078,-201275.36524890782,13.48080752411599
PROJ_0471,R&D,Critical,5,67842.0614532642,True,True,0.9639575788913712,1.0000000000000002,1814441.63,1882283.691453264,1882283.6914532627,-67842.06145326281,3.739004899995753
PROJ_0472,Healthcare,Low,-1,42396.87818668829,False,True,0.9537544939482908,0.9999999999999998,874381.46,916778.3381866884,916778.3381866884,-42396.87818668841,4.84878512711013
PROJ_0473,Construction,High,0,45266.4702798347,False,True,0.9658230709962252,0.9999999999999994,1279208.01,1324474.4802798347,1324474.4802798354,-45266.4702798354,3.5386324918208882
PROJ_0474,IT,Critical,-1,81352.6905839704,False,True,0.9426110016422397,1.0000000000000002,1336213.27,1417565.9605839704,1417565.9605839704,-81352.6905839704,6.088301352071619
PROJ_0475,Marketing,Medium,2,89375.83912654652,True,True,0.8820780907773851,1.0000000000000004,668548.11,757923.9491265465,757923.9491265464,-89375.8391265464,13.368647340360651
PROJ_0476,Manufacturing,High,-1,25684.605227644788,False,True,0.9742440201933176,1.0000000000000002,971544.21,997228.8152276448,997228.815227645,-25684.60522764502,2.6436887753821336
PROJ_0477,Marketing,High,-1,-3931.658145370544,False,False,1.004950294365652,1.0000000000000004,798158.8,794227.1418546295,794227.1418546292,3931.658145370893,-0.4925909662802556
PROJ_0478,Manufacturing,High,0,74164.82619760523,False,True,0.8863082957551376,1.0,578167.96,652332.7861976052,652332.7861976052,-74164.82619760523,12.827557272043444
PROJ_0479,Construction,High,1,130481.62295425194,True,True,0.906402919276052,1.0,1263596.29,1394077.912954252,1394077.9129542522,-130481.62295425218,10.32621130553115
PROJ_0480,Healthcare,Medium,0,49846.81913977431,False,True,0.9479570831791772,1.0000000000000002,907955.36,957802.1791397744,957802.1791397741,-49846.819139774074,5.490007695948188
PROJ_0481,Construction,Medium,4,205299.25839334863,True,True,0.9233713107621788,1.0000000000000004,2473844.29,2679143.5483933487,2679143.5483933473,-205299.25839334726,8.298794682560528
PROJ_0482,Manufacturing,Medium,0,34727.3176423416,False,True,0.9607226716467064,1.0,849429.5,884156.8176423416,884156.8176423414,-34727.31764234137,4.088310759438113
PROJ_0483,IT,High,2,105139.7102382906,True,True,0.8976896278794807,1.0,922514.75,1027654.4602382906,1027654.460238291,-105139.71023829095,11.397076332740582
PROJ_0484,R&D,Medium,3,19763.833738427376,True,True,0.978346177872684,1.0000000000000002,892954.19,912718.0237384272,912718.0237384273,-19763.833738427376,2.213308807972263
PROJ_0485,IT,High,-1,107877.12270272196,False,True,0.9027794495869054,1.0,1001735.22,1109612.342702722,1109612.342702722,-107877.12270272197,10.769025641598382
PROJ_0486,Construction,High,1,80085.48599355773,True,True,0.9251705402009872,0.9999999999999996,990154.58,1070240.0659935577,1070240.0659935577,-80085.48599355773,8.088180129769002
PROJ_0487,Construction,Critical,2,306750.2516355417,True,True,0.8795027596031613,1.0000000000000002,2238953.29,2545703.5416355417,2545703.5416355417,-306750.2516355417,13.7006097003275
PROJ_0488,R&D,Low,4,-29211.006674246863,True,False,1.017277956142987,1.0,1719862.75,1690651.7433257531,1690651.7433257531,29211.006674246863,-1.6984498719009329
PROJ_0489,IT,Low,1,9976.420221163076,True,True,0.989702223878214,1.0000000000000002,958817.24,968793.6602211632,968793.6602211631,-9976.420221163076,1.0404923696577542
PROJ_0490,IT,High,1,80670.67790477804,True,True,0.9145621595481972,1.0,863532.47,944203.147904778,944203.1479047784,-80670.6779047784,9.3419391519555
PROJ_0491,IT,Critical,0,28424.905874708435,False,True,0.9576772324059885,1.0,643197.19,671622.0958747084,671622.0958747081,-28424.9058747082,4.419314374602322
PROJ_0492,Manufacturing,Medium,1,51926.185078633775,True,True,0.8835618761345319,1.0000000000000002,394029.0,445955.1850786338,445955.1850786337,-51926.185078633716,13.178264817725019
PROJ_0493,Marketing,High,6,38043.32041718601,True,True,0.9687354214368616,1.0000000000000004,1178775.27,1216818.590417186,1216818.5904171853,-38043.320417185314,3.2273599035705347
PROJ_0494,Construction,High,-2,180880.45247125905,False,True,0.925146453698262,0.9999999999999998,2235577.57,2416458.022471259,2416458.0224712584,-180880.45247125858,8.090994242318265
PROJ_0495,R&D,Critical,3,127880.51783546573,True,True,0.9312703666828068,0.9999999999999994,1732750.94,1860631.4578354657,1860631.4578354661,-127880.51783546619,7.380201902269127
PROJ_0496,Construction,Low,1,32654.81373572024,True,True,0.97268169191361,0.9999999999999998,1162690.58,1195345.3937357203,1195345.3937357196,-32654.813735719537,2.8085558012966385
PROJ_0497,Construction,Critical,1,43320.38832567795,True,True,0.9700870426967234,0.9999999999999996,1404894.44,1448214.828325678,1448214.828325678,-43320.38832567795,3.0835333312072866
PROJ_0498,IT,Medium,2,-13028.372890238068,True,False,1.017894865021197,1.0,741079.29,728050.917109762,728050.9171097622,13028.372890237835,-1.7580268489540214
PROJ_0499,IT,Critical,2,-30247.004857450254,True,False,1.0283336418134974,0.9999999999999998,1097776.73,1067529.7251425495,1067529.7251425497,30247.004857450258,-2.7552965945498094
PROJ_0500,IT,Medium,0,96431.06034812098,False,True,0.8846700503493808,1.0000000000000002,739700.93,836131.990348121,836131.9903481208,-96431.06034812075,13.036493052417919
PROJ_0501,IT,Medium,0,25858.50347331888,False,True,0.9623801480238412,1.0,661504.74,687363.2434733189,687363.2434733186,-25858.503473318648,3.9090428094768677
PROJ_0502,Construction,Medium,1,124886.16373403836,True,True,0.895691748661036,1.0000000000000004,1072393.65,1197279.8137340385,1197279.813734038,-124886.16373403813,11.645552333701168
PROJ_0503,R&D,High,6,314576.0014265729,True,True,0.8876448721974748,0.9999999999999998,2485260.62,2799836.621426573,2799836.621426573,-314576.0014265729,12.657666519762136
PROJ_0504,Marketing,Medium,1,102795.54385114613,True,True,0.866031081699675,1.0,664513.36,767308.9038511461,767308.9038511461,-102795.54385114613,15.469296787523747
PROJ_0505,Manufacturing,Medium,-1,16587.22615591256,False,True,0.942051966876306,1.0000000000000002,269655.9,286243.1261559126,286243.1261559126,-16587.22615591256,6.1512565294927946
PROJ_0506,IT,Critical,1,363774.9848628694,True,True,0.7857291881989981,1.0000000000000002,1333959.68,1697734.6648628693,1697734.6648628688,-363774.9848628689,27.270313362310088
PROJ_0507,Construction,High,5,285487.9203918516,True,True,0.9171404042990337,1.0000000000000009,3159953.95,3445441.870391852,3445441.8703918504,-285487.9203918502,9.034559519193316
PROJ_0508,R&D,Critical,1,202761.6090928621,True,True,0.8735298378502176,1.0000000000000002,1400475.12,1603236.7290928622,1603236.7290928608,-202761.60909286072,14.478058638618348
PROJ_0509,R&D,Critical,0,113035.14479138864,False,True,0.9353613491923508,1.0,1635688.62,1748723.7647913888,1748723.7647913883,-113035.14479138819,6.910553965423333
PROJ_0510,IT,Medium,0,-2211.977224886476,False,False,1.005152088471561,1.0,431548.01,429336.03277511353,429336.0327751136,2211.9772248864174,-0.5125680512085822
PROJ_0511,Construction,Low,2,264.03138573560864,True,True,0.9997917403441994,1.0000000000000002,1267534.98,1267799.0113857356,1267799.0113857356,-264.03138573560864,0.020830303691942973
PROJ_0512,IT,High,1,95449.74656761276,True,True,0.9415976776457908,1.0000000000000002,1538898.73,1634348.4765676127,1634348.4765676123,-95449.74656761228,6.202470942815859
PROJ_0513,IT,Medium,1,-40389.0987209673,True,False,1.0892146878150886,0.9999999999999996,493107.14,452718.0412790327,452718.0412790327,40389.098720967304,-8.190734922428279
PROJ_0514,IT,Medium,0,19242.100069542477,False,True,0.951654581883702,1.0000000000000002,378770.8,398012.90006954246,398012.90006954235,-19242.100069542357,5.080143471868042
PROJ_0515,R&D,High,5,91816.40827090431,True,True,0.9613399656127176,1.0,2283153.24,2374969.648270905,2374969.6482709055,-91816.40827090526,4.021473752278899
PROJ_0516,IT,Medium,1,124801.03331786743,True,True,0.9009127425070216,0.9999999999999996,1134705.35,1259506.3833178675,1259506.3833178675,-124801.03331786743,10.99854101488703
PROJ_0517,IT,Critical,2,133829.54456724925,True,True,0.907145565988516,1.0,1307453.75,1441283.2945672492,1441283.2945672488,-133829.54456724878,10.235891293841085
PROJ_0518,R&D,Medium,2,44859.71967137,True,True,0.965303117577082,0.9999999999999996,1248043.75,1292903.46967137,1292903.4696713702,-44859.71967137023,3.5944028141137063
PROJ_0519,R&D,High,-1,-95426.74021629732,False,False,1.0642842578643588,0.9999999999999996,1579876.33,1484449.5897837027,1484449.589783703,95426.7402162971,-6.04013987704323
PROJ_0520,Marketing,High,1,287172.2577173775,True,True,0.841087413022306,1.0000000000000002,1519936.06,1807108.3177173776,1807108.3177173769,-287172.2577173768,18.893706470611455
PROJ_0521,Marketing,Medium,-1,37770.4516991335,False,True,0.9620445127079248,1.0,957354.48,995124.9316991336,995124.9316991337,-37770.45169913373,3.9452942967513693
PROJ_0522,Construction,Low,0,44113.59786899155,False,True,0.962021288306287,1.0,1117421.27,1161534.8678689916,1161534.8678689916,-44113.59786899155,3.9478036666504077
PROJ_0523,IT,Medium,2,132516.7137305902,True,True,0.9209120025759352,1.0000000000000004,1543043.65,1675560.36373059,1675560.3637305899,-132516.71373058995,8.588008105317693
PROJ_0524,IT,Low,1,-19644.4230775364,True,False,1.0346880055301315,1.0,585961.88,566317.4569224636,566317.4569224636,19644.423077536398,-3.352508712262374
PROJ_0525,R&D,High,-1,64849.021827049786,False,True,0.9563518413243052,1.0,1420872.8,1485721.8218270498,1485721.8218270496,-64849.02182704955,4.564027253322714
PROJ_0526,Manufacturing,Medium,0,193860.82836141903,False,True,0.8698858455703795,1.0,1296067.99,1489928.818361419,1489928.8183614197,-193860.82836141973,14.957612552518926
PROJ_0527,IT,Medium,0,-38412.07589950168,False,False,1.0595989951527365,1.0000000000000002,682920.86,644508.7841004983,644508.7841004983,38412.07589950168,-5.624674563243196
PROJ_0528,Healthcare,Critical,0,56654.147091018734,False,True,0.8660657280465445,1.0,366345.48,422999.6270910187,422999.6270910188,-56654.14709101879,15.4646775199789
PROJ_0529,Construction,Medium,1,-6907.228753697593,True,False,1.0056890210361682,1.0,1221040.33,1214133.1012463025,1214133.1012463018,6907.228753698291,-0.5656839159193284
PROJ_0530,Healthcare,High,1,35641.15525817673,True,True,0.9523277043002222,1.0,711987.1,747628.2552581767,747628.2552581767,-35641.15525817673,5.005870929146993
PROJ_0531,IT,High,2,-9790.920679850156,True,False,1.0123521789651673,0.9999999999999996,802438.17,792647.2493201499,792647.24932015,9790.920679850038,-1.2201464294563702
PROJ_0532,R&D,High,-1,77772.30101452861,False,True,0.9355814825084556,1.0,1129524.98,1207297.2810145286,1207297.2810145284,-77772.30101452838,6.8853989412902035
PROJ_0533,R&D,Critical,5,99790.90268518426,True,True,0.9480827073824748,1.0000000000000002,1822322.09,1922112.9926851843,1922112.9926851839,-99790.9026851838,5.476029908916036
PROJ_0534,Healthcare,Medium,0,43951.19790160237,False,True,0.945081994200189,0.9999999999999996,756354.59,800305.7879016023,800305.7879016025,-43951.197901602485,5.810924992416915
PROJ_0535,Manufacturing,Critical,0,-19618.205540056108,False,False,1.028256930637569,1.0,713897.63,694279.4244599439,694279.424459944,19618.20554005599,-2.7480418362022005
PROJ_0536,Marketing,Low,1,-5922.381333469239,True,False,1.014882188884063,1.0000000000000002,403873.34,397950.9586665308,397950.9586665308,5922.381333469239,-1.4663957104643843
PROJ_0537,R&D,Medium,2,492249.1522557628,True,True,0.8489195567717365,1.0,2765943.25,3258192.402255763,3258192.402255761,-492249.152255761,17.79679146547063
PROJ_0538,Healthcare,Medium,1,37511.998865997884,True,True,0.9440952691493584,1.0,633486.65,670998.6488659979,670998.6488659978,-37511.99886599777,5.921513715560978
PROJ_0539,Marketing,Critical,-1,121486.29157651728,False,True,0.9056895101208554,1.0000000000000004,1166666.19,1288152.4815765172,1288152.481576517,-121486.29157651705,10.413114961059861
PROJ_0540,Construction,Critical,0,157012.2307520334,False,True,0.9232832319216632,1.0000000000000002,1889635.91,2046648.140752033,2046648.1407520329,-157012.23075203295,8.309126108427572
PROJ_0541,IT,Medium,1,20929.00936999789,True,True,0.9772973964833224,1.0000000000000004,900948.05,921877.059369998,921877.0593699978,-20929.009369997773,2.3229984647835993
PROJ_0542,R&D,Critical,1,123174.8946765007,True,True,0.9411269177454316,1.0000000000000004,1969035.84,2092210.7346765008,2092210.7346765008,-123174.8946765007,6.255594345936369
PROJ_0543,R&D,Critical,-3,25450.570801807567,False,True,0.9892253303115056,0.9999999999999998,2336623.77,2362074.340801808,2362074.3408018076,-25450.570801807567,1.089202768908217
PROJ_0544,Construction,High,1,149725.66514543304,True,True,0.9208622784922756,1.0,1742237.64,1891963.305145433,1891963.305145433,-149725.66514543304,8.593871565387202
PROJ_0545,IT,Critical,3,146789.78960623057,True,True,0.9011033299644776,1.0,1337484.55,1484274.3396062306,1484274.3396062304,-146789.78960623033,10.975064318031212
PROJ_0546,IT,Critical,4,102081.47448736988,True,True,0.9194209941117772,1.0,1164768.04,1266849.51448737,1266849.51448737,-102081.47448736988,8.76410332201164
PROJ_0547,IT,Medium,0,77573.2502586561,False,True,0.9188555984444196,1.0000000000000002,878416.92,955990.170258656,955990.1702586561,-77573.2502586561,8.831028694057498
PROJ_0548,IT,Low,0,66708.77151701495,False,True,0.9230909523476064,1.0,800663.45,867372.2215170149,867372.2215170146,-66708.7715170146,8.331686867561471
PROJ_0549,Construction,Medium,0,270899.17920684395,False,True,0.8325727105178093,1.0000000000000002,1347111.72,1618010.899206844,1618010.899206844,-270899.17920684395,20.109629749702123
PROJ_0550,Construction,Critical,2,96811.74558285088,True,True,0.9300396201647856,1.0,1286996.43,1383808.1755828508,1383808.1755828513,-96811.74558285135,7.522301020124147
PROJ_0551,Healthcare,Critical,-1,44736.46679358347,False,True,0.9490436960018336,0.9999999999999996,833201.36,877937.8267935835,877937.8267935833,-44736.46679358336,5.369226328865253
PROJ_0552,Manufacturing,Medium,0,95808.34392424488,False,True,0.90145965799878,0.9999999999999996,876466.99,972275.3339242449,972275.3339242454,-95808.34392424545,10.931198210242401
PROJ_0553,Healthcare,Low,0,18535.036725367885,False,True,0.9703723367107188,1.0,607063.97,625599.0067253679,625599.006725368,-18535.036725368,3.0532262893757314
PROJ_0554,Manufacturing,Low,0,-4146.203732266848,False,False,1.0137528219383551,1.0000000000000002,305626.42,301480.21626773314,301480.2162677331,4146.203732266906,-1.3566247748695632
PROJ_0555,Construction,High,3,-15309.03840427776,True,False,1.01160617733791,0.9999999999999998,1334351.3,1319042.2615957223,1319042.2615957223,15309.038404277759,-1.14730194396916
PROJ_0556,IT,Medium,0,-21235.66282297473,False,False,1.0295210273601705,0.9999999999999996,740575.9,719340.2371770253,719340.2371770255,21235.662822974497,-2.8674525896635976
PROJ_0557,R&D,Critical,3,206694.46202915907,True,True,0.9170935576294416,1.0,2286410.49,2493104.9520291598,2493104.9520291598,-206694.46202915953,9.0401291864769
PROJ_0558,Healthcare,Low,2,96084.8924385754,True,True,0.9150421150272616,1.0000000000000004,1034885.97,1130970.8624385754,1130970.8624385751,-96084.89243857516,9.284587406144386
PROJ_0559,Manufacturing,High,0,-13436.954403817654,False,False,1.020443138661585,1.0000000000000004,670721.27,657284.3155961824,657284.3155961822,13436.95440381777,-2.0033589219285934
PROJ_0560,IT,Low,1,14832.053646732704,True,True,0.9819786288585364,1.0,808193.76,823025.8136467327,823025.8136467328,-14832.05364673282,1.835210116783483
PROJ_0561,IT,Critical,3,-8860.033446573303,True,False,1.014280828720439,1.0000000000000009,629274.55,620414.5165534267,620414.5165534266,8860.03344657342,-1.4079758106494882
PROJ_0562,Healthcare,Critical,1,33288.39447038609,True,True,0.9479180471239408,1.0,605865.72,639154.1144703861,639154.114470386,-33288.394470385974,5.4943518623872585
PROJ_0563,Construction,Critical,-1,79379.9482181312,False,True,0.9588498408504602,0.9999999999999994,1849651.43,1929031.3782181311,1929031.378218132,-79379.94821813214,4.291616621956286
PROJ_0564,IT,Critical,0,81630.21702769748,False,True,0.9299364303449142,1.0,1083457.68,1165087.8970276974,1165087.8970276974,-81630.21702769748,7.534232165643746
PROJ_0565,Marketing,Low,0,4785.829929555417,False,True,0.9899232093679136,1.0,470150.1,474935.9299295554,474935.9299295554,-4785.829929555417,1.0179365971751186
PROJ_0566,Healthcare,High,1,-46836.620047354605,True,False,1.061590364628609,1.0,807290.31,760453.6899526455,760453.6899526456,46836.62004735449,-5.801707200889663
PROJ_0567,IT,Critical,1,57407.06553976983,True,True,0.9524502196008866,1.0000000000000004,1149897.47,1207304.5355397698,1207304.5355397696,-57407.065539769595,4.992363844384283
PROJ_0568,Manufacturing,Medium,2,25532.156556339814,True,True,0.9621578615068408,0.9999999999999998,649169.58,674701.7365563398,674701.73655634,-25532.15655634005,3.933048827756232
PROJ_0569,IT,Critical,0,92210.82540167822,False,True,0.8680314269178272,1.0,606522.39,698733.2154016782,698733.215401678,-92210.82540167798,15.20320221017364
PROJ_0570,Construction,High,4,107003.93475549668,True,True,0.9537078601499108,1.0000000000000002,2204488.58,2311492.5147554968,2311492.514755496,-107003.93475549575,4.853911956100754
PROJ_0571,IT,Medium,2,602.7961343553616,True,True,0.9992317437740926,1.0,784026.23,784629.0261343553,784629.0261343553,-602.7961343553616,0.07688468973230164
PROJ_0572,Construction,Medium,0,148496.91372864856,False,True,0.9173311330707908,1.0,1647788.91,1796285.8237286485,1796285.8237286485,-148496.91372864856,9.01188937657364
PROJ_0573,IT,High,2,70439.87161452736,True,True,0.881107727899428,1.0,522028.17,592468.0416145273,592468.0416145273,-70439.87161452736,13.49350009493307
PROJ_0574,Healthcare,Low,1,30478.832513626898,True,True,0.9620115410092234,1.0,771839.38,802318.2125136269,802318.2125136271,-30478.83251362713,3.9488568869895095
PROJ_0575,R&D,Critical,-1,211425.02615154395,False,True,0.8766273306001182,1.0,1502285.37,1713710.396151544,1713710.3961515452,-211425.0261515451,14.073559549577794
PROJ_0576,IT,Medium,2,-49268.23621607176,True,False,1.0535340961853004,1.0,969583.32,920315.0837839282,920315.0837839284,49268.23621607153,-5.081382404151872
PROJ_0577,Marketing,Medium,0,84645.88164089655,False,True,0.912181326427574,1.0,879225.22,963871.1016408964,963871.1016408965,-84645.88164089655,9.627326390944125
PROJ_0578,Manufacturing,Critical,1,28029.072022808832,True,True,0.9460665286034816,1.0000000000000002,491668.09,519697.16202280886,519697.162022809,-28029.07202280895,5.700811704662173
PROJ_0579,Construction,Critical,-1,109464.19527109456,False,True,0.93437419198762,1.0000000000000002,1558541.1,1668005.295271095,1668005.2952710942,-109464.1952710941,7.0235039211410015
PROJ_0580,Construction,High,0,58142.00491072773,False,True,0.9535424118404474,0.9999999999999998,1193365.17,1251507.1749107277,1251507.1749107277,-58142.00491072773,4.87210506660989
PROJ_0581,Construction,Critical,-1,175918.96281609684,False,True,0.944065084937606,0.9999999999999996,2969146.38,3145065.3428160967,3145065.342816097,-175918.9628160973,5.924900301348474
PROJ_0582,IT,Low,1,-17422.576884177048,True,False,1.0196683252818517,1.0,903241.61,885819.0331158229,885819.0331158226,17422.576884177397,-1.9288944055818464
PROJ_0583,IT,High,1,25035.893701891124,True,True,0.9487716699003728,1.0000000000000002,463675.99,488711.8837018911,488711.8837018911,-25035.893701891124,5.399437159101364
PROJ_0584,Marketing,Medium,0,59898.71981549636,False,True,0.9470079553859434,1.0,1070435.47,1130334.1898154963,1130334.1898154963,-59898.719815496355,5.595733838630773
PROJ_0585,Construction,Medium,0,-82749.58026002627,False,False,1.0434073852243184,1.0000000000000002,1989097.54,1906347.9597399735,1906347.9597399735,82749.5802600265,-4.1601569855657505
PROJ_0586,Manufacturing,High,0,107321.57969299004,False,True,0.9090132589765982,0.9999999999999998,1072208.3,1179529.87969299,1179529.8796929903,-107321.57969299029,10.00939646643197
PROJ_0587,IT,Critical,2,15545.842618935974,True,True,0.9781866009652742,0.9999999999999998,697128.17,712674.012618936,712674.0126189361,-15545.84261893609,2.229983421690747
PROJ_0588,Healthcare,Medium,0,28353.43353904423,False,True,0.9683638090642606,1.0,867880.68,896234.1135390443,896234.1135390444,-28353.433539044345,3.2669736972419234
PROJ_0589,IT,Low,4,34181.81677469681,True,True,0.9605267934433592,0.9999999999999996,831768.02,865949.8367746968,865949.836774697,-34181.81677469693,4.109537269141091
PROJ_0590,IT,Low,2,109752.7119001632,True,True,0.8993783221842235,0.9999999999999998,980993.48,1090746.1919001632,1090746.1919001632,-109752.71190016321,11.187914510926536
PROJ_0591,IT,Medium,1,133283.14439137536,True,True,0.8828547896697634,1.0000000000000002,1004476.94,1137760.0843913753,1137760.0843913753,-133283.14439137536,13.268910323752717
PROJ_0592,R&D,High,2,45035.14371038485,True,True,0.9712118677659096,1.0,1519329.76,1564364.9037103849,1564364.9037103846,-45035.14371038461,2.9641454341277833
PROJ_0593,IT,Low,0,-28.92768268706277,False,False,1.000063132437609,1.0000000000000004,458235.26,458206.33231731295,458206.33231731295,28.92768268706277,-0.00631284521559139
PROJ_0594,Construction,High,-2,47636.86192622315,False,True,0.9594185965984896,0.9999999999999996,1126222.54,1173859.4019262232,1173859.401926224,-47636.86192622385,4.229791203275318
PROJ_0595,Marketing,Low,-1,64826.62126463081,False,True,0.9339929960290012,0.9999999999999998,917290.69,982117.3112646308,982117.3112646311,-64826.62126463116,7.06718404223978
PROJ_0596,Construction,High,3,56416.46943393932,True,True,0.9504906710829744,1.0,1083095.43,1139511.8994339393,1139511.8994339395,-56416.46943393955,5.208817974048654
PROJ_0597,Construction,High,3,174707.6888446384,True,True,0.9231174514012604,1.0000000000000002,2097689.52,2272397.2088446384,2272397.208844638,-174707.68884463795,8.328577092983615
PROJ_0598,IT,Medium,0,53412.10103254765,False,True,0.9392404198079422,0.9999999999999996,825660.81,879072.9110325477,879072.9110325479,-53412.101032547886,6.469012503154641
PROJ_0599,Marketing,High,2,21806.219676892622,True,True,0.970500966641058,1.0000000000000002,717411.89,739218.1096768926,739218.1096768928,-21806.21967689274,3.0395676431976533
PROJ_0600,Healthcare,Medium,0,-15771.816860939723,False,False,1.028587490357504,0.9999999999999998,567475.26,551703.4431390603,551703.4431390603,15771.816860939725,-2.779295939868766
PROJ_0601,IT,Critical,1,176745.39420501434,True,True,0.8029491401692548,1.0,720207.78,896953.1742050144,896953.1742050142,-176745.39420501422,24.540889325718503
PROJ_0602,IT,Critical,3,-34.49578026053496,True,False,1.00002574501408,0.9999999999999996,1339935.89,1339901.3942197394,1339901.39421974,34.495780259836465,-0.0025744351291192348
PROJ_0603,R&D,Medium,1,201145.90061691756,True,True,0.9078289873253566,1.0000000000000002,1981166.03,2182311.9306169176,2182311.9306169176,-201145.90061691753,10.152904782892806
PROJ_0604,IT,High,1,62573.0862804621,True,True,0.9070929405668944,1.0000000000000002,610928.87,673501.9562804621,673501.9562804617,-62573.08628046175,10.242286680683751
PROJ_0605,Manufacturing,Critical,0,29358.223264497938,False,True,0.9593806969901528,1.0000000000000004,693407.09,722765.3132644979,722765.3132644977,-29358.223264497705,4.233908722291505
PROJ_0606,Healthcare,Low,0,115571.94677709612,False,True,0.8344990725466974,1.0000000000000002,582744.06,698316.0067770962,698316.0067770962,-115571.94677709613,19.83236805143859
PROJ_0607,IT,High,1,150704.42823557695,True,True,0.865649566175292,1.0000000000000002,971021.97,1121726.398235577,1121726.398235577,-150704.42823557695,15.520187276048652
PROJ_0608,R&D,High,5,373137.8674382302,True,True,0.8489190253923103,1.0,2096649.4,2469787.26743823,2469787.2674382306,-373137.86743823066,17.796865200172746
PROJ_0609,Construction,Critical,1,238493.86672116863,True,True,0.8636376512059895,1.0000000000000002,1510477.67,1748971.5367211686,1748971.5367211686,-238493.86672116863,15.789301057404487
PROJ_0610,Construction,Low,1,-36275.67443208909,True,False,1.0232858889265932,1.0,1594115.04,1557839.365567911,1557839.3655679112,36275.674432088854,-2.2755995346539644
PROJ_0611,Construction,Medium,-1,101281.83687562845,False,True,0.9376193373796337,1.0000000000000002,1522327.67,1623609.5068756284,1623609.506875628,-101281.83687562798,6.653090452965883
PROJ_0612,IT,Medium,1,-4117.5415894729085,True,False,1.0034246975705845,1.0000000000000004,1206425.63,1202308.088410527,1202308.0884105263,4117.541589473607,-0.3413009046793549
PROJ_0613,IT,Low,0,93492.33996016649,False,True,0.9236667539278528,0.9999999999999998,1131299.54,1224791.8799601663,1224791.8799601672,-93492.33996016718,8.264154333534616
PROJ_0614,Manufacturing,High,0,33946.02023419441,False,True,0.8868234245175965,0.9999999999999998,265992.55,299938.5702341944,299938.57023419446,-33946.02023419447,12.762019174670295
PROJ_0615,Construction,Medium,0,28994.77561559656,False,True,0.958588136029573,0.9999999999999996,671161.48,700156.2556155965,700156.2556155965,-28994.77561559656,4.320089349525328
PROJ_0616,IT,Medium,0,-10890.1951956572,False,False,1.0266531910178107,1.0,419478.99,408588.7948043428,408588.7948043428,10890.195195657201,-2.59612410997204
PROJ_0617,IT,Medium,1,2144.671048677992,True,True,0.9975449150320976,0.9999999999999998,871418.19,873562.8610486779,873562.8610486783,-2144.6710486783413,0.2461127244404138
PROJ_0618,Manufacturing,Medium,3,15639.79256510618,True,True,0.9771355761129032,0.9999999999999998,668383.24,684023.0325651062,684023.0325651059,-15639.792565105949,2.3399438569264466
PROJ_0619,Healthcare,Medium,1,-11228.444203791323,True,False,1.01843741153073,1.0000000000000002,620231.73,609003.2857962087,609003.2857962085,11228.444203791441,-1.8103627500307733
PROJ_0620,R&D,Critical,-1,188455.2797009854,False,True,0.9118425357819716,1.0,1949256.84,2137712.119700985,2137712.1197009855,-188455.2797009854,9.668057889230514
PROJ_0621,Manufacturing,Low,1,30830.62269549473,True,True,0.9146984415181368,1.0000000000000002,330600.32,361430.94269549474,361430.9426954947,-30830.622695494676,9.325648171028593
PROJ_0622,IT,Medium,1,45072.81841166259,True,True,0.9365245532552484,1.0000000000000004,665009.91,710082.7284116626,710082.7284116624,-45072.81841166236,6.7777664263172195
PROJ_0623,Construction,Medium,2,55231.024446642725,True,True,0.9217443906076536,1.0,650546.17,705777.1944466428,705777.1944466427,-55231.02444664261,8.48994690824828
PROJ_0624,R&D,Medium,5,99409.67145438166,True,True,0.9464629743812883,0.9999999999999992,1757429.97,1856839.6414543816,1856839.6414543826,-99409.6714543826,5.656536712776248
PROJ_0625,IT,Medium,0,50354.71401104517,False,True,0.9607198968301572,0.9999999999999998,1231584.74,1281939.4540110452,1281939.4540110459,-50354.71401104587,4.088611394376799
PROJ_0626,IT,Critical,1,-22096.38142193487,True,False,1.061004724357412,1.0,384304.09,362207.7085780652,362207.70857806527,22096.381421934755,-5.749712791746441
PROJ_0627,R&D,Critical,-1,104322.98699548538,False,True,0.9353694212731152,1.0,1509819.87,1614142.8569954855,1614142.8569954857,-104322.98699548561,6.909631345326353
PROJ_0628,Healthcare,Medium,0,144741.97819364967,False,True,0.780764505871451,1.0,515470.36,660212.3381936497,660212.3381936494,-144741.97819364944,28.0795928195851
PROJ_0629,Marketing,High,0,43287.18395263492,False,True,0.9341028586998968,1.0000000000000002,613602.98,656890.1639526349,656890.1639526347,-43287.18395263469,7.054591545926764
PROJ_0630,Construction,Low,1,165966.89325792296,True,True,0.8863846931955017,1.0000000000000004,1294812.45,1460779.343257923,1460779.3432579222,-165966.89325792226,12.817832672053953
PROJ_0631,IT,Medium,3,197933.96016010223,True,True,0.8607501863173433,0.9999999999999996,1223496.74,1421430.7001601022,1421430.7001601025,-197933.96016010246,16.177726812750027
PROJ_0632,Healthcare,Medium,1,36374.57372863183,True,True,0.9657187340838842,1.0,1024688.16,1061062.733728632,1061062.733728632,-36374.573728632065,3.5498188764698972
PROJ_0633,IT,Critical,1,64558.84922703868,True,True,0.8752858217997781,1.0000000000000002,453095.6,517654.44922703865,517654.4492270386,-64558.84922703862,14.248394649393775
PROJ_0634,R&D,Low,2,-17837.166695747757,True,False,1.009956454336865,1.0,1809355.12,1791517.9533042524,1791517.9533042524,17837.166695747757,-0.9858300616933484
PROJ_0635,Manufacturing,Critical,1,8041.5909182743635,True,True,0.9904183698731986,1.0000000000000002,831230.1,839271.6909182743,839271.690918274,-8041.590918274014,0.9674325939681461
PROJ_0636,IT,Medium,3,17725.495960998116,True,True,0.9890791474388386,0.9999999999999996,1605361.7,1623087.195960998,1623087.1959609988,-17725.495960998815,1.1041434438730422
PROJ_0637,Construction,Critical,2,167287.59076996287,True,True,0.9291084631702572,0.9999999999999998,2192480.56,2359768.150769963,2359768.150769963,-167287.59076996287,7.630060390134672
PROJ_0638,Manufacturing,Medium,2,-4048.8456553805154,True,False,1.0041846617207637,1.0,971593.16,967544.3143446196,967544.3143446195,4048.8456553805154,-0.4167223300934431
PROJ_0639,Manufacturing,Medium,1,490.893776918645,True,True,0.9995039592766468,1.0,989133.05,989623.9437769188,989623.9437769188,-490.89377691876143,0.04962869018670051
PROJ_0640,IT,Medium,0,52774.54155092896,False,True,0.9345389775500992,0.9999999999999996,753423.4,806197.941550929,806197.9415509292,-52774.54155092919,7.004632660855662
PROJ_0641,IT,High,2,-26616.274478665087,True,False,1.0210065584305064,0.9999999999999994,1293662.21,1267045.9355213349,1267045.9355213353,26616.27447866462,-2.057436189518485
PROJ_0642,Construction,Critical,2,309440.7945700586,True,True,0.8799720706067896,0.9999999999999998,2268632.46,2578073.2545700585,2578073.254570059,-309440.79457005905,13.639970335699909
PROJ_0643,Marketing,High,-1,-3102.543729419704,False,False,1.0030482581047475,1.0000000000000004,1020911.28,1017808.7362705804,1017808.7362705804,3102.543729419587,-0.3038994465238534
PROJ_0644,Marketing,High,-1,3221.457368396572,False,True,0.9968386827946948,1.0,1015802.31,1019023.7673683966,1019023.7673683967,-3221.4573683966883,0.3171342825944832
PROJ_0645,Construction,High,0,137126.68682059296,False,True,0.9373161296046268,0.9999999999999996,2050464.57,2187591.256820593,2187591.2568205935,-137126.68682059343,6.687591135534395
PROJ_0646,IT,Medium,0,78816.55863282393,False,True,0.8364027617372441,1.0000000000000002,402955.38,481771.93863282393,481771.9386328239,-78816.55863282387,19.559624351664908
PROJ_0647,IT,High,-1,92457.28707572096,False,True,0.9447330909021796,1.0,1580465.78,1672923.067075721,1672923.0670757208,-92457.28707572073,5.850002464192595
PROJ_0648,Construction,High,-2,11513.734419549,False,True,0.9877942636066036,0.9999999999999998,931791.45,943305.184419549,943305.1844195492,-11513.734419549233,1.235655727421542
PROJ_0649,IT,High,0,56000.5433145134,False,True,0.9040538565898014,1.0,527665.89,583666.4333145134,583666.4333145134,-56000.5433145134,10.612879167632647
PROJ_0650,Construction,Medium,0,24740.59761596145,False,True,0.9794350599444468,1.0000000000000004,1178306.8,1203047.3976159615,1203047.3976159615,-24740.59761596145,2.099673668688108
PROJ_0651,Construction,Medium,1,40441.16610897612,True,True,0.976281845168524,1.0000000000000004,1664631.02,1705072.186108976,1705072.186108976,-40441.166108975885,2.429437252044954
PROJ_0652,IT,Medium,1,-49332.89591611957,True,False,1.0528571476023592,1.0000000000000002,982657.87,933324.9740838804,933324.9740838803,49332.89591611968,-5.0203532096191
PROJ_0653,Construction,Medium,1,152521.5705435141,True,True,0.9336851241384468,0.9999999999999996,2147438.56,2299960.130543514,2299960.1305435146,-152521.57054351456,7.102488210117386
PROJ_0654,R&D,Critical,0,188044.5456187455,False,True,0.9078707716553558,1.0,1853050.87,2041095.4156187456,2041095.415618746,-188044.54561874596,10.147835046684172
PROJ_0655,IT,Medium,1,47384.85345633933,True,True,0.923879887193061,1.0,575116.24,622501.0934563393,622501.0934563394,-47384.85345633945,8.239178475700747
PROJ_0656,Construction,High,-2,51084.616725782864,False,True,0.9840035811773654,1.0,3142418.71,3193503.326725783,3193503.3267257824,-51084.6167257824,1.625646402983083
PROJ_0657,Manufacturing,Critical,0,93468.97647102956,False,True,0.8335096364658727,1.0000000000000002,467938.75,561407.7264710296,561407.7264710296,-93468.97647102957,19.974617718885128
PROJ_0658,IT,Critical,1,72051.5349743336,True,True,0.9175582896941358,0.9999999999999996,801917.9,873969.4349743336,873969.4349743339,-72051.53497433383,8.984901693095244
PROJ_0659,IT,High,1,16722.843077399186,True,True,0.9783789816609528,1.0,756730.23,773453.0730773992,773453.0730773988,-16722.843077398837,2.209881727256864
PROJ_0660,IT,Medium,1,-48600.67301384598,True,False,1.104683506037572,1.0,512863.62,464262.946986154,464262.946986154,48600.67301384598,-9.476334666484236
PROJ_0661,R&D,High,1,113803.56319077755,True,True,0.9312441511953274,1.0000000000000002,1541380.18,1655183.7431907775,1655183.743190777,-113803.56319077709,7.383224766181766
PROJ_0662,Healthcare,Medium,0,-6264.048002728261,False,False,1.010387334642754,1.0000000000000002,609310.76,603046.7119972717,603046.7119972717,6264.048002728261,-1.028054715910197
PROJ_0663,R&D,High,1,314613.82348465035,True,True,0.8856537611115396,1.0000000000000009,2436800.01,2751413.83348465,2751413.83348465,-314613.82348465035,12.910941488573386
PROJ_0664,R&D,Medium,3,223048.2982753683,True,True,0.9082873263197117,1.0000000000000004,2208985.24,2432033.5382753685,2432033.5382753657,-223048.2982753655,10.097319540051137
PROJ_0665,IT,Low,0,58981.44530975644,False,True,0.9040256216997216,1.0000000000000002,555572.63,614554.0753097564,614554.0753097563,-58981.445309756324,10.616333873350875
PROJ_0666,IT,Low,1,-41835.13588923344,True,False,1.068539121109791,1.0000000000000002,652218.45,610383.3141107665,610383.3141107665,41835.13588923344,-6.414282804976376
PROJ_0667,IT,Critical,1,6892.446716272272,True,True,0.9903160091549206,1.0,704843.74,711736.1867162723,711736.1867162721,-6892.446716272156,0.9778687565944979
PROJ_0668,IT,Low,1,74974.6213514565,True,True,0.9215983542237608,1.0000000000000002,881314.25,956288.8713514564,956288.8713514565,-74974.6213514565,8.507138214485526
PROJ_0669,Manufacturing,Critical,0,15134.698635082168,False,True,0.9693622021221532,1.0000000000000002,478853.11,493987.80863508215,493987.8086350821,-15134.69863508211,3.160614041972518
PROJ_0670,R&D,Critical,3,280447.56615457544,True,True,0.8845977245673814,0.9999999999999998,2149726.06,2430173.6261545755,2430173.626154576,-280447.5661545759,13.045735053078152
PROJ_0671,Marketing,Low,2,-39028.051157851936,True,False,1.0411604719441516,1.0000000000000002,987220.56,948192.508842148,948192.5088421481,39028.051157851936,-3.9533264134867627
PROJ_0672,R&D,High,3,332327.4147561663,True,True,0.8686481811163327,0.9999999999999998,2197728.26,2530055.674756166,2530055.6747561665,-332327.41475616675,15.121406081212552
PROJ_0673,IT,High,1,-31391.09631358797,True,False,1.059621483264989,1.0,557897.56,526506.4636864121,526506.4636864121,31391.096313587972,-5.626677469890344
PROJ_0674,IT,High,0,125801.01527677896,False,True,0.8883538206375402,1.0,1000981.97,1126782.985276779,1126782.9852767792,-125801.01527677919,12.567760364033248
PROJ_0675,IT,Medium,2,25097.628302236088,True,True,0.9834912013073416,1.0,1495160.07,1520257.6983022362,1520257.698302236,-25097.628302235855,1.6785913967215467
PROJ_0676,Construction,High,0,-26150.665547852404,False,False,1.0323443904019856,1.0000000000000002,834657.65,808506.9844521476,808506.9844521477,26150.665547852288,-3.1331008046056112
PROJ_0677,IT,Low,1,15240.907667679712,True,True,0.98158167748219,1.0,812245.29,827486.1976676797,827486.1976676796,-15240.907667679596,1.8763922494003746
PROJ_0678,Healthcare,Low,0,-2666.7541726735653,False,False,1.0048011030280917,0.9999999999999998,558112.9,555446.1458273265,555446.1458273266,2666.754172673449,-0.4778162577273253
PROJ_0679,Marketing,Low,1,68312.55723728833,True,True,0.9344440908503512,1.0,973737.78,1042050.3372372884,1042050.3372372886,-68312.55723728857,7.015498283047881
PROJ_0680,Construction,Low,1,609944.0141932094,True,True,0.80450766845196,0.9999999999999998,2510096.6,3120040.614193209,3120040.6141932094,-609944.0141932094,24.299623137739374
PROJ_0681,R&D,Critical,1,288555.7596496083,True,True,0.8449247374910113,1.0000000000000002,1572190.79,1860746.5496496083,1860746.549649608,-288555.75964960805,18.35373680376337
PROJ_0682,Marketing,Low,3,171729.59602156747,True,True,0.9073084016274948,1.0,1680969.02,1852698.6160215675,1852698.6160215673,-171729.59602156724,10.216107136916017
PROJ_0683,Marketing,Medium,1,15692.92315817444,True,True,0.9556879107420052,0.9999999999999996,338452.49,354145.41315817443,354145.4131581745,-15692.923158174497,4.636669435693765
PROJ_0684,Healthcare,Critical,2,-2372.956681536394,True,False,1.002603621270901,0.9999999999999996,913779.2,911406.2433184636,911406.2433184639,2372.956681536045,-0.2596860030887161
PROJ_0685,Manufacturing,Critical,1,47104.34798470652,True,True,0.932588624044351,1.0,651655.28,698759.6279847065,698759.6279847065,-47104.34798470652,7.228414996454339
PROJ_0686,Construction,Medium,-3,-68131.14844138641,False,False,1.0838103015883211,1.0,881052.08,812920.9315586135,812920.9315586135,68131.14844138641,-7.732930888873948
PROJ_0687,R&D,High,2,114866.5491914628,True,True,0.9414431267271364,1.0,1846757.13,1961623.6791914627,1961623.679191463,-114866.54919146304,6.219905548244075
PROJ_0688,IT,Medium,1,-64207.28625317151,True,False,1.0575151189710106,1.0000000000000004,1180562.21,1116354.9237468285,1116354.9237468278,64207.286253172206,-5.438704179186983
PROJ_0689,R&D,Critical,2,227494.32965069683,True,True,0.9267044815426494,0.9999999999999996,2876301.57,3103795.8996506967,3103795.8996506967,-227494.32965069683,7.909265566012845
PROJ_0690,R&D,Medium,0,37936.93872344843,False,True,0.9668707837044244,1.0000000000000009,1107183.38,1145120.3187234483,1145120.3187234474,-37936.9387234475,3.4264367952712136
PROJ_0691,Construction,Critical,3,76009.02765139262,True,True,0.9515087047898828,1.0000000000000002,1491468.75,1567477.7776513926,1567477.7776513922,-76009.02765139216,5.096253451598779
PROJ_0692,Manufacturing,Medium,0,-4051.461326872639,False,False,1.014832377331347,1.0,277201.29,273149.82867312734,273149.82867312734,4051.461326872639,-1.4615593336065065
PROJ_0693,IT,Critical,5,167406.93050887017,True,True,0.883677004948854,1.0,1271749.02,1439155.9505088702,1439155.9505088707,-167406.93050887063,13.163519521239389
PROJ_0694,R&D,High,-2,383636.2245126749,False,True,0.8615004122798021,0.9999999999999996,2386308.66,2769944.884512675,2769944.884512677,-383636.2245126767,16.076555013326598
PROJ_0695,Construction,Medium,0,166263.8418907046,False,True,0.9033920345498924,1.0000000000000002,1554752.03,1721015.8718907046,1721015.8718907041,-166263.84189070412,10.693913799919857
PROJ_0696,Marketing,Low,0,18573.142446713173,False,True,0.9782133612955038,1.0,833928.37,852501.5124467132,852501.512446713,-18573.142446713056,2.227186784245397
PROJ_0697,IT,Medium,-1,-8011.0671956771985,False,False,1.0113600480737148,1.0,713207.66,705196.5928043228,705196.5928043231,8011.067195676966,-1.1232446936530331
PROJ_0698,Healthcare,High,4,33953.30150661839,True,True,0.9667402866282324,1.0000000000000004,986900.4,1020853.7015066184,1020853.7015066182,-33953.301506618154,3.4403979881473505
PROJ_0699,IT,High,2,57523.04001629294,True,True,0.9366891553767526,1.0,851058.11,908581.1500162928,908581.1500162929,-57523.04001629294,6.75900262748133
PROJ_0700,IT,Medium,3,178244.60670379433,True,True,0.8834389289214237,1.0,1350950.39,1529194.9967037942,1529194.996703794,-178244.6067037941,13.194015710953982
PROJ_0701,IT,Critical,2,130070.96709650056,True,True,0.9001063675442238,0.9999999999999998,1172023.71,1302094.6770965003,1302094.6770965003,-130070.96709650033,11.097980867341015
PROJ_0702,Healthcare,Low,2,87824.5792717326,True,True,0.923729845670607,1.0000000000000002,1063668.82,1151493.399271733,1151493.3992717324,-87824.57927173236,8.25675977525903
PROJ_0703,IT,High,1,86066.88214658131,True,True,0.8855529341232266,1.0000000000000004,665956.61,752023.4921465813,752023.492146581,-86066.88214658096,12.923797264596706
PROJ_0704,Healthcare,Low,0,74644.4096302035,False,True,0.925212498667967,1.0,923442.28,998086.6896302036,998086.6896302033,-74644.40963020327,8.083278321434802
PROJ_0705,IT,Critical,-1,-39639.90881985513,False,False,1.1042591395203392,1.0,419845.51,380205.6011801449,380205.6011801449,39639.90881985513,-9.441546444037268
PROJ_0706,Manufacturing,High,1,27682.09482098953,True,True,0.9026672248634736,0.9999999999999996,256724.62,284406.7148209895,284406.7148209896,-27682.094820989587,10.782797076879337
PROJ_0707,Healthcare,Medium,0,2687.179293517664,False,True,0.9946416556747446,1.0,498807.15,501494.3292935177,501494.3292935177,-2687.1792935176636,0.5387210855974425
PROJ_0708,IT,Medium,1,25498.060807674658,True,True,0.9422259100632084,1.0,415842.7,441340.7608076746,441340.7608076746,-25498.0608076746,6.131660074271978
PROJ_0709,Marketing,Medium,1,24895.550451555755,True,True,0.9616804396734048,1.0,624787.02,649682.5704515558,649682.5704515559,-24895.55045155587,3.9846459120671023
PROJ_0710,Marketing,High,1,17225.490471568424,True,True,0.9772793624969104,1.0000000000000002,740917.43,758142.9204715685,758142.9204715682,-17225.49047156819,2.3248866572849
PROJ_0711,IT,Medium,1,8094.575908484752,True,True,0.9869147186783483,0.9999999999999998,610507.02,618601.5959084848,618601.5959084852,-8094.575908485218,1.3258776137390227
PROJ_0712,Construction,Medium,1,31790.50978422491,True,True,0.987605389427546,1.0000000000000004,2533075.05,2564865.5597842247,2564865.5597842243,-31790.509784224443,1.2550164980001064
PROJ_0713,IT,Low,2,148738.0056599588,True,True,0.8467876885810318,1.0,822058.69,970796.6956599588,970796.6956599589,-148738.00565995893,18.093356042493625
PROJ_0714,Construction,Low,5,180219.72351969036,True,True,0.8943201309871036,1.0000000000000002,1525116.64,1705336.3635196902,1705336.3635196898,-180219.72351968987,11.816782978624499
PROJ_0715,IT,Medium,0,-10820.530824947173,False,False,1.010542036890354,1.0,1037238.0,1026417.4691750528,1026417.4691750528,10820.530824947171,-1.043206171095464
PROJ_0716,Construction,Low,1,87294.37174638407,True,True,0.9380928397800876,1.0,1322790.85,1410085.2217463842,1410085.2217463842,-87294.37174638407,6.599257301060411
PROJ_0717,Construction,High,2,250570.98142111232,True,True,0.8199873897803923,1.0,1141392.51,1391963.4914211123,1391963.491421113,-250570.981421113,21.9530949454989
PROJ_0718,IT,Medium,1,22451.895280842906,True,True,0.98096594452272,0.9999999999999996,1157112.56,1179564.455280843,1179564.4552808432,-22451.895280843135,1.9403380498128144
PROJ_0719,Marketing,Low,1,69254.7267265825,True,True,0.947423028202664,1.0,1247951.73,1317206.4567265825,1317206.4567265825,-69254.7267265825,5.549471591067269
PROJ_0720,IT,Critical,-1,107537.92281039128,False,True,0.9040333254590884,1.0,1013037.77,1120575.6928103913,1120575.6928103913,-107537.92281039129,10.615391251442805
PROJ_0721,Healthcare,Medium,2,116671.68047518285,True,True,0.9146948812228708,0.9999999999999998,1251026.79,1367698.4704751829,1367698.4704751836,-116671.68047518353,9.326073702640974
PROJ_0722,Construction,Medium,-1,20704.901177755903,False,True,0.9800930287787334,1.0000000000000002,1019378.04,1040082.941177756,1040082.941177756,-20704.901177755906,2.0311307841942434
PROJ_0723,IT,High,1,11324.55942983646,True,True,0.9817758841550842,1.0,610080.59,621405.1494298364,621405.1494298365,-11324.559429836576,1.8562399157522087
PROJ_0724,Marketing,High,0,30340.726679828836,False,True,0.9311671899860836,1.0000000000000002,410448.0,440788.7266798288,440788.7266798288,-30340.726679828775,7.392100017500091
PROJ_0725,IT,Low,3,7026.798638625885,True,True,0.9929841884634798,1.0000000000000002,994539.25,1001566.048638626,1001566.0486386258,-7026.798638625769,0.7065380917470848
PROJ_0726,Construction,Low,0,87839.29003522103,False,True,0.9278899675148564,1.0,1130289.27,1218128.560035221,1218128.560035221,-87839.29003522103,7.771399089298709
PROJ_0727,Marketing,Medium,0,42727.78154615208,False,True,0.948171887071367,1.0,781685.44,824413.221546152,824413.221546152,-42727.78154615208,5.466109429664199
PROJ_0728,IT,Medium,1,8879.238712906605,True,True,0.9916540897299608,1.0000000000000002,1055023.73,1063902.9687129066,1063902.9687129061,-8879.238712906139,0.8416150708672817
PROJ_0729,IT,Critical,0,-5558.1496959764045,False,False,1.0096000407292225,1.0000000000000002,584529.62,578971.4703040236,578971.4703040236,5558.1496959764045,-0.9508756281634461
PROJ_0730,R&D,Critical,3,397440.4662993127,True,True,0.8746355565490594,1.0000000000000002,2772840.16,3170280.626299313,3170280.626299313,-397440.46629931265,14.333334897288585
PROJ_0731,Marketing,Medium,1,-2036.4424909512163,True,False,1.0044286316718034,1.0000000000000002,461872.04,459835.5975090488,459835.59750904876,2036.4424909512163,-0.4409105368125805
PROJ_0732,Construction,Critical,-1,9296.944605565164,False,True,0.9963838254753408,1.0,2561636.66,2570933.6046055653,2570933.6046055653,-9296.944605565164,0.3629298702168466
PROJ_0733,Construction,High,-1,14195.37455426529,False,True,0.9869624239280363,1.0,1074609.36,1088804.7345542654,1088804.7345542656,-14195.374554265523,1.3209799842303183
PROJ_0734,Manufacturing,Low,2,75297.91146735614,True,True,0.935170912663009,1.0,1086185.53,1161483.4414673562,1161483.4414673562,-75297.91146735614,6.932325039107834
PROJ_0735,Marketing,Medium,1,5930.091122208862,True,True,0.9925782086916074,1.0000000000000002,793080.67,799010.7611222089,799010.761122209,-5930.091122208978,0.7477286165868824
PROJ_0736,Manufacturing,Medium,1,-7050.932525119162,True,False,1.0164719293462945,1.0000000000000002,435108.41,428057.4774748808,428057.4774748807,7050.932525119279,-1.6205001703183075
PROJ_0737,IT,Medium,1,13133.950616952498,True,True,0.988843172445168,1.0,1164077.99,1177211.9406169525,1177211.9406169525,-13133.950616952498,1.1282706768601043
PROJ_0738,Marketing,Medium,1,4956.528441254632,True,True,0.9936582289146024,1.0,776611.96,781568.4884412546,781568.4884412546,-4956.528441254632,0.6382245827445964
PROJ_0739,Construction,Critical,0,22761.34441934363,False,True,0.985801939701906,1.0,1580369.22,1603130.5644193436,1603130.5644193434,-22761.344419343397,1.4402548550865473
PROJ_0740,Construction,Low,0,167109.00464090798,False,True,0.9307628595249496,0.9999999999999998,2246465.61,2413574.614640908,2413574.614640908,-167109.00464090798,7.438751962061328
PROJ_0741,Marketing,High,1,162606.517583419,True,True,0.815925023643233,1.0000000000000004,720764.6,883371.117583419,883371.1175834185,-162606.51758341852,22.56028078840422
PROJ_0742,Marketing,Low,2,82002.5858058997,True,True,0.8849467419292654,1.0000000000000002,630733.3,712735.8858058997,712735.8858058999,-82002.58580589981,13.001150534766406
PROJ_0743,Construction,High,-2,100801.2246796186,False,True,0.9343571810499852,1.0,1434800.48,1535601.7046796186,1535601.7046796181,-100801.22467961814,7.025452394580893
PROJ_0744,Healthcare,High,0,152919.32844765345,False,True,0.7702957156654741,0.9999999999999996,512803.25,665722.5784476534,665722.5784476536,-152919.32844765356,29.820272872228003
PROJ_0745,IT,Critical,2,217868.1686915483,True,True,0.8874922526846818,1.0,1718604.42,1936472.588691548,1936472.588691549,-217868.16869154898,12.677039937529603
PROJ_0746,IT,Medium,0,18908.8183362243,False,True,0.9655543806106917,1.0,530038.15,548946.9683362243,548946.9683362243,-18908.8183362243,3.5674447841583286
PROJ_0747,IT,High,2,30749.834179628524,True,True,0.958597654728829,1.0,711957.71,742707.5441796285,742707.5441796285,-30749.834179628524,4.319053470132169
PROJ_0748,Construction,High,0,-15685.035946335876,False,False,1.0109084046566104,0.9999999999999996,1453570.45,1437885.414053664,1437885.4140536648,15685.035946335178,-1.07906953848265
PROJ_0749,IT,Medium,1,186219.82372073783,True,True,0.8536197168249469,1.0,1085944.84,1272164.663720738,1272164.663720738,-186219.82372073783,17.148184406929712
PROJ_0750,Marketing,Low,0,-17198.73198298877,False,False,1.018146176751762,1.0000000000000002,964986.92,947788.1880170112,947788.188017011,17198.731982989004,-1.7822761766541875
PROJ_0751,Marketing,Low,2,-2366.087075496908,True,False,1.0033985894499131,1.0,698562.88,696196.7929245031,696196.7929245034,2366.087075496558,-0.33870781618063617
PROJ_0752,Marketing,Medium,3,76969.0521349553,True,True,0.939556375708916,1.0,1196433.28,1273402.332134955,1273402.3321349553,-76969.0521349553,6.4332088902571565
PROJ_0753,IT,Low,1,12174.277099102212,True,True,0.9759142124516086,1.0000000000000002,493280.53,505454.80709910224,505454.8070991022,-12174.277099102153,2.4680230332833437
PROJ_0754,R&D,Medium,1,152709.16181409569,True,True,0.8979922385440956,0.9999999999999998,1344325.57,1497034.7318140958,1497034.7318140962,-152709.16181409615,11.359537095920606
PROJ_0755,Healthcare,Low,1,94646.753931334,True,True,0.8691426092571712,1.0000000000000004,628634.93,723281.6839313341,723281.6839313337,-94646.75393133366,15.055917101414273
PROJ_0756,Construction,Medium,0,102003.50931914966,False,True,0.941463968513769,1.0,1640572.93,1742576.4393191496,1742576.43931915,-102003.50931915012,6.21755409064016
PROJ_0757,Marketing,Critical,1,56028.30468242394,True,True,0.9117777285270368,1.0000000000000002,579052.88,635081.184682424,635081.184682424,-56028.30468242394,9.675852865531718
PROJ_0758,IT,Low,2,17736.008533104556,True,True,0.9851757546049208,0.9999999999999998,1178682.97,1196418.9785331043,1196418.9785331048,-17736.00853310479,1.5047310417240345
PROJ_0759,Construction,High,-1,181177.54860520732,False,True,0.9416684255977004,1.0000000000000002,2924816.94,3105994.4886052078,3105994.4886052073,-181177.54860520735,6.194491905712477
PROJ_0760,Marketing,Medium,4,126407.07643917004,True,True,0.8836542938799081,1.0,960071.15,1086478.22643917,1086478.2264391703,-126407.07643917028,13.166427971423813
PROJ_0761,IT,Critical,2,71919.33956091711,True,True,0.9362982335158252,0.9999999999999998,1057081.37,1129000.7095609172,1129000.7095609172,-71919.33956091711,6.803576489189012
PROJ_0762,R&D,Medium,0,122860.34880745574,False,True,0.9321842924273842,1.0,1688819.47,1811679.818807456,1811679.818807456,-122860.34880745597,7.274924939576636
PROJ_0763,R&D,Critical,1,427480.4394906308,True,True,0.7919850717975639,1.0000000000000002,1627566.49,2055046.9294906307,2055046.92949063,-427480.43949063006,26.26500619895597
PROJ_0764,Healthcare,Critical,0,6529.936805263336,False,True,0.9803681955922,0.9999999999999998,326090.37,332620.30680526333,332620.30680526333,-6529.936805263336,2.002492991517455
PROJ_0765,IT,Low,0,48993.35333223548,False,True,0.941325279207146,1.0000000000000002,786005.99,834999.3433322355,834999.3433322354,-48993.35333223536,6.233203557677132
PROJ_0766,IT,Critical,0,10632.804511219148,False,True,0.9837910351173204,0.9999999999999998,645350.14,655982.9445112192,655982.9445112192,-10632.804511219147,1.6476024180019775
PROJ_0767,IT,Medium,2,12684.983816279564,True,True,0.989647738595368,1.0000000000000002,1212649.59,1225334.5738162796,1225334.5738162794,-12684.983816279331,1.0460551771001985
PROJ_0768,Marketing,High,-1,21052.498807648542,False,True,0.9726202113373918,1.0,747854.05,768906.5488076486,768906.5488076488,-21052.49880764878,2.815054462518292
PROJ_0769,IT,Critical,1,-7934.547410704778,True,False,1.0190272014611368,1.0000000000000002,424945.29,417010.7425892952,417010.7425892952,7934.547410704778,-1.8671926945477566
PROJ_0770,IT,Low,0,61996.57544929482,False,True,0.8922521526825726,1.0000000000000002,513389.17,575385.7454492948,575385.7454492947,-61996.5754492947,12.075941424571676
PROJ_0771,IT,Medium,1,151054.52036261186,True,True,0.8803495599484946,1.0000000000000002,1111410.71,1262465.2303626118,1262465.2303626116,-151054.52036261163,13.591242103705445
PROJ_0772,Construction,Critical,-1,109151.87057187548,False,True,0.9155742128481452,1.0,1183721.72,1292873.5905718757,1292873.5905718755,-109151.87057187548,9.221075251696446
PROJ_0773,IT,Low,2,80952.89737876528,True,True,0.9035595835081588,1.0000000000000002,758455.52,839408.4173787653,839408.4173787654,-80952.8973787654,10.673387594142026
PROJ_0774,Manufacturing,Medium,1,7620.401059036783,True,True,0.978670088911525,1.0,349643.21,357263.6110590368,357263.6110590368,-7620.401059036783,2.17947920654223
PROJ_0775,Construction,Medium,2,7074.513178507797,True,True,0.9966756728840288,0.9999999999999998,2121029.29,2128103.803178508,2128103.803178508,-7074.513178507797,0.33354151269206644
PROJ_0776,Healthcare,Low,1,56334.14524277742,True,True,0.9368977797606376,1.0,836410.12,892744.2652427774,892744.2652427775,-56334.14524277754,6.7352299901366015
PROJ_0777,Marketing,Critical,-2,119779.50669880932,False,True,0.8928273471407673,0.9999999999999998,997851.75,1117631.256698809,1117631.2566988096,-119779.50669880956,12.00373769939368
PROJ_0778,IT,High,0,-52842.695464521705,False,False,1.1046793295051471,0.9999999999999996,557648.14,504805.4445354783,504805.44453547837,52842.69546452165,-9.475992417821324
PROJ_0779,IT,High,0,94646.41894661124,False,True,0.9078270790800784,0.9999999999999998,932188.99,1026835.4089466112,1026835.4089466113,-94646.41894661135,10.153136323419927
PROJ_0780,Manufacturing,Critical,-1,75515.30113162228,False,True,0.9217505715940988,1.0,889543.52,965058.8211316224,965058.8211316223,-75515.30113162228,8.489219406783187
PROJ_0781,IT,High,0,3502.9666910783853,False,True,0.9945238249190648,1.0000000000000004,636171.01,639673.9766910784,639673.9766910784,-3502.9666910783853,0.5506328700954772
PROJ_0782,Manufacturing,Low,0,-14867.047483349626,False,False,1.0333550159302545,1.0000000000000002,460588.54,445721.4925166504,445721.4925166503,14867.047483349685,-3.2278370372284306
PROJ_0783,IT,Medium,3,39267.09107054607,True,True,0.971388118015134,1.0000000000000009,1333137.95,1372405.041070546,1372405.0410705456,-39267.091070545604,2.9454634511413924
PROJ_0784,R&D,High,0,219269.40945491777,False,True,0.8501308151356071,1.0,1243802.6,1463072.009454918,1463072.009454918,-219269.409454918,17.628955708479623
PROJ_0785,Manufacturing,High,1,26465.05403817288,True,True,0.9202562253843644,0.9999999999999996,305411.06,331876.1140381729,331876.11403817305,-26465.054038173053,8.665388227319944
PROJ_0786,Manufacturing,Medium,0,20025.596468404867,False,True,0.9418559237256466,0.9999999999999998,324387.76,344413.3564684049,344413.356468405,-20025.596468404983,6.173351444704629
PROJ_0787,Construction,High,1,166158.08605744876,True,True,0.934636272783304,0.9999999999999998,2375895.33,2542053.416057449,2542053.4160574493,-166158.08605744923,6.993493524710502
PROJ_0788,R&D,Critical,2,153857.73978429846,True,True,0.934155192765066,0.9999999999999998,2182814.6,2336672.3397842986,2336672.3397842995,-153857.7397842994,7.048594039287597
PROJ_0789,Manufacturing,High,0,4198.875925270724,False,True,0.9954187139879976,0.9999999999999998,912328.91,916527.7859252708,916527.785925271,-4198.875925270957,0.4602370788919707
PROJ_0790,Manufacturing,Medium,2,31128.569653963263,True,True,0.932683669516132,1.0,431293.69,462422.25965396327,462422.2596539632,-31128.569653963204,7.21748784545473
PROJ_0791,Construction,Low,-3,222328.00474706225,False,True,0.8996400151808207,0.9999999999999998,1992977.28,2215305.2847470623,2215305.2847470627,-222328.0047470627,11.155571464771675
PROJ_0792,IT,High,2,75516.41072346689,True,True,0.946037981159753,1.0000000000000004,1323919.94,1399436.3507234668,1399436.3507234661,-75516.4107234662,5.704001310189965
PROJ_0793,Healthcare,Low,1,929.1967032952234,True,True,0.9985861522649468,1.0,656282.1,657211.2967032952,657211.2967032953,-929.1967032953398,0.14158495307053778
PROJ_0794,Construction,Critical,1,464756.8859761781,True,True,0.8454262339958383,0.9999999999999992,2541942.75,3006699.635976178,3006699.6359761804,-464756.88597618043,18.2835308142239
PROJ_0795,Marketing,Critical,2,41813.85394904413,True,True,0.9364405815279314,1.0,616056.45,657870.3039490441,657870.3039490442,-41813.85394904425,6.787341314102669
PROJ_0796,IT,Medium,1,75118.20431739208,True,True,0.9263751112135096,1.0000000000000002,945164.55,1020282.754317392,1020282.7543173921,-75118.20431739208,7.947632432616318
PROJ_0797,IT,Low,2,171243.71306134935,True,True,0.8398186710985238,1.0000000000000002,897817.92,1069061.6330613494,1069061.6330613492,-171243.71306134912,19.073323136761307
PROJ_0798,Construction,Critical,3,72932.05971424375,True,True,0.9445646061732936,1.0,1242690.59,1315622.6497142438,1315622.649714244,-72932.05971424398,5.868883236191881
PROJ_0799,Construction,Critical,2,335609.9805345582,True,True,0.8626652086827691,1.0000000000000002,2108126.07,2443736.050534558,2443736.0505345576,-335609.9805345577,15.919824972069044
PROJ_0800,Construction,Critical,1,-10640.813503382613,True,False,1.0111435962229145,1.0,965522.28,954881.4664966174,954881.4664966173,10640.813503382728,-1.1020785044321015
PROJ_0801,Construction,Critical,-1,177873.05148080387,False,True,0.9012100309334348,1.0,1622644.28,1800517.331480804,1800517.3314808032,-177873.05148080317,10.96192515347869
PROJ_0802,Construction,High,1,74745.32783106901,True,True,0.9474294477587828,0.9999999999999998,1347064.5,1421809.827831069,1421809.8278310692,-74745.32783106924,5.548756413005409
PROJ_0803,Marketing,High,0,94587.02158794052,False,True,0.9099686700856586,0.9999999999999996,956014.16,1050601.1815879403,1050601.1815879408,-94587.02158794075,9.893893369522972
PROJ_0804,Construction,High,2,42584.542092488846,True,True,0.9722249307447796,0.9999999999999996,1490608.47,1533193.0120924888,1533193.0120924888,-42584.542092488846,2.8568563073097826
PROJ_0805,Marketing,Medium,0,-17149.03166667046,False,False,1.018072652113526,1.0,966043.06,948894.0283333296,948894.0283333296,17149.03166667046,-1.7751829475044785
PROJ_0806,Marketing,Medium,3,65778.77527742449,True,True,0.9150414579329624,1.0,708466.8,774245.5752774245,774245.5752774249,-65778.77527742484,9.284665883768277
PROJ_0807,Construction,Low,2,165512.1028130208,True,True,0.9398465423984652,0.9999999999999998,2585985.64,2751497.742813021,2751497.742813022,-165512.10281302175,6.400348874830633
PROJ_0808,Healthcare,Low,0,4110.894553773804,False,True,0.9954049167681216,1.0,890518.07,894628.9645537738,894628.9645537738,-4110.894553773804,0.4616295493895821
PROJ_0809,IT,Medium,1,49060.61380179226,True,True,0.9268551880936304,1.0000000000000002,621672.04,670732.6538017923,670732.6538017922,-49060.61380179215,7.891719531377371
PROJ_0810,Marketing,Critical,-2,52063.48301154189,False,True,0.9580805455363453,1.0,1189925.08,1241988.563011542,1241988.5630115424,-52063.483011542354,4.375358069731781
PROJ_0811,IT,High,1,5661.434479430434,True,True,0.98884216885316,1.0,501734.17,507395.6044794304,507395.6044794303,-5661.434479430318,1.128373313587615
PROJ_0812,Construction,Critical,3,-77755.19850268005,True,False,1.0512221596701372,1.0000000000000002,1595754.42,1517999.22149732,1517999.22149732,77755.19850267982,-4.87262936753638
PROJ_0813,IT,High,1,69677.37714448618,True,True,0.9365809900518972,1.0000000000000002,1029005.45,1098682.827144486,1098682.827144486,-69677.37714448594,6.77133217753958
PROJ_0814,Healthcare,Medium,2,-35759.985931262374,True,False,1.051898103084539,1.0,724802.24,689042.2540687376,689042.2540687376,35759.985931262374,-4.933757645569966
PROJ_0815,Manufacturing,Medium,0,25677.92821256188,False,True,0.9316943468717104,1.0,350248.91,375926.83821256185,375926.83821256185,-25677.928212561877,7.33133708041001
PROJ_0816,IT,Medium,1,34605.55185433687,True,True,0.9098037530186914,1.0000000000000002,349063.98,383669.5318543369,383669.5318543368,-34605.55185433681,9.91381346604047
PROJ_0817,IT,Low,0,24790.773103943444,False,True,0.9711033337807188,1.0,833120.41,857911.1831039435,857911.1831039434,-24790.773103943327,2.97565307563925
PROJ_0818,IT,Medium,0,54042.37604388234,False,True,0.9424530330043912,0.9999999999999994,885057.96,939100.3360438824,939100.3360438824,-54042.376043882454,6.106083272092424
PROJ_0819,Manufacturing,Medium,2,-5420.405787439784,True,False,1.014700245713068,1.0000000000000002,374149.33,368728.9242125602,368728.9242125601,5420.4057874399,-1.448727914985148
PROJ_0820,IT,Medium,1,39278.37553628522,True,True,0.939151968915822,1.0,606237.59,645515.9655362852,645515.9655362851,-39278.37553628511,6.479039931569587
PROJ_0821,Marketing,Low,1,51016.452418529545,True,True,0.9488925032771888,1.0,947202.12,998218.5724185297,998218.5724185293,-51016.45241852931,5.386015438661531
PROJ_0822,IT,High,1,-2883.6130978690926,True,False,1.0027863587377095,0.9999999999999998,1037787.36,1034903.7469021308,1034903.7469021309,2883.6130978690926,-0.2778616515303378
PROJ_0823,Construction,High,2,2257.7490874668583,True,True,0.9987382603038198,0.9999999999999992,1787135.97,1789393.7190874668,1789393.719087468,-2257.7490874680225,0.12633336944519238
PROJ_0824,IT,Low,1,19341.334057730564,True,True,0.934873445022282,1.0000000000000002,277639.43,296980.76405773056,296980.7640577305,-19341.334057730506,6.966349865266078
PROJ_0825,R&D,High,0,208469.89300489705,False,True,0.9097641800819326,1.0000000000000002,2101808.81,2310278.703004897,2310278.703004896,-208469.89300489612,9.918594498844836
PROJ_0826,Marketing,High,2,-2203.8619269496994,True,False,1.0023337553220515,1.0,946545.33,944341.4680730504,944341.4680730506,2203.86192694935,-0.23283215891513087
PROJ_0827,R&D,Low,2,423822.1510843332,True,True,0.8473833588285423,0.9999999999999998,2353215.45,2777037.6010843334,2777037.6010843334,-423822.1510843332,18.010342023053312
PROJ_0828,Marketing,Medium,2,-36489.33164878748,True,False,1.0308691492941833,0.9999999999999998,1218554.03,1182064.6983512123,1182064.6983512128,36489.33164878725,-2.994477942745571
PROJ_0829,Healthcare,High,1,87905.8268448509,True,True,0.916615925327254,1.0,966322.18,1054228.006844851,1054228.0068448514,-87905.82684485137,9.096948063931572
PROJ_0830,IT,Medium,2,46660.91243571672,True,True,0.97020915131493,1.0000000000000002,1519622.51,1566283.4224357167,1566283.422435716,-46660.91243571602,3.0705594401675462
PROJ_0831,Marketing,Medium,2,8299.509658966912,True,True,0.9783960530371932,1.0000000000000002,375866.85,384166.3596589669,384166.35965896683,-8299.509658966854,2.2080983356118944
PROJ_0832,IT,High,4,207136.4638238782,True,True,0.872320434964842,1.0,1415178.46,1622314.9238238782,1622314.9238238782,-207136.4638238782,14.636773359585915
PROJ_0833,Construction,Medium,3,17802.609790328657,True,True,0.9894303985677604,1.0,1666519.16,1684321.7697903286,1684321.769790328,-17802.60979032819,1.068251131917871
PROJ_0834,Construction,Medium,3,32423.94322103355,True,True,0.9887426596459729,1.0000000000000002,2847825.05,2880248.9932210334,2880248.993221033,-32423.943221033085,1.1385510925621323
PROJ_0835,Manufacturing,Medium,1,68999.53352283954,True,True,0.935402341704102,1.0,999143.42,1068142.9535228396,1068142.9535228398,-68999.53352283977,6.905868781364719
PROJ_0836,R&D,Medium,0,121858.48570158076,False,True,0.9438319289467864,0.9999999999999998,2047674.55,2169533.035701581,2169533.035701581,-121858.48570158076,5.951067062955915
PROJ_0837,Construction,High,-1,42234.40319711599,False,True,0.9718922785435614,0.9999999999999996,1460356.38,1502590.783197116,1502590.7831971163,-42234.40319711645,2.8920614019652144
PROJ_0838,IT,Medium,2,235566.83482480003,True,True,0.8018673636964643,0.9999999999999998,953368.21,1188935.0448248,1188935.0448248,-235566.83482480003,24.708903900288433
PROJ_0839,Healthcare,Medium,0,33567.74804566556,False,True,0.9348831431469752,1.0000000000000002,481932.38,515500.1280456656,515500.12804566557,-33567.74804566556,6.96524023674557
PROJ_0840,Manufacturing,Medium,0,14395.277083828056,False,True,0.9269828304320432,1.0,182753.93,197149.20708382805,197149.2070838281,-14395.277083828114,7.876863213736697
PROJ_0841,Construction,High,2,66309.2316773464,True,True,0.9635231381883904,1.0,1751534.42,1817843.6516773463,1817843.6516773463,-66309.2316773464,3.785779538226054
PROJ_0842,IT,Low,0,105665.96629042248,False,True,0.9166738112647684,1.0,1162434.35,1268100.3162904226,1268100.3162904228,-105665.96629042272,9.090058831315739
PROJ_0843,Construction,Critical,4,60950.92949804175,True,True,0.9521491089204308,1.0000000000000002,1212816.98,1273767.9094980415,1273767.9094980413,-60950.92949804128,5.025566965432928
PROJ_0844,Healthcare,Medium,-2,-22328.03057519777,False,False,1.0245028130451663,1.0000000000000004,933571.59,911243.5594248022,911243.5594248021,22328.03057519789,-2.3916784544823058
PROJ_0845,Construction,Critical,0,365464.1723238719,False,True,0.8609986377364578,0.9999999999999998,2263748.71,2629212.882323872,2629212.8823238723,-365464.17232387234,16.144202344962235
PROJ_0846,Marketing,Low,1,56348.814131217485,True,True,0.8936021650184067,1.0000000000000002,473256.08,529604.8941312175,529604.8941312175,-56348.814131217485,11.90662233673099
PROJ_0847,R&D,Critical,1,-71614.32729526632,True,False,1.0550574230880017,1.0,1372334.98,1300720.6527047337,1300720.652704734,71614.32729526609,-5.218429052596626
PROJ_0848,Healthcare,Medium,2,-379.2748314558994,True,False,1.000371663969108,0.9999999999999998,1020857.08,1020477.805168544,1020477.8051685444,379.27483145555016,-0.03715258863224519
PROJ_0849,IT,Medium,1,46708.20784834749,True,True,0.9530223810431702,1.0000000000000004,947556.91,994265.1178483476,994265.1178483472,-46708.20784834714,4.929330086184178
PROJ_0850,Construction,Critical,1,168454.7964570576,True,True,0.9210032757234036,1.0,1963972.82,2132427.6164570577,2132427.616457058,-168454.79645705805,8.577246830587912
PROJ_0851,Manufacturing,Medium,-1,84279.2023461773,False,True,0.9059319831511768,0.9999999999999996,811659.77,895938.9723461773,895938.9723461776,-84279.20234617754,10.38356285000765
PROJ_0852,IT,Low,1,96599.46434969292,True,True,0.882881594052593,1.0000000000000002,728202.27,824801.7343496929,824801.7343496926,-96599.46434969257,13.265471467109347
PROJ_0853,Construction,Low,0,133834.38582368335,False,True,0.9349969349821888,1.0000000000000002,1925059.08,2058893.4658236837,2058893.4658236837,-133834.38582368358,6.952222257183066
PROJ_0854,R&D,High,4,221594.9155699024,True,True,0.9109944917765056,1.0,2268081.51,2489676.425569902,2489676.4255699017,-221594.91556990193,9.770147791994562
PROJ_0855,IT,Medium,3,75045.74904962326,True,True,0.9510522071795978,1.0,1458133.68,1533179.4290496232,1533179.4290496234,-75045.7490496235,5.146698830084187
PROJ_0856,Construction,Critical,4,114372.39173169388,True,True,0.9536283546843828,0.9999999999999998,2352057.06,2466429.451731694,2466429.4517316944,-114372.39173169434,4.8626537883266465
PROJ_0857,Construction,Low,5,143033.5566431852,True,True,0.9374261635264868,1.0000000000000002,2142802.9,2285836.456643185,2285836.4566431856,-143033.55664318567,6.675068278243682
PROJ_0858,Manufacturing,Medium,0,47975.977873280994,False,True,0.919256391611998,1.0,546200.81,594176.787873281,594176.7878732812,-47975.97787328111,8.783578675630507
PROJ_0859,IT,High,2,56576.0690400647,True,True,0.9228115883952616,1.0,676384.59,732960.6590400647,732960.6590400649,-56576.06904006493,8.364482260020877
PROJ_0860,Healthcare,Critical,0,106506.64996356332,False,True,0.9131236871245612,1.0000000000000004,1119450.65,1225957.2999635632,1225957.2999635625,-106506.64996356261,9.514188942903612
PROJ_0861,R&D,Low,1,44107.19726081262,True,True,0.961952456452758,1.0,1115158.11,1159265.3072608127,1159265.3072608127,-44107.19726081262,3.955241581017836
PROJ_0862,Construction,Medium,-1,-1342.915051152464,False,False,1.0007978441038314,1.0000000000000002,1684522.68,1683179.7649488477,1683179.764948847,1342.9150511529297,-0.07972080560844272
PROJ_0863,IT,Critical,-3,39583.2893863169,False,True,0.9683882946985156,1.0,1212588.62,1252171.909386317,1252171.9093863175,-39583.28938631737,3.2643625986129874
PROJ_0864,R&D,Low,2,144958.07035584305,True,True,0.9298088546916956,0.9999999999999998,1920232.2,2065190.270355843,2065190.2703558435,-144958.07035584352,7.548986542140243
PROJ_0865,Healthcare,Medium,0,-5808.337948719913,False,False,1.0112546700639402,1.0,521890.81,516082.4720512801,516082.4720512802,5808.337948719796,-1.1129412201605535
PROJ_0866,IT,Low,1,156905.07014608663,True,True,0.8993433413282019,0.9999999999999996,1401909.54,1558814.610146087,1558814.6101460867,-156905.07014608663,11.19223927573006
PROJ_0867,Marketing,High,0,85165.80692417128,False,True,0.911756985033797,1.0,879962.22,965128.0269241713,965128.0269241716,-85165.80692417163,9.67834811410104
PROJ_0868,IT,Critical,1,54511.686543869786,True,True,0.9479258709700856,1.0000000000000002,992297.69,1046809.3765438696,1046809.3765438696,-54511.68654386967,5.493481149177085
PROJ_0869,IT,Low,1,63014.02976979106,True,True,0.955533486569849,0.9999999999999996,1354097.97,1417111.999769791,1417111.9997697915,-63014.02976979152,4.653579812234083
PROJ_0870,Manufacturing,Medium,1,39266.15523885505,True,True,0.9488672212523144,1.0000000000000002,728659.16,767925.3152388551,767925.3152388552,-39266.155238855164,5.388823388819426
PROJ_0871,IT,Low,1,40143.38353057299,True,True,0.913018246225377,1.0,421371.61,461514.993530573,461514.99353057303,-40143.383530573046,9.526836307404063
PROJ_0872,Construction,High,3,268464.69575752225,True,True,0.8790655414376352,1.0000000000000002,1951454.25,2219918.9457575222,2219918.945757522,-268464.6957575218,13.757160628158296
PROJ_0873,Marketing,High,-1,25497.811146613443,False,True,0.9681866250553556,0.9999999999999994,775983.05,801480.8611466135,801480.8611466137,-25497.811146613676,3.285872178086065
PROJ_0874,Marketing,High,0,40636.3150402715,False,True,0.9369307856237798,1.0,603676.69,644313.0050402714,644313.0050402714,-40636.3150402715,6.73146995956917
PROJ_0875,R&D,Critical,-3,301216.87439031573,False,True,0.8992997680948053,1.0000000000000004,2690006.37,2991223.244390316,2991223.2443903135,-301216.8743903134,11.197626806746683
PROJ_0876,IT,High,2,-5610.726353553822,True,False,1.0058740156313124,1.0000000000000002,960788.02,955177.2936464462,955177.2936464461,5610.726353553939,-0.5839713065483413
PROJ_0877,IT,High,0,83069.95202575112,False,True,0.8748890435626944,1.0000000000000004,580900.29,663970.2420257512,663970.242025751,-83069.952025751,14.300208393036092
PROJ_0878,IT,Low,1,7318.438881920418,True,True,0.9779253261810966,1.0000000000000004,324212.57,331531.0088819204,331531.00888192037,-7318.43888192036,2.257296465069309
PROJ_0879,IT,Low,3,150641.07886456174,True,True,0.8640535924813434,1.0,957450.57,1108091.6488645617,1108091.648864562,-150641.07886456198,15.733561980600417
PROJ_0880,R&D,Medium,2,-40305.504650105024,True,False,1.0201992056973113,1.0000000000000002,2035705.98,1995400.475349895,1995400.4753498947,40305.50465010526,-1.9799276047764647
PROJ_0881,IT,Medium,1,5758.811474846152,True,True,0.986102829651239,1.0000000000000002,408628.53,414387.3414748462,414387.3414748462,-5758.811474846152,1.4093023497028345
PROJ_0882,IT,Critical,2,132751.01779506728,True,True,0.8961305600882121,1.0000000000000004,1145305.53,1278056.5477950673,1278056.5477950668,-132751.01779506681,11.590882460426679
PROJ_0883,Healthcare,Critical,1,25904.96575969353,True,True,0.9705911522398368,1.0000000000000002,854951.23,880856.1957596935,880856.1957596933,-25904.965759693296,3.0299933903473417
PROJ_0884,IT,Critical,1,20882.43171929114,True,True,0.9727347352143876,0.9999999999999996,745016.3,765898.7317192912,765898.7317192913,-20882.431719291257,2.8029496427516087
PROJ_0885,Healthcare,Low,0,-29520.16990293679,False,False,1.0451186610878356,1.0,683798.67,654278.5000970633,654278.5000970633,29520.16990293679,-4.317085013186233
PROJ_0886,Manufacturing,Medium,0,77670.0630686701,False,True,0.900363632343513,1.0000000000000002,701865.21,779535.2730686701,779535.27306867,-77670.06306866999,11.066236360207965
PROJ_0887,IT,Medium,2,42185.82955776318,True,True,0.9655903444767578,1.0,1183802.31,1225988.1395577632,1225988.1395577632,-42185.82955776318,3.563587366015798
PROJ_0888,Construction,Low,1,80184.39251072542,True,True,0.9214900283222492,1.0,941143.1,1021327.4925107254,1021327.4925107252,-80184.39251072519,8.519893787748662
PROJ_0889,IT,Medium,1,26088.232083133887,True,True,0.95783718446161,1.0000000000000009,592661.53,618749.7620831339,618749.7620831339,-26088.232083133887,4.401877085413978
PROJ_0890,IT,High,0,-12805.03713332722,False,False,1.0101470231677931,1.0000000000000002,1274755.16,1261950.1228666727,1261950.1228666725,12805.037133327452,-1.0045095352528286
PROJ_0891,R&D,High,0,256424.77958474588,False,True,0.8182731008855072,1.0000000000000002,1154619.93,1411044.7095847458,1411044.7095847458,-256424.77958474588,22.20858768519143
PROJ_0892,IT,High,2,186395.3210094415,True,True,0.8523659349949834,0.9999999999999998,1076154.22,1262549.5410094415,1262549.5410094417,-186395.32100944174,17.320502725849252
PROJ_0893,Healthcare,High,1,121937.47792761656,True,True,0.9051540431047358,0.9999999999999998,1163699.59,1285637.0679276166,1285637.0679276166,-121937.47792761656,10.478432662128597
PROJ_0894,IT,Medium,1,-29609.80821369181,True,False,1.0635429188097458,1.0,495591.05,465981.2417863082,465981.24178630806,29609.808213691926,-5.974645469019654
PROJ_0895,IT,Low,1,119627.8267286527,True,True,0.8486276617444086,1.0,670660.73,790288.5567286527,790288.5567286527,-119627.8267286527,17.837308996555187
PROJ_0896,Healthcare,Medium,2,6471.102216264932,True,True,0.9902119935950272,1.0000000000000002,654654.56,661125.662216265,661125.6622162648,-6471.102216264699,0.9884758484329046
PROJ_0897,Marketing,Critical,1,15673.439497596815,True,True,0.9854543148134932,1.0000000000000002,1061858.44,1077531.8794975968,1077531.879497597,-15673.43949759705,1.4760385101423736
PROJ_0898,IT,Medium,2,40606.04009859753,True,True,0.9693441498950952,1.0000000000000002,1283971.16,1324577.2000985974,1324577.200098597,-40606.04009859706,3.1625352160244056
PROJ_0899,IT,Medium,0,73795.58620971732,False,True,0.8841268218768558,0.9999999999999998,563069.54,636865.1262097174,636865.1262097174,-73795.58620971732,13.105945352632167
PROJ_0900,R&D,Low,3,182910.1096315312,True,True,0.9139513350313524,1.0,1942748.78,2125658.889631531,2125658.889631531,-182910.10963153117,9.415016059437761
PROJ_0901,IT,High,0,22584.92989491729,False,True,0.96011412165079,1.0,543653.82,566238.7498949172,566238.7498949174,-22584.92989491741,4.154285146918937
PROJ_0902,Construction,Medium,5,25093.4419062885,True,True,0.987644666571162,1.0000000000000002,2005887.11,2030980.5519062888,2030980.5519062877,-25093.441906287568,1.2509897382155053
PROJ_0903,IT,Critical,1,162188.3796571861,True,True,0.9084437187611248,0.9999999999999994,1609272.6,1771460.9796571862,1771460.979657187,-162188.3796571868,10.078365819264356
PROJ_0904,IT,High,6,98359.39814178795,True,True,0.9047443452564136,0.9999999999999996,934223.9,1032583.298141788,1032583.298141788,-98359.39814178797,10.52846091197067
PROJ_0905,IT,Low,3,64897.15782943485,True,True,0.9271354896114552,1.0,825758.08,890655.2378294348,890655.2378294347,-64897.15782943473,7.859100552722988
PROJ_0906,IT,High,1,110084.33960235142,True,True,0.8967609832414042,0.9999999999999998,956221.24,1066305.5796023514,1066305.5796023514,-110084.33960235142,11.512434047412649
PROJ_0907,R&D,Critical,3,121692.76300978848,True,True,0.9137961825543792,1.0,1289993.71,1411686.4730097884,1411686.473009788,-121692.763009788,9.433593518048085
PROJ_0908,IT,Medium,1,175832.7024789413,True,True,0.8303677845845082,1.0000000000000002,860719.83,1036552.5324789413,1036552.5324789413,-175832.7024789413,20.42856413322571
PROJ_0909,R&D,Critical,0,39345.67242719,False,True,0.9775747371749336,0.9999999999999996,1715178.8,1754524.47242719,1754524.4724271907,-39345.6724271907,2.2939691434613523
PROJ_0910,R&D,Critical,0,-18864.515804193918,False,False,1.0076320312887943,1.0000000000000002,2490620.08,2471755.564195806,2471755.564195806,18864.515804193914,-0.7574224569888601
PROJ_0911,Marketing,Critical,0,57.11184229678474,False,True,0.9999273460466616,1.0,786023.2,786080.3118422967,786080.3118422969,-57.11184229690116,0.00726592323189712
PROJ_0912,Healthcare,Low,-2,14442.460385443876,False,True,0.9811225456226976,1.0000000000000004,750621.52,765063.9803854439,765063.9803854435,-14442.460385443526,1.924066923293583
PROJ_0913,IT,Medium,0,-36391.328642155975,False,False,1.0335747920074825,0.9999999999999998,1120279.76,1083888.431357844,1083888.431357844,36391.328642155975,-3.248414364118832
PROJ_0914,R&D,High,1,-99887.46686113835,True,False,1.151903485149327,1.0000000000000002,757459.39,657571.9231388617,657571.9231388615,99887.46686113847,-13.187171243746606
PROJ_0915,IT,Low,2,8542.068828203715,True,True,0.9906811241110296,1.0000000000000004,908099.48,916641.5488282036,916641.5488282036,-8542.068828203599,0.9406534213854632
PROJ_0916,Marketing,Low,1,35135.89976127632,True,True,0.9679464588212692,1.0,1061026.91,1096162.8097612762,1096162.8097612762,-35135.89976127632,3.3114994002627434
PROJ_0917,IT,High,0,30866.70906886313,False,True,0.9417004167152508,1.0000000000000002,498583.2,529449.9090688631,529449.909068863,-30866.709068863012,6.190884303535099
PROJ_0918,Construction,Low,4,-40547.752324807225,True,False,1.0246639572373386,1.0,1684556.13,1644008.377675193,1644008.3776751924,40547.75232480746,-2.407028866696621
PROJ_0919,R&D,Critical,4,38825.2763947919,True,True,0.985106709942142,1.0000000000000004,2568071.94,2606897.216394792,2606897.21639479,-38825.27639479004,1.5118453572133979
PROJ_0920,Construction,High,3,21623.254513710504,True,True,0.9883168598145275,1.0000000000000004,1829185.19,1850808.4445137104,1850808.4445137098,-21623.254513709806,1.1821249500554838
PROJ_0921,R&D,Critical,1,136032.3417727612,True,True,0.9294551621619134,1.0,1792278.02,1928310.3617727607,1928310.3617727617,-136032.34177276166,7.589912962987833
PROJ_0922,R&D,Critical,4,-46579.48951086402,True,False,1.0207353153265584,0.9999999999999998,2292963.92,2246384.430489136,2246384.4304891364,46579.489510863554,-2.0314096137571824
PROJ_0923,IT,Low,2,2206.857110074954,True,True,0.9984768808082156,1.0,1446699.52,1448906.377110075,1448906.3771100752,-2206.857110075187,0.15254426227190473
PROJ_0924,Healthcare,High,1,35157.0439185687,True,True,0.9353010527785895,0.9999999999999998,508237.33,543394.3739185687,543394.3739185688,-35157.043918568816,6.917446209346491
PROJ_0925,Marketing,Medium,2,18336.805765244644,True,True,0.9805422243003444,1.0,924052.81,942389.6157652448,942389.6157652448,-18336.80576524476,1.9843893732918532
PROJ_0926,Manufacturing,Low,1,-20454.54075730982,True,False,1.046193857518262,1.0,463252.39,442797.8492426902,442797.84924269025,20454.540757309762,-4.415420448734169
PROJ_0927,Construction,Medium,0,75511.85770133557,False,True,0.917253275780088,1.0000000000000002,837054.27,912566.1277013356,912566.1277013355,-75511.85770133545,9.021142404701603
PROJ_0928,Construction,Low,0,-96687.3051228826,False,False,1.046939355087207,0.9999999999999996,2156521.85,2059834.5448771173,2059834.5448771175,96687.3051228826,-4.483483676406181
PROJ_0929,IT,Low,2,110489.69381296948,True,True,0.8991899163974854,1.0000000000000002,985528.58,1096018.2738129694,1096018.2738129692,-110489.69381296926,11.211211532086594
PROJ_0930,Construction,Critical,1,124536.75961682992,True,True,0.9529770691794262,0.9999999999999996,2523889.39,2648426.14961683,2648426.149616831,-124536.75961683085,4.934319234046578
PROJ_0931,Marketing,High,2,31321.955363180256,True,True,0.9523557506257048,0.9999999999999996,626091.18,657413.1353631803,657413.1353631808,-31321.95536318072,5.002778567042059
PROJ_0932,Healthcare,Medium,1,97919.68882824272,True,True,0.9355731650038296,0.9999999999999996,1421939.06,1519858.7488282428,1519858.7488282432,-97919.68882824318,6.886349182098083
PROJ_0933,Healthcare,Medium,0,59030.16634111281,False,True,0.8678397451517947,1.0,387625.8,446655.9663411128,446655.96634111286,-59030.16634111287,15.228647407141855
PROJ_0934,IT,Medium,3,89304.6354315104,True,True,0.937492098486006,0.9999999999999992,1339388.91,1428693.5454315103,1428693.5454315117,-89304.6354315118,6.667565690947209
PROJ_0935,IT,Low,1,-20146.431994969607,True,False,1.0467248261961972,0.9999999999999998,451318.33,431171.8980050304,431171.89800503047,20146.43199496955,-4.463907325671782
PROJ_0936,IT,High,2,138436.52166779328,True,True,0.843037048863167,1.0000000000000002,743532.89,881969.4116677933,881969.4116677932,-138436.52166779316,18.61874888517617
PROJ_0937,IT,Critical,1,22675.75070197333,True,True,0.967500738494704,1.0000000000000002,675055.51,697731.2607019733,697731.2607019733,-22675.75070197333,3.359094232409618
PROJ_0938,IT,Low,1,7033.082345495815,True,True,0.9923271934353104,1.0,909591.4,916624.4823454958,916624.4823454957,-7033.082345495699,0.7732133731140926
PROJ_0939,IT,Low,1,119860.45150733134,True,True,0.8682040841970284,1.0,789579.35,909439.8015073312,909439.8015073314,-119860.45150733145,15.180292076702798
PROJ_0940,Healthcare,Low,1,52901.17221232288,True,True,0.9028639195206906,1.0,491707.71,544608.8822123229,544608.882212323,-52901.172212323,10.758662338713988
PROJ_0941,IT,Medium,1,-24570.637000253308,True,False,1.0751629245701433,1.0000000000000002,351469.0,326898.3629997467,326898.3629997467,24570.637000253308,-6.990840444037258
PROJ_0942,Manufacturing,High,-1,30762.468129965597,False,True,0.9543680907966254,0.9999999999999998,643381.32,674143.7881299655,674143.7881299655,-30762.468129965593,4.781374151485405
PROJ_0943,Marketing,Medium,1,117643.93257178948,True,True,0.8958315559554536,1.0000000000000004,1011718.55,1129362.4825717895,1129362.4825717895,-117643.93257178948,11.628128452501882
PROJ_0944,IT,Medium,0,58894.1911505789,False,True,0.9119430041164616,1.0,609924.8,668818.991150579,668818.991150579,-58894.1911505789,9.65597581055548
PROJ_0945,Healthcare,Low,3,130307.86542866088,True,True,0.8734950609531494,0.9999999999999998,899753.62,1030061.4854286608,1030061.4854286611,-130307.86542866111,14.48261641099717
PROJ_0946,R&D,Medium,0,29751.841050894,False,True,0.9684817107901718,1.0,914202.98,943954.821050894,943954.8210508937,-29751.841050893767,3.2544021078222443
PROJ_0947,R&D,High,0,148616.2429153854,False,True,0.924118362491396,1.0000000000000002,1809910.85,1958527.0929153853,1958527.0929153853,-148616.24291538517,8.211246587940238
PROJ_0948,Healthcare,Low,0,85124.58198118431,False,True,0.91591082750683,1.0,927188.65,1012313.2319811844,1012313.2319811843,-85124.58198118431,9.180934428089074
PROJ_0949,IT,Critical,1,50681.36395026394,True,True,0.9302877851669272,1.0000000000000002,676327.01,727008.373950264,727008.3739502637,-50681.36395026371,7.493618205528079
PROJ_0950,R&D,High,5,230480.7579624527,True,True,0.9262533522448808,1.0,2894824.12,3125304.877962453,3125304.877962453,-230480.7579624527,7.961822494502798
PROJ_0951,R&D,High,-1,156737.92963522486,False,True,0.922264265023824,1.0,1859553.93,2016291.8596352248,2016291.8596352248,-156737.92963522486,8.428791825103179
PROJ_0952,Construction,Low,1,10467.2740183149,True,True,0.9907886597462644,0.9999999999999998,1125879.2,1136346.4740183149,1136346.4740183153,-10467.274018315366,0.9296977880322654
PROJ_0953,R&D,Critical,4,237365.62954738247,True,True,0.8358803373801055,1.0000000000000002,1208930.48,1446296.1095473825,1446296.1095473825,-237365.62954738247,19.63434899477284
PROJ_0954,Construction,Critical,3,138636.55944258696,True,True,0.9292361217882124,1.0000000000000002,1820506.48,1959143.039442587,1959143.0394425867,-138636.55944258673,7.615274153958889
PROJ_0955,IT,Medium,1,48297.67771303293,True,True,0.9493304698088478,1.0,904892.09,953189.7677130328,953189.7677130328,-48297.67771303281,5.337396386461154
PROJ_0956,Marketing,Low,1,20919.36352714058,True,True,0.9712748396768396,1.0,707339.88,728259.2435271406,728259.2435271407,-20919.363527140697,2.9574698272548545
PROJ_0957,Healthcare,Low,1,114135.7201895126,True,True,0.827146687003229,1.0,546168.2,660303.9201895125,660303.9201895127,-114135.72018951271,20.897540389483076
PROJ_0958,Marketing,High,0,-13671.220532434992,False,False,1.0605185081773574,0.9999999999999998,239572.7,225901.47946756505,225901.47946756505,13671.220532434963,-5.706501839497974
PROJ_0959,IT,Low,2,147270.6286193214,True,True,0.8987648701761104,0.9999999999999998,1307467.75,1454738.3786193214,1454738.3786193216,-147270.62861932162,11.26380582766356
PROJ_0960,IT,High,0,59029.19966604025,False,True,0.94916444463016,0.9999999999999998,1102150.2,1161179.3996660402,1161179.3996660404,-59029.199666040484,5.355821707970518
PROJ_0961,Healthcare,Low,1,57163.64430134557,True,True,0.9392398612716404,1.0000000000000002,883644.68,940808.3243013456,940808.3243013454,-57163.64430134534,6.469075816916063
PROJ_0962,Manufacturing,High,1,13651.362344514346,True,True,0.9747649174682558,1.0,527316.25,540967.6123445143,540967.6123445145,-13651.362344514462,2.5888377884266722
PROJ_0963,IT,Medium,1,52383.19331052515,True,True,0.936152811867972,0.9999999999999996,768063.17,820446.3633105252,820446.3633105254,-52383.193310525385,6.820167319118475
PROJ_0964,IT,High,0,13104.908701591485,False,True,0.9596186359458548,1.0,311423.72,324528.62870159146,324528.62870159146,-13104.908701591485,4.208063760073088
PROJ_0965,IT,High,0,-12394.293464566756,False,False,1.0314065168762234,0.9999999999999996,407035.11,394640.8165354332,394640.8165354333,12394.293464566697,-3.0450182699390966
PROJ_0966,IT,High,1,-10096.33045661007,True,False,1.0135851998382115,1.0,753282.34,743186.0095433899,743186.00954339,10096.330456609954,-1.3403115831190142
PROJ_0967,IT,High,0,152296.1971865074,False,True,0.8328808336451256,1.0,759006.8,911302.9971865074,911302.9971865077,-152296.19718650763,20.065195356155915
PROJ_0968,Marketing,Medium,1,-4303.6854149024,True,False,1.0039010237890529,1.0000000000000002,1107523.16,1103219.4745850975,1103219.474585097,4303.685414902866,-0.38858649374906673
PROJ_0969,Manufacturing,High,3,-13658.293994962936,True,False,1.0186549482789635,1.0,745812.24,732153.946005037,732153.9460050369,13658.293994963053,-1.8313314347003815
PROJ_0970,Marketing,Low,1,115200.53129300056,True,True,0.9064712145120644,1.0000000000000002,1116511.51,1231712.0412930006,1231712.0412930003,-115200.53129300033,10.317899122508852
PROJ_0971,Manufacturing,Low,3,-26628.95162563841,True,False,1.025297994092922,1.0,1079240.14,1052611.1883743615,1052611.1883743615,26628.95162563841,-2.4673796533956205
PROJ_0972,Marketing,Low,0,134542.51524989656,False,True,0.842289245891378,0.9999999999999996,718554.13,853096.6452498966,853096.6452498968,-134542.5152498968,18.724061226938712
PROJ_0973,IT,Low,1,-12554.621857220656,True,False,1.0210319313303458,1.0,609486.1,596931.4781427793,596931.4781427792,12554.621857220773,-2.05987008681917
PROJ_0974,Construction,Critical,2,78214.8585439981,True,True,0.9670046985444672,0.9999999999999998,2292269.88,2370484.738543998,2370484.738543999,-78214.85854399903,3.4121138713387027
PROJ_0975,Construction,Low,-1,62152.87333971541,False,True,0.9686965315339836,1.0,1923341.91,1985494.7833397156,1985494.7833397146,-62152.873339714715,3.2315041343696773
PROJ_0976,IT,Medium,0,176058.43984800368,False,True,0.8800301564950233,0.9999999999999998,1291464.02,1467522.4598480037,1467522.4598480035,-176058.43984800344,13.632469594313859
PROJ_0977,Construction,Medium,0,-12174.989721186692,False,False,1.0085312857605233,1.0000000000000002,1439274.03,1427099.040278813,1427099.0402788129,12174.989721187158,-0.8459118602443731
PROJ_0978,Healthcare,Low,1,9854.922881906852,True,True,0.9828811831330442,1.0,565822.88,575677.8028819069,575677.8028819069,-9854.922881906852,1.7416974870134012
PROJ_0979,IT,High,2,99532.94231166109,True,True,0.8982339380608563,1.0000000000000002,878523.4,978056.3423116612,978056.3423116609,-99532.94231166085,11.329572133384364
PROJ_0980,IT,Medium,2,8960.791530251037,True,True,0.9875139154788416,1.0,708701.46,717662.251530251,717662.2515302516,-8960.79153025162,1.2643958050053432
PROJ_0981,Manufacturing,Medium,-2,118544.43286869292,False,True,0.8858803041772854,1.0,920228.34,1038772.7728686928,1038772.7728686931,-118544.43286869314,12.88206716918685
PROJ_0982,R&D,Medium,1,42747.7744223096,True,True,0.9760751048686912,1.0000000000000002,1744000.89,1786748.6644223095,1786748.6644223097,-42747.77442230983,2.451132603625554
PROJ_0983,IT,High,2,37802.5329688933,True,True,0.9610643533933126,1.0000000000000002,933095.25,970897.7829688932,970897.7829688931,-37802.532968893065,4.051304833980568
PROJ_0984,R&D,High,2,119777.0371602017,True,True,0.9396588490861628,1.0000000000000002,1865220.52,1984997.5571602017,1984997.557160202,-119777.03716020193,6.421601943356377
PROJ_0985,IT,Low,0,-22089.095454916707,False,False,1.0356974513895516,0.9999999999999996,640875.44,618786.3445450832,618786.3445450835,22089.095454916474,-3.446706501175404
PROJ_0986,IT,Medium,0,-23240.276471242018,False,False,1.0454327542744566,1.0,534771.59,511531.313528758,511531.3135287579,23240.276471242076,-4.345832296596399
PROJ_0987,Marketing,Low,0,129666.25418542745,False,True,0.9186629392648102,0.9999999999999996,1464517.91,1594184.1641854274,1594184.1641854278,-129666.25418542791,8.853852404265094
PROJ_0988,IT,Critical,-2,-28581.540708073186,False,False,1.024168511030133,1.0000000000000002,1211175.73,1182594.1892919268,1182594.1892919268,28581.540708073182,-2.359817820001494
PROJ_0989,IT,Low,1,28506.234917384805,True,True,0.9716227822426906,0.9999999999999998,976040.27,1004546.5049173848,1004546.5049173847,-28506.23491738469,2.9206002860296625
PROJ_0990,IT,Critical,2,-42331.82801242988,True,False,1.033319758023998,1.0000000000000002,1312804.08,1270472.2519875702,1270472.2519875707,42331.82801242941,-3.224535073994393
PROJ_0991,Marketing,High,0,-18968.604694074485,False,False,1.0242915518322149,1.0000000000000002,799841.1,780872.4953059255,780872.4953059251,18968.604694074835,-2.371546635209773
PROJ_0992,Marketing,Low,-1,116839.71593554958,False,True,0.8910666549146558,1.0,955740.18,1072579.8959355496,1072579.8959355499,-116839.71593554982,12.225050110956914
PROJ_0993,Construction,Medium,2,46894.12010653294,True,True,0.9660099984138584,1.0000000000000002,1332750.42,1379644.5401065329,1379644.5401065326,-46894.120106532704,3.518597285944409
PROJ_0994,Manufacturing,Low,1,8354.328573636012,True,True,0.9890273015987368,0.9999999999999996,753019.79,761374.118573636,761374.1185736362,-8354.328573636129,1.1094434282578587
PROJ_0995,IT,Medium,2,69740.85745355533,True,True,0.938360728405563,1.0,1061694.6,1131435.4574535554,1131435.457453556,-69740.8574535558,6.568824731100243
PROJ_0996,Construction,Medium,1,114212.03516051103,True,True,0.91867432414086,0.9999999999999996,1290166.52,1404378.555160511,1404378.555160511,-114212.03516051103,8.852503408669374
PROJ_0997,Construction,Medium,1,27443.84731229581,True,True,0.9825634278794044,1.0000000000000002,1546480.61,1573924.457312296,1573924.4573122952,-27443.84731229511,1.7746001556589261
PROJ_0998,Construction,Medium,1,74006.0225808532,True,True,0.9584134642684552,1.0,1705560.88,1779566.902580853,1779566.902580853,-74006.0225808532,4.339101784560936
PROJ_0999,Construction,Critical,2,84986.40526029514,True,True,0.9667153803958252,0.9999999999999992,2468337.21,2553323.615260295,2553323.6152602956,-84986.4052602956,3.4430630027367943
PROJ_1000,R&D,Medium,3,315643.2930501029,True,True,0.8667932843229923,1.0000000000000004,2053931.63,2369574.923050103,2369574.9230501023,-315643.2930501024,15.367760466793262
PROJ_1001,IT,Low,2,16934.167698489735,True,True,0.9773585955406136,1.0,730995.04,747929.2076984898,747929.20769849,-16934.167698489968,2.3165913271436107
PROJ_1002,Manufacturing,Low,1,2712.4433091324754,True,True,0.9966129371349808,0.9999999999999996,798112.17,800824.6133091325,800824.6133091328,-2712.4433091327082,0.339857404897448
PROJ_1003,Healthcare,High,0,91491.61139692143,False,True,0.8565143461618133,0.9999999999999998,546144.34,637635.9513969214,637635.9513969214,-91491.61139692145,16.752276769346626
PROJ_1004,R&D,High,-1,129010.86626200774,False,True,0.937808169096664,1.0,1945391.26,2074402.126262008,2074402.1262620075,-129010.8662620075,6.631615393502257
PROJ_1005,R&D,High,3,155258.50118632987,True,True,0.9316942830856908,1.0000000000000009,2117735.74,2272994.24118633,2272994.2411863287,-155258.50118632847,7.331344428570132
PROJ_1006,IT,Medium,2,188068.29261331365,True,True,0.8430801059151464,1.0000000000000004,1010430.43,1198498.7226133137,1198498.7226133137,-188068.29261331365,18.612690891872056
PROJ_1007,Construction,High,6,360313.81387134176,True,True,0.8907702116605477,1.0000000000000004,2938363.4,3298677.2138713417,3298677.2138713407,-360313.8138713408,12.262397968588257
PROJ_1008,IT,Medium,0,15720.04747049918,False,True,0.984816200851358,1.0000000000000002,1019597.09,1035317.1374704991,1035317.137470499,-15720.047470499063,1.5417901467823003
PROJ_1009,Construction,High,0,38343.30315614957,False,True,0.9686393059944876,0.9999999999999998,1184311.5,1222654.8031561496,1222654.80315615,-38343.30315615004,3.2376028735809825
PROJ_1010,Construction,High,2,72517.8587862358,True,True,0.9570471820971193,1.0,1615796.49,1688314.3487862358,1688314.3487862358,-72517.8587862358,4.488056462248894
PROJ_1011,IT,Medium,1,29573.41383878252,True,True,0.9415520512596866,0.9999999999999998,476405.23,505978.6438387825,505978.64383878245,-29573.413838782464,6.20761737623713
PROJ_1012,Healthcare,Medium,0,24833.38265054347,False,True,0.9771958943415636,0.9999999999999998,1064153.97,1088987.3526505434,1088987.352650544,-24833.382650543936,2.3336268388440007
PROJ_1013,Construction,High,0,140357.4503385981,False,True,0.9185918010112728,1.0000000000000002,1583761.89,1724119.340338598,1724119.3403385975,-140357.45033859764,8.862282343376608
PROJ_1014,Construction,Critical,-1,-1706.3389307518955,False,False,1.001301861428142,1.0,1312398.01,1310691.671069248,1310691.671069248,1706.3389307518955,-0.13001687885460111
PROJ_1015,Manufacturing,High,0,3439.757522966014,False,True,0.9943352722993558,1.0,603784.05,607223.8075229661,607223.8075229661,-3439.757522966014,0.5696999652385674
PROJ_1016,IT,Medium,1,-5287.99336357764,True,False,1.0059436000470652,1.0000000000000002,894983.35,889695.3566364223,889695.3566364221,5287.9933635778725,-0.5908482390848805
PROJ_1017,Manufacturing,Medium,1,113432.57334021764,True,True,0.8194205265012509,1.0,514726.16,628158.7333402176,628158.7333402176,-113432.57334021764,22.037460334290692
PROJ_1018,IT,Medium,3,-34800.63919992512,True,False,1.0340940465360564,0.9999999999999998,1055525.45,1020724.8108000748,1020724.8108000748,34800.63919992512,-3.296996694861798
PROJ_1019,R&D,High,2,104089.92761488956,True,True,0.9382175088020092,1.0000000000000002,1580690.43,1684780.3576148895,1684780.3576148897,-104089.9276148898,6.585092541800853
PROJ_1020,Construction,High,3,156931.8724767547,True,True,0.9140048387941678,0.9999999999999996,1667960.02,1824891.8924767547,1824891.8924767547,-156931.8724767547,9.408611153446873
PROJ_1021,Construction,Low,-1,44826.84578084829,False,True,0.9643541481496828,1.0000000000000002,1212734.51,1257561.3557808483,1257561.355780848,-44826.84578084806,3.696344534703483
PROJ_1022,Healthcare,Critical,2,192460.2252440373,True,True,0.8734073535401506,0.9999999999999998,1327851.03,1520311.2552440374,1520311.2552440383,-192460.22524403827,14.494112735224393
PROJ_1023,IT,Low,1,50414.86751249118,True,True,0.9132901621696088,0.9999999999999998,531005.52,581420.3875124912,581420.3875124913,-50414.8675124913,9.494226634874021
PROJ_1024,Construction,Critical,-1,35030.693776369095,False,True,0.9739766247130108,0.9999999999999996,1311093.45,1346124.143776369,1346124.1437763693,-35030.69377636933,2.67186856713908
PROJ_1025,Construction,High,-1,169785.50499319192,False,True,0.9433395451318554,0.9999999999999996,2826757.77,2996543.274993192,2996543.2749931943,-169785.50499319425,6.006369091653518
PROJ_1026,Manufacturing,High,0,63378.01336440258,False,True,0.9179652981705998,1.0,709197.64,772575.6533644026,772575.6533644028,-63378.01336440281,8.93657984597958
PROJ_1027,IT,High,0,-70783.22395335604,False,False,1.052590279187844,1.0,1416720.63,1345937.406046644,1345937.406046644,70783.2239533558,-4.996272550457306
PROJ_1028,IT,High,1,-89276.8140157261,True,False,1.103987172632915,1.0,947813.61,858536.7959842739,858536.7959842737,89276.81401572633,-9.41923739792324
PROJ_1029,IT,Medium,1,19171.109952484607,True,True,0.9789872136723052,1.0,893183.38,912354.4899524846,912354.4899524845,-19171.10995248449,2.1463800583128285
PROJ_1030,Manufacturing,Medium,-2,9359.13025504467,False,True,0.991695633569242,0.9999999999999998,1117654.03,1127013.1602550447,1127013.1602550445,-9359.130255044438,0.8373906418110832
PROJ_1031,IT,Low,-1,19379.9442629182,False,True,0.969060960188002,1.0000000000000002,607011.32,626391.2642629182,626391.2642629182,-19379.9442629182,3.192682512563061
PROJ_1032,Marketing,Low,0,19019.95224577759,False,True,0.9563131611236072,0.9999999999999996,416350.35,435370.3022457776,435370.3022457777,-19019.952245777706,4.568256576649379
PROJ_1033,R&D,High,2,259555.25870649357,True,True,0.8709976418402591,1.0,1752464.23,2012019.4887064933,2012019.488706494,-259555.258706494,14.810873412605632
PROJ_1034,Construction,Critical,-1,105500.693185054,False,True,0.9375334035792174,1.0,1583413.05,1688913.743185054,1688913.743185054,-105500.693185054,6.6628662170653445
PROJ_1035,IT,High,0,60682.83829963172,False,True,0.9198652202972928,1.0,696576.85,757259.6882996317,757259.6882996317,-60682.83829963172,8.711578385016919
PROJ_1036,R&D,Medium,0,-36877.90752053866,False,False,1.0361093336252472,1.0,1058162.54,1021284.6324794614,1021284.6324794613,36877.90752053878,-3.485089116889242
PROJ_1037,IT,Medium,0,37848.71570776124,False,True,0.9586362994215136,1.0000000000000002,877173.76,915022.4757077612,915022.4757077611,-37848.71570776112,4.314848144541068
PROJ_1038,R&D,High,1,205232.89268611325,True,True,0.9119632125734388,1.0,2125984.53,2331217.422686113,2331217.422686113,-205232.89268611325,9.653545912025676
PROJ_1039,R&D,Medium,2,343093.4719610303,True,True,0.8120659610127852,1.0,1482512.33,1825605.8019610303,1825605.8019610299,-343093.4719610298,23.142706135943556
PROJ_1040,Manufacturing,Medium,1,94059.68633696692,True,True,0.9205486937417566,0.9999999999999998,1089806.14,1183865.8263369668,1183865.8263369666,-94059.6863369667,8.630864048624897
PROJ_1041,IT,Medium,-1,-80870.55375562329,False,False,1.0664781709321929,1.0000000000000002,1297368.43,1216497.8762443766,1216497.8762443766,80870.55375562329,-6.233430063935138
PROJ_1042,IT,Critical,1,10069.664945570985,True,True,0.982351315163846,0.9999999999999996,560492.11,570561.774945571,570561.774945571,-10069.664945570985,1.7965756816043288
PROJ_1043,Marketing,Critical,0,65649.34723592649,False,True,0.8886863184145424,1.0000000000000002,524119.55,589768.8972359265,589768.8972359264,-65649.34723592637,12.52564366964109
PROJ_1044,IT,Medium,1,59774.29662975483,True,True,0.9273853954957572,1.0000000000000002,763397.53,823171.8266297549,823171.8266297549,-59774.29662975483,7.830035372233235
PROJ_1045,Construction,Critical,-2,56893.15620984556,False,True,0.9774483380968304,0.9999999999999996,2465899.02,2522792.1762098456,2522792.176209846,-56893.15620984603,2.307197324318902
PROJ_1046,IT,Medium,1,-26745.36066137289,True,False,1.0357223186283648,1.0,775447.06,748701.6993386272,748701.6993386274,26745.36066137266,-3.4490247034236816
PROJ_1047,Marketing,High,2,164902.76858178107,True,True,0.905601144365313,1.0000000000000002,1581969.77,1746872.538581781,1746872.5385817806,-164902.7685817806,10.423888730931981
PROJ_1048,Manufacturing,Medium,1,-2669.123789463949,True,False,1.007107103113254,1.0000000000000002,378226.33,375557.20621053607,375557.2062105362,2669.1237894638325,-0.7056948651522575
PROJ_1049,Manufacturing,High,-1,151158.9680895249,False,True,0.7445647636287355,1.0,440611.26,591770.2280895249,591770.2280895249,-151158.9680895249,34.30665119396288
PROJ_1050,Construction,High,0,334672.7590125785,False,True,0.8787926232682987,1.0000000000000009,2426485.58,2761158.3390125786,2761158.3390125763,-334672.7590125762,13.792489094972336
PROJ_1051,IT,Medium,2,89657.9825739828,True,True,0.9267792948962524,1.0,1134831.49,1224489.4725739828,1224489.472573983,-89657.98257398303,7.900554695920804
PROJ_1052,Manufacturing,Medium,-1,71571.28197570308,False,True,0.9385849522318288,0.9999999999999998,1093799.17,1165370.451975703,1165370.451975703,-71571.28197570308,6.543365906531369
PROJ_1053,Marketing,Medium,2,136296.93032441672,True,True,0.8409616495842968,1.0000000000000002,720709.76,857006.6903244167,857006.6903244166,-136296.9303244166,18.911486688402363
PROJ_1054,IT,Low,3,70678.44724134798,True,True,0.9253195197113724,1.0000000000000002,875732.81,946411.257241348,946411.2572413478,-70678.44724134775,8.070777574423383
PROJ_1055,Healthcare,Medium,0,-14654.31868883944,False,False,1.0149985665178194,1.0000000000000002,991702.27,977047.9513111606,977047.9513111605,14654.318688839558,-1.477693369486747
PROJ_1056,Construction,High,-1,118105.14661999675,False,True,0.8980795090124094,1.0,1040691.73,1158796.8766199967,1158796.8766199965,-118105.14661999652,11.348715783491095
PROJ_1057,R&D,Low,3,65192.02590028872,True,True,0.9658748631437184,0.9999999999999998,1845189.35,1910381.3759002888,1910381.375900289,-65192.02590028895,3.5330805426710783
PROJ_1058,IT,Critical,0,46763.24162298546,False,True,0.9570591439049136,1.0000000000000002,1042251.88,1089015.1216229857,1089015.1216229857,-46763.24162298569,4.486750517829307
PROJ_1059,IT,Low,0,-28846.920647584837,False,False,1.045088614801613,1.0,668629.73,639782.8093524151,639782.8093524151,28846.920647584833,-4.314334130428935
PROJ_1060,Manufacturing,Medium,1,6933.496204615512,True,True,0.981672221551368,1.0,371371.83,378305.3262046155,378305.32620461565,-6933.496204615629,1.8669957289478925
PROJ_1061,Healthcare,High,9,121799.14590652472,True,True,0.9023397990187934,1.0,1125373.65,1247172.7959065246,1247172.7959065244,-121799.1459065245,10.822996069485411
PROJ_1062,Marketing,Low,1,51843.04853003437,True,True,0.9127406425215012,1.0,542282.9,594125.9485300344,594125.9485300345,-51843.04853003449,9.560148131175533
PROJ_1063,IT,Medium,0,12554.004055515748,False,True,0.9826255491411796,1.0000000000000002,710001.44,722555.4440555157,722555.4440555157,-12554.004055515747,1.768165999144417
PROJ_1064,Healthcare,Critical,1,112468.46061432127,True,True,0.8372596274441086,1.0,578622.87,691091.3306143213,691091.3306143213,-112468.46061432129,19.437265003770296
PROJ_1065,Manufacturing,Medium,1,8874.679945453187,True,True,0.9870624751099888,1.0,677089.6,685964.2799454532,685964.2799454529,-8874.679945452954,1.3107098300509938
PROJ_1066,IT,High,1,13860.644485624274,True,True,0.9878404839080968,0.9999999999999998,1126040.35,1139900.9944856244,1139900.9944856246,-13860.644485624507,1.2309189884380702
PROJ_1067,IT,High,2,136072.4363319535,True,True,0.8670791069217012,0.9999999999999996,887637.48,1023709.9163319536,1023709.9163319538,-136072.43633195385,15.32973081893228
PROJ_1068,R&D,Critical,3,137090.43026801525,True,True,0.91893042341108,1.0,1553931.48,1691021.9102680152,1691021.9102680145,-137090.43026801455,8.82216700237095
PROJ_1069,Construction,High,4,148606.50163546368,True,True,0.9283620602795306,1.0000000000000002,1925804.1,2074410.601635464,2074410.601635464,-148606.5016354639,7.716594934835993
PROJ_1070,Manufacturing,High,1,3276.942010679457,True,True,0.9902157774530784,1.0000000000000004,331644.1,334921.04201067943,334921.0420106793,-3276.9420106793405,0.9880899466263203
PROJ_1071,Healthcare,Critical,0,18927.1389069336,False,True,0.978349507048422,1.0,855285.7,874212.8389069336,874212.8389069334,-18927.138906933484,2.2129609915065207
PROJ_1072,Construction,Medium,1,104797.57832293632,True,True,0.9448319112067532,0.9999999999999996,1794807.44,1899605.0183229365,1899605.018322937,-104797.57832293701,5.838931574906833
PROJ_1073,Healthcare,Low,1,-8690.747632707818,True,False,1.010178374200475,1.0,862535.13,853844.3823672922,853844.3823672922,8690.747632707818,-1.0075818746893033
PROJ_1074,IT,Medium,0,293911.3279669343,False,True,0.8186401523879551,1.0000000000000004,1326686.24,1620597.5679669343,1620597.5679669338,-293911.32796693384,22.153793346566545
PROJ_1075,Healthcare,Medium,1,37879.51251091133,True,True,0.9586652713283138,1.0,878529.37,916408.8825109112,916408.8825109117,-37879.51251091168,4.311695636414714
PROJ_1076,R&D,High,3,373026.6003571167,True,True,0.8233740157963012,1.0000000000000002,1738931.06,2111957.6603571167,2111957.6603571167,-373026.60035711667,21.451488729927952
PROJ_1077,IT,Critical,4,37465.03479416587,True,True,0.9610874908736536,0.9999999999999998,925336.79,962801.824794166,962801.8247941659,-37465.03479416587,4.048799874710036
PROJ_1078,IT,High,1,-21456.46951825719,True,False,1.0300068957344326,1.0000000000000002,736507.76,715051.2904817428,715051.2904817428,21456.46951825719,-2.9132713439783973
PROJ_1079,IT,Medium,1,53991.234722533496,True,True,0.9459560797361428,0.9999999999999996,945033.9,999025.1347225336,999025.1347225339,-53991.234722533845,5.713153223660425
PROJ_1080,Healthcare,Low,0,69484.86090278195,False,True,0.8858513142588191,1.0,539237.53,608722.390902782,608722.390902782,-69484.86090278195,12.885761290165012
PROJ_1081,Manufacturing,Low,0,43873.983337554615,False,True,0.9287378056194288,1.0,571795.85,615669.8333375546,615669.8333375547,-43873.98333755473,7.673015349368963
PROJ_1082,Construction,Medium,1,156771.64146157936,True,True,0.8730866897348898,1.0,1078493.92,1235265.5614615793,1235265.5614615788,-156771.6414615789,14.536163677360268
PROJ_1083,Construction,High,1,-55115.82689123775,True,False,1.0598607247659766,1.0,975850.2,920734.3731087622,920734.3731087623,55115.82689123764,-5.64798028337112
PROJ_1084,IT,Low,2,150536.2971678559,True,True,0.8673350531639761,1.0,984174.12,1134710.417167856,1134710.4171678561,-150536.29716785613,15.295697591383131
PROJ_1085,R&D,Critical,2,52920.71497333469,True,True,0.976593226567162,1.0,2207993.85,2260914.564973335,2260914.5649733343,-52920.71497333422,2.3967781872822798
PROJ_1086,Construction,High,0,-6853.834672617028,False,False,1.0052058418526617,1.0000000000000002,1323419.89,1316566.0553273829,1316566.0553273829,6853.8346726170275,-0.517888141504132
PROJ_1087,R&D,Critical,0,150076.41191849555,False,True,0.897875148906384,1.0,1319462.2,1469538.6119184955,1469538.6119184955,-150076.41191849555,11.374059212798636
PROJ_1088,IT,Medium,1,139039.3323814883,True,True,0.9014637968094742,0.9999999999999994,1272008.87,1411048.2023814884,1411048.2023814886,-139039.33238148852,10.930688901681048
PROJ_1089,Construction,Critical,-2,158626.2806794867,False,True,0.9240504015766364,1.0000000000000004,1929946.72,2088573.000679487,2088573.0006794864,-158626.28067948646,8.21920517471521
PROJ_1090,R&D,Critical,1,72323.23530435655,True,True,0.9591840157760188,0.9999999999999998,1699610.89,1771934.1253043565,1771934.1253043565,-72323.23530435655,4.255281943054422
PROJ_1091,Healthcare,Medium,4,12977.27141286712,True,True,0.9847402280810108,1.0,837446.41,850423.6814128672,850423.6814128675,-12977.27141286747,1.5496241022595667
PROJ_1092,Manufacturing,High,1,30186.35523879202,True,True,0.9659617011957244,1.0,856648.66,886835.015238792,886835.0152387923,-30186.355238792254,3.523773122903415
PROJ_1093,R&D,Critical,-2,168863.5479405662,False,True,0.919030496879147,1.0000000000000002,1916656.82,2085520.3679405665,2085520.3679405663,-168863.5479405662,8.810317328511957
PROJ_1094,R&D,Critical,3,86318.89494273812,True,True,0.9447780417858684,1.0000000000000002,1476807.4,1563126.294942738,1563126.294942738,-86318.89494273812,5.844966306556842
PROJ_1095,Manufacturing,Medium,1,113516.6343065534,True,True,0.8834400452217346,1.0,860373.88,973890.5143065534,973890.5143065535,-113516.63430655352,13.19387268085748
PROJ_1096,IT,Critical,1,69312.09272917768,True,True,0.92086774860527,1.0,806589.85,875901.9427291777,875901.9427291777,-69312.09272917768,8.593226499090918
PROJ_1097,R&D,High,6,209991.871625463,True,True,0.9214018349078712,1.0000000000000004,2461722.81,2671714.681625463,2671714.6816254626,-209991.87162546255,8.530280938716352
PROJ_1098,R&D,Medium,2,148185.0191232788,True,True,0.9209993839767808,1.0000000000000002,1727560.09,1875745.1091232789,1875745.1091232796,-148185.0191232795,8.577705631257057
PROJ_1099,Construction,Critical,0,206834.853632316,False,True,0.92365284029704,1.0000000000000002,2502301.34,2709136.193632316,2709136.1936323154,-206834.85363231553,8.2657851924547
PROJ_1100,Construction,Low,4,146438.34703859664,True,True,0.9121571891425744,1.0000000000000002,1520611.53,1667049.877038597,1667049.877038596,-146438.34703859594,9.630227322989978
PROJ_1101,Manufacturing,High,0,9463.240270516602,False,True,0.9836772441876588,1.0000000000000002,570294.27,579757.5102705166,579757.5102705166,-9463.240270516602,1.6593609244077803
PROJ_1102,IT,Low,0,-50056.002472092514,False,False,1.1090792158381253,1.0000000000000002,508951.88,458895.8775279075,458895.8775279075,50056.002472092514,-9.835114956662014
PROJ_1103,Healthcare,High,1,33714.03273670818,True,True,0.9545518775347108,1.0000000000000002,708099.51,741813.5427367082,741813.542736708,-33714.032736707944,4.761199839936048
PROJ_1104,IT,Low,-1,36290.54598977091,False,True,0.971302421386124,0.9999999999999996,1228295.1,1264585.645989771,1264585.6459897708,-36290.545989770675,2.954546182734969
PROJ_1105,Healthcare,Medium,0,41176.02342607139,False,True,0.9576848203462396,0.9999999999999998,931903.23,973079.2534260714,973079.2534260713,-41176.023426071275,4.418487038195079
PROJ_1106,Construction,Low,1,166510.19648743747,True,True,0.9146413582357732,0.9999999999999998,1784202.62,1950712.8164874376,1950712.816487437,-166510.196487437,9.332471246311531
PROJ_1107,IT,High,0,-435.48172466119286,False,False,1.0010121097479945,1.0,430706.73,430271.2482753388,430271.24827533873,435.48172466125106,-0.10110864175752515
PROJ_1108,IT,Medium,0,7509.238928497536,False,True,0.990136139097074,1.0,753778.76,761287.9989284975,761287.9989284975,-7509.238928497536,0.9962125927370965
PROJ_1109,Marketing,High,1,22454.038804252166,True,True,0.9433303879554574,0.9999999999999996,373773.11,396227.14880425215,396227.1488042522,-22454.038804252225,6.007398125630874
PROJ_1110,Construction,High,-1,83653.3216026586,False,True,0.9186117430193236,1.0,944177.04,1027830.3616026586,1027830.3616026588,-83653.32160265872,8.859919068002196
PROJ_1111,IT,Medium,1,98225.8228706722,True,True,0.917800677157158,0.9999999999999998,1096745.37,1194971.1928706723,1194971.1928706726,-98225.82287067245,8.956119219420314
PROJ_1112,Marketing,Low,1,48336.98611092044,True,True,0.9303231664518148,0.9999999999999996,645394.11,693731.0961109204,693731.0961109207,-48336.98611092067,7.489530096721935
PROJ_1113,IT,Critical,2,71490.1181095828,True,True,0.9207478088042528,1.0,830568.45,902058.5681095828,902058.5681095825,-71490.11810958257,8.607372229174198
PROJ_1114,Healthcare,High,1,16503.360745530576,True,True,0.9140271750006764,1.0000000000000002,175456.84,191960.20074553057,191960.2007455305,-16503.360745530517,9.405937520321531
PROJ_1115,Healthcare,Medium,1,35543.96301530802,True,True,0.961075586465019,1.0000000000000004,877609.5,913153.463015308,913153.4630153078,-35543.96301530779,4.050088680137098
PROJ_1116,Construction,Critical,2,193303.50196875303,True,True,0.9465205490311058,1.0,3421234.39,3614537.891968753,3614537.891968753,-193303.50196875306,5.650109870687727
PROJ_1117,Construction,Low,-2,249742.8177847783,False,True,0.8956222992471244,1.0000000000000002,2142940.83,2392683.6477847784,2392683.6477847784,-249742.8177847783,11.654209686451226
PROJ_1118,Construction,High,4,105375.1683428518,True,True,0.9395135874777544,1.0,1636754.41,1742129.5783428515,1742129.5783428515,-105375.16834285157,6.438056173794061
PROJ_1119,Manufacturing,Low,4,45717.43509946694,True,True,0.9672719217246404,1.0000000000000002,1351169.81,1396887.245099467,1396887.2450994668,-45717.435099466704,3.3835447447916778
PROJ_1120,R&D,Critical,2,-9484.674084400292,True,False,1.0043534491422337,1.0,2188142.05,2178657.3759155995,2178657.375915599,9484.674084400758,-0.4334578773988078
PROJ_1121,IT,High,1,-9433.55522072746,True,False,1.0108388520010616,1.0,879779.9,870346.3447792726,870346.3447792726,9433.55522072746,-1.0722630990691489
PROJ_1122,Construction,Critical,0,20392.63705070666,False,True,0.9781445369671002,1.0,912675.54,933068.1770507068,933068.1770507069,-20392.637050706893,2.2343797063638733
PROJ_1123,IT,Medium,1,-6556.344102097093,True,False,1.0106742620124876,1.0,620776.24,614219.8958979029,614219.8958979029,6556.344102097093,-1.056152552181619
PROJ_1124,Marketing,Critical,-1,40534.62321342714,False,True,0.9475694640309654,1.0,732576.36,773110.9832134271,773110.9832134272,-40534.62321342726,5.533160149124558
PROJ_1125,Manufacturing,Medium,2,78075.86074957356,True,True,0.9018366241525224,1.0000000000000002,717290.64,795366.5007495736,795366.5007495735,-78075.86074957345,10.88482916068352
PROJ_1126,R&D,High,7,116628.64977598935,True,True,0.9612236070246004,1.0,2891094.37,3007723.019775989,3007723.0197759895,-116628.64977598935,4.034065819027186
PROJ_1127,R&D,High,3,347927.64438807545,True,True,0.8020061643636854,1.0000000000000002,1409337.39,1757265.0343880751,1757265.0343880751,-347927.6443880752,24.68732092519558
PROJ_1128,Construction,Critical,2,159901.70753420005,True,True,0.9307012542106602,1.0,2147524.0,2307425.7075342,2307425.7075342,-159901.70753420005,7.445863586819056
PROJ_1129,R&D,High,1,166322.40175690153,True,True,0.9118632566078412,1.0,1720772.53,1887094.9317569016,1887094.9317569016,-166322.40175690153,9.665565834950977
PROJ_1130,IT,Critical,0,-50784.91379260318,False,False,1.0419960415836669,1.0000000000000004,1260063.5,1209278.5862073968,1209278.5862073964,50784.91379260365,-4.030345597075358
PROJ_1131,Manufacturing,Low,0,-150.3768453777302,False,False,1.0003656196709367,1.0,411443.47,411293.09315462224,411293.09315462224,150.3768453777302,-0.03654860420502729
PROJ_1132,IT,Medium,1,18076.371534732985,True,True,0.9702698021044928,0.9999999999999998,589937.46,608013.831534733,608013.8315347332,-18076.371534733218,3.0641165819056853
PROJ_1133,Construction,High,0,-65072.57054917887,False,False,1.0411792002639326,1.0000000000000004,1645301.67,1580229.099450821,1580229.0994508206,65072.570549179334,-3.955054063075213
PROJ_1134,IT,Critical,0,131417.61065541906,False,True,0.8537828706248987,0.9999999999999996,767366.35,898783.960655419,898783.9606554194,-131417.6106554194,17.12579795236257
PROJ_1135,R&D,Critical,5,89947.43665811187,True,True,0.9626477628163188,1.0000000000000002,2318139.56,2408086.996658112,2408086.9966581124,-89947.43665811233,3.8801562343430405
PROJ_1136,R&D,High,2,221548.6709676322,True,True,0.8560922163048347,1.0000000000000002,1317969.66,1539518.330967632,1539518.330967632,-221548.67096763197,16.809846060313102
PROJ_1137,IT,Low,2,26039.66368499841,True,True,0.9685853190818114,1.0,802861.44,828901.1036849984,828901.1036849985,-26039.663684998523,3.24335712087487
PROJ_1138,R&D,Critical,3,45469.55213038018,True,True,0.970998323646668,1.0,1522355.41,1567824.96213038,1567824.96213038,-45469.55213038018,2.9867895388751684
PROJ_1139,IT,Critical,3,314608.83502212865,True,True,0.826968093486162,1.0,1503604.01,1818212.845022129,1818212.8450221284,-314608.8350221284,20.923649639783047
PROJ_1140,IT,Critical,3,57746.02828578418,True,True,0.966574944315334,1.0,1669880.96,1727626.988285784,1727626.9882857841,-57746.02828578418,3.458092502940101
PROJ_1141,IT,Low,1,196250.99428914,True,True,0.8790626821935821,1.0,1426498.69,1622749.68428914,1622749.68428914,-196250.99428913998,13.7575306353166
PROJ_1142,R&D,Medium,1,102994.74371610128,True,True,0.8757871717363601,1.0,726184.86,829179.6037161013,829179.603716101,-102994.74371610105,14.182992429241922
PROJ_1143,R&D,Critical,0,76871.26178859454,False,True,0.9530665959878932,1.0,1561008.27,1637879.5317885946,1637879.5317885943,-76871.2617885943,4.924462173963646
PROJ_1144,Manufacturing,Low,1,69834.2033699003,True,True,0.8785929947753612,1.0,505373.16,575207.3633699003,575207.3633699002,-69834.20336990018,13.818344324004103
PROJ_1145,IT,Low,1,87457.01593574719,True,True,0.9360434572727908,1.0000000000000002,1279987.38,1367444.395935747,1367444.3959357473,-87457.01593574742,6.8326467356066765
PROJ_1146,IT,Medium,0,80526.09157302254,False,True,0.9401251176772992,0.9999999999999998,1264379.96,1344906.0515730225,1344906.0515730227,-80526.09157302277,6.368820617263086
PROJ_1147,IT,Low,0,68895.72174557787,False,True,0.924968382539465,1.0,849326.81,918222.531745578,918222.5317455783,-68895.72174557822,8.111803481816171
PROJ_1148,Construction,Medium,3,1231.814178205561,True,True,0.9991661768233756,1.0000000000000002,1476076.82,1477308.6341782056,1477308.6341782052,-1231.8141782050952,0.0834519017922858
PROJ_1149,Healthcare,Critical,2,26898.027769001437,True,True,0.96239633772626,1.0000000000000004,688405.38,715303.4077690014,715303.4077690009,-26898.02776900085,3.907294822274755
PROJ_1150,Manufacturing,Low,0,14325.67824647366,False,True,0.9747199066680154,1.0000000000000002,552352.54,566678.2182464737,566678.2182464736,-14325.678246473544,2.593575155185046
PROJ_1151,Construction,Medium,-1,-69562.65331138996,False,False,1.0288713111378809,1.0,2478966.68,2409404.02668861,2409404.02668861,69562.65331138996,-2.806114897493901
PROJ_1152,R&D,Critical,0,92237.62599506696,False,True,0.9482074788334776,1.0,1688668.65,1780906.2759950669,1780906.275995067,-92237.62599506718,5.462150670888998
PROJ_1153,Healthcare,High,0,36517.907187634846,False,True,0.9502081521756778,1.0,696893.46,733411.3671876348,733411.3671876348,-36517.907187634846,5.2400989941324525
PROJ_1154,R&D,High,3,173490.07136671105,True,True,0.9075138924933857,0.9999999999999994,1702360.0,1875850.071366711,1875850.071366712,-173490.07136671199,10.191150600737329
PROJ_1155,Construction,High,1,-5820.668130535632,True,False,1.002434700473768,0.9999999999999994,2396532.87,2390712.2018694645,2390712.201869466,5820.668130534235,-0.24287871046534967
PROJ_1156,Manufacturing,Medium,1,74055.62253892835,True,True,0.8067585482019871,1.0,309172.83,383228.4525389284,383228.4525389284,-74055.62253892841,23.95282358379564
PROJ_1157,Marketing,High,1,280527.2121880739,True,True,0.7937945776374137,1.0,1079898.76,1360425.972188074,1360425.972188074,-280527.2121880739,25.97717698907941
PROJ_1158,Marketing,High,0,2978.297858875944,False,True,0.9961384920489558,1.0,768300.15,771278.447858876,771278.4478588761,-2978.2978588760598,0.3876476997793193
PROJ_1159,Healthcare,Medium,1,14252.22378210572,True,True,0.9753532036296336,1.0,564006.45,578258.6737821057,578258.6737821057,-14252.22378210572,2.5269611335306044
PROJ_1160,Construction,Low,1,17905.181474154815,True,True,0.9836321449476606,0.9999999999999998,1076018.33,1093923.511474155,1093923.5114741551,-17905.181474155048,1.6640219757367003
PROJ_1161,Healthcare,High,1,139497.30245978036,True,True,0.8832840333354569,0.9999999999999998,1055688.81,1195186.1124597804,1195186.1124597806,-139497.3024597806,13.21386578491635
PROJ_1162,IT,Critical,2,245074.95999868657,True,True,0.8453070942989931,1.0000000000000002,1339192.65,1584267.6099986865,1584267.6099986862,-245074.95999868633,18.30020199100453
PROJ_1163,Healthcare,Low,1,-14542.942502039718,True,False,1.0170601617310722,1.0000000000000002,866993.39,852450.4474979603,852450.44749796,14542.942502040067,-1.6773994669140517
PROJ_1164,Construction,High,-1,107977.89483597898,False,True,0.8952326873934245,1.0,922666.99,1030644.884835979,1030644.884835979,-107977.89483597898,11.70280242018618
PROJ_1165,R&D,High,2,75162.27079965267,True,True,0.9547576262330936,1.0,1586162.38,1661324.6507996526,1661324.650799653,-75162.27079965314,4.738623973647209
PROJ_1166,IT,Medium,0,108498.39478521304,False,True,0.9334362937980608,1.0000000000000002,1521494.9,1629993.294785213,1629993.2947852137,-108498.39478521375,7.131039005468487
PROJ_1167,Construction,Low,4,67782.34036282077,True,True,0.9665532803708062,1.0,1958794.29,2026576.6303628208,2026576.6303628215,-67782.34036282147,3.4604113718761895
PROJ_1168,R&D,Medium,4,246284.9204707658,True,True,0.9169891554229253,1.0000000000000002,2720615.63,2966900.5504707657,2966900.550470766,-246284.92047076626,9.05254376086806
PROJ_1169,IT,High,-1,-67466.37430458213,False,False,1.0899303934298832,1.0000000000000002,817672.97,750206.5956954178,750206.5956954177,67466.37430458225,-8.251021714045685
PROJ_1170,Marketing,High,-1,-27303.546922777896,False,False,1.0353927617799146,1.0000000000000002,798747.92,771444.3730772221,771444.3730772224,27303.546922777663,-3.4182933362477694
PROJ_1171,Healthcare,Low,1,69189.12130951887,True,True,0.8438802359929992,1.0000000000000009,373990.65,443179.7713095189,443179.77130951866,-69189.12130951864,18.500227561710066
PROJ_1172,Marketing,Medium,1,60745.36988690496,True,True,0.9227073751288638,1.0,725168.81,785914.179886905,785914.1798869052,-60745.36988690519,8.376721261206088
PROJ_1173,R&D,High,0,125336.83333074,False,True,0.9046353394897224,1.0,1188953.31,1314290.14333074,1314290.1433307403,-125336.83333074022,10.541779250418186
PROJ_1174,Healthcare,Medium,1,-13968.530215914128,True,False,1.0191272949983432,0.9999999999999996,744261.56,730293.0297840859,730293.029784086,13968.530215914012,-1.8768308033957861
PROJ_1175,Manufacturing,High,1,71324.46722364961,True,True,0.9173505226219384,1.0,791650.95,862975.4172236496,862975.4172236492,-71324.46722364926,9.009585250121821
PROJ_1176,IT,Low,2,81917.29137284309,True,True,0.95075402943125,1.0000000000000004,1581514.06,1663431.3513728431,1663431.3513728431,-81917.29137284309,5.179675188777208
PROJ_1177,Healthcare,Critical,1,19831.00425760256,True,True,0.9492574718963545,0.9999999999999996,370985.24,390816.24425760255,390816.2442576026,-19831.004257602617,5.345496833675274
PROJ_1178,IT,High,0,45723.588570934255,False,True,0.9557611969842976,1.0000000000000002,987839.38,1033562.9685709344,1033562.9685709341,-45723.58857093414,4.628646062979808
PROJ_1179,Healthcare,Medium,3,29529.418966984143,True,True,0.9822747845149166,0.9999999999999996,1636426.01,1665955.4289669842,1665955.4289669844,-29529.418966984376,1.804506820750446
PROJ_1180,Construction,High,1,7604.593022525776,True,True,0.9966382823137424,1.0,2254510.71,2262115.3030225257,2262115.303022525,-7604.593022524845,0.3373056951468128
PROJ_1181,Manufacturing,Medium,0,25156.768904322176,False,True,0.9529399792140753,0.9999999999999998,509410.97,534567.7389043221,534567.7389043221,-25156.768904322176,4.93840344748017
PROJ_1182,IT,High,1,-855.1719061044278,True,False,1.0008796067771208,1.0000000000000002,973075.86,972220.6880938956,972220.6880938956,855.1719061044278,-0.08788337489992072
PROJ_1183,IT,Medium,1,12392.971663216827,True,True,0.9884740846980784,1.0000000000000002,1062833.71,1075226.6816632168,1075226.6816632163,-12392.971663216362,1.1660311059588393
PROJ_1184,Construction,Medium,0,55779.51460976596,False,True,0.9618674960697584,1.0,1407001.81,1462781.324609766,1462781.324609766,-55779.51460976596,3.964423799125458
PROJ_1185,Construction,Medium,0,162200.53974088025,False,True,0.8876644183534419,0.9999999999999996,1281692.28,1443892.8197408805,1443892.8197408807,-162200.53974088072,12.655185825171758
PROJ_1186,IT,Low,3,30858.5169414666,True,True,0.9746803660901828,1.0000000000000009,1187899.9,1218758.4169414665,1218758.416941466,-30858.516941466136,2.597737144473717
PROJ_1187,Marketing,Medium,1,56144.59014152922,True,True,0.938185138153365,1.0000000000000002,852125.5,908270.0901415292,908270.0901415293,-56144.590141529334,6.588770098011307
PROJ_1188,Manufacturing,Low,1,137834.52841783524,True,True,0.8946969412262287,1.0000000000000004,1171097.33,1308931.858417835,1308931.858417835,-137834.528417835,11.769690262878067
PROJ_1189,IT,Medium,0,8936.456789548276,False,True,0.9904745045440616,0.9999999999999998,929225.43,938161.8867895484,938161.8867895484,-8936.456789548392,0.9617103128084207
PROJ_1190,Healthcare,Medium,2,113027.48268859228,True,True,0.8855889030354253,1.0000000000000004,874879.16,987906.6426885924,987906.6426885921,-113027.48268859205,12.919210772901716
PROJ_1191,Construction,High,1,17886.462922114762,True,True,0.9830082359165848,1.0000000000000002,1034768.39,1052654.8529221148,1052654.8529221148,-17886.462922114762,1.7285474793170637
PROJ_1192,IT,Medium,2,52599.78974679834,True,True,0.9277350271837652,1.0,675274.14,727873.9297467984,727873.9297467984,-52599.78974679834,7.789397909832345
PROJ_1193,IT,Medium,2,27904.72913669399,True,True,0.96651961209022,1.0,805560.2,833464.929136694,833464.9291366938,-27904.729136693873,3.4640153692664897
PROJ_1194,IT,Low,1,-4752.643672310398,True,False,1.0072021029758793,0.9999999999999998,664649.3,659896.6563276896,659896.6563276895,4752.643672310514,-0.7150603592466755
PROJ_1195,Marketing,Critical,-1,44685.138782493246,False,True,0.9058863470398256,1.0,430114.61,474799.7487824932,474799.7487824936,-44685.138782493595,10.38912367624378
PROJ_1196,R&D,High,2,-36958.58911738452,True,False,1.022153555160245,1.0,1705250.15,1668291.5608826154,1668291.5608826156,36958.58911738428,-2.167341203129892
PROJ_1197,Construction,Medium,2,-27963.24829031317,True,False,1.0186183251127143,1.0000000000000002,1529883.97,1501920.7217096868,1501920.7217096866,27963.248290313408,-1.827801901232641
PROJ_1198,IT,Critical,1,-32631.994737195084,True,False,1.0278311316220212,1.0000000000000009,1205131.74,1172499.745262805,1172499.7452628044,32631.99473719555,-2.707753323067862
PROJ_1199,Marketing,Low,1,-3264.851813107729,True,False,1.00413109313989,1.0,793576.69,790311.8381868922,790311.8381868923,3264.8518131076125,-0.41140974202601804
PROJ_1200,IT,Medium,3,17172.070005404297,True,True,0.97019986658153,1.0000000000000002,559069.31,576241.3800054044,576241.3800054044,-17172.070005404297,3.0715458169943717
PROJ_1201,Construction,Critical,-2,57562.63432607032,False,True,0.9601212062037976,1.0000000000000004,1385877.07,1443439.7043260704,1443439.7043260708,-57562.63432607078,4.153516612124246
PROJ_1202,R&D,High,3,150293.1531958317,True,True,0.9268524498748594,1.0,1904364.22,2054657.373195832,2054657.373195832,-150293.15319583192,7.892038278047039
PROJ_1203,Healthcare,Low,1,-14983.517195867142,True,False,1.0144426480729205,1.0000000000000002,1052432.96,1037449.4428041328,1037449.4428041324,14983.517195867607,-1.4237027692355444
PROJ_1204,Marketing,High,1,36214.57108523918,True,True,0.95954633061063,0.9999999999999998,858996.46,895211.0310852391,895211.0310852393,-36214.571085239295,4.2159162198688565
PROJ_1205,Construction,High,7,229316.66602800228,True,True,0.925193460728712,1.0000000000000002,2836146.17,3065462.836028002,3065462.8360280027,-229316.66602800274,8.085502378320745
PROJ_1206,IT,Critical,4,351255.7342343163,True,True,0.828973227178005,1.0000000000000002,1702549.81,2053805.5442343163,2053805.544234316,-351255.73423431604,20.631157583243688
PROJ_1207,R&D,High,5,95811.5520530378,True,True,0.9365444643917584,1.0000000000000002,1414089.06,1509900.612053038,1509900.6120530374,-95811.55205303733,6.775496308064029
PROJ_1208,Construction,Low,1,7848.494271229021,True,True,0.9885678242675277,1.0000000000000004,678678.24,686526.734271229,686526.734271229,-7848.494271229021,1.1564381777186523
PROJ_1209,IT,Critical,1,35711.228990637115,True,True,0.9561838044732902,1.0000000000000002,779312.27,815023.4989906371,815023.4989906369,-35711.22899063688,4.5824030193489556
PROJ_1210,Manufacturing,Low,1,85033.26727027632,True,True,0.8772827871105722,1.0000000000000002,607887.19,692920.4572702763,692920.4572702762,-85033.2672702762,13.988330181834597
PROJ_1211,R&D,High,4,120521.3597769877,True,True,0.9507177453775092,0.9999999999999996,2325011.23,2445532.589776988,2445532.589776989,-120521.35977698909,5.183689361233283
PROJ_1212,IT,Medium,1,36919.05780355551,True,True,0.9448156905778596,1.0000000000000002,632094.62,669013.6778035555,669013.6778035555,-36919.05780355551,5.8407486213939785
PROJ_1213,Construction,Medium,4,33638.64326677937,True,True,0.9758257591956996,0.9999999999999998,1357869.1,1391507.7432667797,1391507.74326678,-33638.643266779836,2.477311197874658
PROJ_1214,Healthcare,Low,1,-23008.261148471967,True,False,1.0306741176547842,1.0000000000000002,773095.4,750087.138851528,750087.1388515278,23008.2611484722,-2.9761218535865304
PROJ_1215,Construction,Critical,6,190897.09398307183,True,True,0.9314229099544008,0.9999999999999994,2592789.03,2783686.123983072,2783686.123983072,-190897.09398307232,7.362615769130755
PROJ_1216,Manufacturing,High,1,59762.16858139518,True,True,0.90098254897017,1.0,543789.71,603551.8785813951,603551.8785813951,-59762.16858139518,10.989941053021246
PROJ_1217,IT,Medium,2,-37609.64434428373,True,False,1.0642847820938184,1.0,622657.04,585047.3956557163,585047.3956557164,37609.64434428362,-6.040186158384015
PROJ_1218,R&D,Critical,0,23831.551944046518,False,True,0.97934544177527,1.0000000000000002,1129984.07,1153815.6219440466,1153815.6219440463,-23831.55194404628,2.109016629238524
PROJ_1219,Marketing,High,1,73620.90032455727,True,True,0.8557104190998049,1.0000000000000002,436609.29,510230.1903245573,510230.1903245571,-73620.9003245571,16.861963776482426
PROJ_1220,Marketing,Medium,-2,22943.412708941032,False,True,0.9672328392309496,1.0,677251.91,700195.3227089411,700195.3227089411,-22943.412708941032,3.387722111989471
PROJ_1221,IT,Medium,1,-34380.76593552262,True,False,1.0958521305712638,1.0000000000000002,393066.23,358685.46406447736,358685.46406447736,34380.76593552262,-8.74681244825398
PROJ_1222,IT,Medium,0,30.3603991526179,False,True,0.9999064892781468,0.9999999999999998,324642.56,324672.9203991526,324672.9203991527,-30.36039915267611,0.009351946692595115
PROJ_1223,Construction,Medium,3,10466.619891213251,True,True,0.9948082775421428,1.0000000000000002,2005554.07,2016020.689891213,2016020.6898912129,-10466.619891212787,0.5218817107839325
PROJ_1224,IT,Medium,3,143259.64581369678,True,True,0.8841392901671475,0.9999999999999996,1093222.04,1236481.6858136968,1236481.685813697,-143259.64581369702,13.104350312375427
PROJ_1225,IT,Medium,0,103502.94546821083,False,True,0.8904244829786331,1.0,841078.0,944580.9454682108,944580.9454682107,-103502.94546821073,12.305986539680116
PROJ_1226,IT,High,0,14149.154377816943,False,True,0.9824653977923176,1.0,792778.44,806927.5943778169,806927.5943778171,-14149.154377817176,1.7847551931176608
PROJ_1227,R&D,Medium,1,54011.66072761081,True,True,0.9776805347534108,1.0,2365923.59,2419935.2507276107,2419935.250727611,-54011.66072761128,2.2828996234663386
PROJ_1228,Manufacturing,Low,2,165903.06610566657,True,True,0.8682374034893205,1.0000000000000002,1093202.86,1259105.926105667,1259105.9261056664,-165903.06610566634,15.17587194252916
PROJ_1229,Manufacturing,Low,0,2901.8748366872314,False,True,0.9925093028548352,1.0,384495.29,387397.1648366872,387397.1648366871,-2901.874836687115,0.7547231168129823
PROJ_1230,Marketing,High,-1,45929.28127825749,False,True,0.9253082660783636,1.0000000000000004,568988.58,614917.8612782574,614917.8612782573,-45929.281278257375,8.072091935176868
PROJ_1231,Marketing,Critical,1,100240.68314794498,True,True,0.911165973073583,1.0000000000000002,1028163.45,1128404.133147945,1128404.1331479447,-100240.68314794474,9.749489066932378
PROJ_1232,Healthcare,High,1,42512.28182482836,True,True,0.9642938682519064,1.0,1148103.44,1190615.7218248283,1190615.7218248288,-42512.281824828824,3.7028267962361325
PROJ_1233,Construction,Medium,2,-35612.15049759916,True,False,1.040245709480056,0.9999999999999996,920480.4,884868.2495024009,884868.2495024008,35612.15049759927,-3.868865702908967
PROJ_1234,Marketing,Medium,1,85438.85816590022,True,True,0.8849243893342227,0.9999999999999998,657019.58,742458.4381659002,742458.4381659002,-85438.85816590022,13.00400486784583
PROJ_1235,Marketing,High,2,110815.46341838175,True,True,0.9121654332653604,1.0000000000000002,1150822.95,1261638.4134183817,1261638.4134183817,-110815.46341838175,9.629236488408731
PROJ_1236,Construction,High,0,244168.5126768649,False,True,0.8977704864551305,1.0,2144266.14,2388434.652676865,2388434.6526768655,-244168.51267686533,11.387043246267243
PROJ_1237,Construction,Low,2,97195.44793645642,True,True,0.9409744516181644,1.0000000000000002,1549471.98,1646667.4279364564,1646667.4279364562,-97195.44793645618,6.2728109440518045
PROJ_1238,R&D,Critical,1,92076.09160008444,True,True,0.9268939421381416,1.0,1167410.39,1259486.4816000843,1259486.481600084,-92076.09160008421,7.887208507719742
PROJ_1239,Construction,High,-1,49092.63656962151,False,True,0.960731661197462,0.9999999999999994,1201091.05,1250183.6865696216,1250183.686569622,-49092.63656962197,4.087336806782631
PROJ_1240,Construction,Critical,-2,117317.00398123264,False,True,0.950107078259507,1.0000000000000004,2234058.7,2351375.703981233,2351375.7039812324,-117317.00398123218,5.251294604803006
PROJ_1241,IT,High,-1,47454.06693564367,False,True,0.9366378779871792,1.0000000000000002,701480.24,748934.3069356437,748934.3069356435,-47454.066935643554,6.764847280037932
PROJ_1242,IT,Medium,1,80594.76453484409,True,True,0.8922524764339442,1.0000000000000002,667401.68,747996.4445348441,747996.4445348441,-80594.76453484409,12.075900758122767
PROJ_1243,IT,Medium,1,80154.06962425367,True,True,0.8846701096381375,0.9999999999999998,614844.16,694998.2296242537,694998.2296242537,-80154.06962425367,13.036485476946494
PROJ_1244,IT,Medium,1,35643.46162552928,True,True,0.9058803925342964,1.0000000000000004,343060.43,378703.8916255293,378703.89162552916,-35643.46162552916,10.389849282684443
PROJ_1245,IT,Critical,1,81636.05014759907,True,True,0.946766056105774,1.0000000000000002,1451897.71,1533533.760147599,1533533.7601475986,-81636.05014759861,5.622713610285852
PROJ_1246,IT,Critical,2,102662.08738445654,True,True,0.9340736116688784,1.0,1454560.9,1557222.9873844564,1557222.987384457,-102662.087384457,7.057943561143229
PROJ_1247,Construction,Low,3,176721.84624935477,True,True,0.8803865140953787,1.0000000000000002,1300718.97,1477440.8162493547,1477440.8162493543,-176721.8462493543,13.586474121258824
PROJ_1248,Manufacturing,Medium,0,15745.167305593262,False,True,0.962159464862532,1.0,400347.45,416092.6173055933,416092.61730559333,-15745.16730559332,3.9328756323022214
PROJ_1249,IT,Low,0,-25156.808051330503,False,False,1.019261845276346,1.0000000000000002,1331200.32,1306043.5119486696,1306043.5119486693,25156.808051330736,-1.889783804388714
PROJ_1250,Marketing,Critical,0,45693.21234284405,False,True,0.9089825169287702,1.0,456333.55,502026.762342844,502026.7623428441,-45693.21234284411,10.01311701557865
PROJ_1251,Healthcare,High,1,23312.867741781,True,True,0.942323321532401,1.0000000000000002,380886.34,404199.207741781,404199.207741781,-23312.867741780996,6.120688849534744
PROJ_1252,Construction,High,-2,292209.7500521769,False,True,0.8898587183857275,1.0000000000000002,2360835.01,2653044.7600521767,2653044.7600521767,-292209.7500521769,12.37738972924571
PROJ_1253,Construction,Medium,-2,257392.90721275657,False,True,0.8780633818838143,1.0000000000000002,1853481.67,2110874.5772127565,2110874.577212757,-257392.90721275704,13.886995020175034
PROJ_1254,R&D,Critical,3,84045.25215568766,True,True,0.937599220323235,1.0000000000000004,1262816.96,1346862.2121556876,1346862.2121556874,-84045.25215568743,6.655378793430794
PROJ_1255,IT,Low,0,41682.41111587232,False,True,0.9388465814214144,0.9999999999999998,639921.53,681603.9411158724,681603.9411158726,-41682.41111587256,6.513675374521711
PROJ_1256,IT,Low,1,140624.33022988052,True,True,0.8139355664667759,1.0000000000000002,615158.64,755782.9702298805,755782.9702298803,-140624.3302298803,22.859848027149596
PROJ_1257,IT,Critical,2,32671.122078021523,True,True,0.9771951275760828,1.0000000000000002,1399966.67,1432637.7920780214,1432637.7920780214,-32671.122078021523,2.3337071359007084
PROJ_1258,R&D,Critical,3,84174.51345683518,True,True,0.9347131500419472,0.9999999999999996,1205128.21,1289302.7234568351,1289302.7234568351,-84174.51345683518,6.984693641586498
PROJ_1259,Manufacturing,Low,-1,47402.481682604994,False,True,0.9026579327910458,1.0,439565.62,486968.101682605,486968.101682605,-47402.481682604994,10.783937488697363
PROJ_1260,IT,Medium,1,63566.91557069402,True,True,0.8899768170616172,1.0000000000000009,514192.37,577759.285570694,577759.2855706938,-63566.91557069379,12.362477407180076
PROJ_1261,R&D,Critical,2,153016.1326741071,True,True,0.9280098457838026,1.0000000000000004,1972498.59,2125514.722674107,2125514.722674107,-153016.1326741071,7.757477417213621
PROJ_1262,Healthcare,Medium,1,4056.826268152101,True,True,0.9929269262758926,0.9999999999999998,569502.34,573559.1662681521,573559.1662681522,-4056.8262681522174,0.7123458471043714
PROJ_1263,Healthcare,Critical,1,49568.78419474495,True,True,0.8811572549001119,1.0,367526.8,417095.58419474494,417095.584194745,-49568.78419474501,13.487120992195672
PROJ_1264,IT,Critical,-1,35969.15504860319,False,True,0.9395878005074004,1.0,559426.4,595395.5550486032,595395.5550486033,-35969.15504860331,6.429649199359076
PROJ_1265,Healthcare,Medium,0,-4649.7588767670095,False,False,1.006593773101096,0.9999999999999996,709823.99,705174.231123233,705174.2311232334,4649.758876766544,-0.655058006248358
PROJ_1266,IT,Medium,0,13450.75354967342,False,True,0.9669869884172104,1.0,393987.19,407437.9435496734,407437.9435496733,-13450.753549673303,3.414007838598332
PROJ_1267,IT,Low,0,42695.660570060834,False,True,0.9506563413578224,1.0000000000000002,822575.82,865271.4805700608,865271.4805700607,-42695.66057006072,5.190483300379619
PROJ_1268,IT,High,1,13222.889032999054,True,True,0.9806896494065344,1.0000000000000004,671533.66,684756.5490329991,684756.5490329989,-13222.88903299882,1.9690582647783912
PROJ_1269,IT,Medium,1,-3259.894843544229,True,False,1.0035859029614262,1.0,912346.08,909086.1851564556,909086.1851564557,3259.894843544229,-0.35730902066727016
PROJ_1270,Construction,Medium,-1,138240.86214106623,False,True,0.94646538514343,1.0,2444029.74,2582270.6021410665,2582270.602141065,-138240.86214106483,5.656267592761159
PROJ_1271,IT,Critical,2,-71233.4698514376,True,False,1.0819639104111949,1.0,940316.82,869083.3501485623,869083.3501485621,71233.46985143784,-7.575475450012458
PROJ_1272,Construction,Medium,0,39468.234380925074,False,True,0.9715675923736996,1.0,1348674.3,1388142.5343809251,1388142.5343809242,-39468.23438092414,2.926446687752865
PROJ_1273,R&D,Critical,0,99509.1478983306,False,True,0.9481030614707882,0.9999999999999996,1817928.58,1917437.727898331,1917437.7278983314,-99509.14789833128,5.473765525944439
PROJ_1274,IT,Medium,2,60476.312835247256,True,True,0.9494910582346632,1.0,1136862.43,1197338.7428352472,1197338.742835247,-60476.31283524702,5.319580561321481
PROJ_1275,IT,Medium,-2,128688.0539185463,False,True,0.8994668612212169,1.0,1151368.01,1280056.0639185463,1280056.063918546,-128688.05391854607,11.176969726520895
PROJ_1276,Construction,Medium,0,31003.224637973355,False,True,0.9745186273995904,1.0,1185698.29,1216701.5146379734,1216701.514637973,-31003.22463797289,2.6147650628704953
PROJ_1277,R&D,High,0,44412.20658488362,False,True,0.9524622468301778,1.0,889839.07,934251.2765848836,934251.2765848835,-44412.206584883505,4.991038051957362
PROJ_1278,Marketing,Medium,1,60922.24907234893,True,True,0.9379816295074628,1.0,921403.61,982325.8590723488,982325.8590723488,-60922.249072348815,6.611896069340212
PROJ_1279,IT,Critical,-2,57329.931108322926,False,True,0.9473737848027332,1.0,1032049.78,1089379.711108323,1089379.711108323,-57329.931108322926,5.5549579312272055
PROJ_1280,IT,Medium,0,-7804.128316424554,False,False,1.0100500203070493,1.0000000000000004,784332.74,776528.6116835754,776528.6116835753,7804.128316424671,-0.9950022380073883
PROJ_1281,R&D,High,2,90873.60094123776,True,True,0.9326537886342916,1.0,1258476.26,1349349.8609412378,1349349.8609412378,-90873.60094123776,7.220922939081724
PROJ_1282,Manufacturing,High,-1,-26870.543339301366,False,False,1.0502679337181615,1.0,561416.95,534546.4066606986,534546.4066606986,26870.543339301366,-4.7862009401927335
PROJ_1283,IT,Medium,0,16730.6770549434,False,True,0.9667392710849462,0.9999999999999996,486285.27,503015.9470549434,503015.9470549436,-16730.677054943575,3.4405066505394197
PROJ_1284,Manufacturing,Medium,1,-24310.06739904522,True,False,1.050236639061146,1.0000000000000004,508221.17,483911.1026009548,483911.10260095465,24310.067399045336,-4.783363786094416
PROJ_1285,Construction,Medium,0,97843.19632600492,False,True,0.9012082473828588,1.0000000000000002,892555.23,990398.4263260048,990398.4263260046,-97843.19632600457,10.96214475444893
PROJ_1286,Construction,High,1,-10444.787662601098,True,False,1.0063787597210447,1.0000000000000002,1647877.16,1637432.3723373988,1637432.3723373993,10444.787662600633,-0.6338329043046287
PROJ_1287,Manufacturing,Low,0,22765.0090721054,False,True,0.958409255772621,1.0000000000000002,524592.57,547357.5790721053,547357.5790721052,-22765.009072105284,4.339559950707134
PROJ_1288,Construction,High,0,64887.63579822646,False,True,0.9338794322101308,1.0,916465.64,981353.2757982264,981353.2757982268,-64887.63579822681,7.080203879572267
PROJ_1289,IT,Critical,-1,119436.16592225316,False,True,0.9373508290897156,1.0,1786992.35,1906428.5159222533,1906428.5159222533,-119436.16592225316,6.683641702341543
PROJ_1290,R&D,High,-2,50150.97071574419,False,True,0.9759598108073548,1.0,2035979.48,2086130.450715744,2086130.4507157446,-50150.970715744654,2.4632355683537956
PROJ_1291,IT,Low,1,45832.99463192094,True,True,0.9484682813499848,1.0000000000000002,843580.28,889413.274631921,889413.2746319209,-45832.994631920825,5.433151499454305
PROJ_1292,IT,Medium,2,14779.208492759266,True,True,0.9789866012724944,1.0000000000000004,688543.88,703323.0884927593,703323.088492759,-14779.208492759033,2.1464439554323005
PROJ_1293,IT,Medium,4,-56804.23931716639,True,False,1.0439008738204667,0.9999999999999996,1350724.71,1293920.4706828336,1293920.470682834,56804.23931716592,-4.205463844454724
PROJ_1294,IT,High,2,108932.82748954708,True,True,0.8957560864154474,0.9999999999999996,936047.39,1044980.2174895472,1044980.2174895474,-108932.82748954743,11.637533382743307
PROJ_1295,IT,Medium,1,21595.63361150364,True,True,0.9618922437190884,1.0,545103.53,566699.1636115037,566699.1636115037,-21595.63361150364,3.9617489931689924
PROJ_1296,Marketing,High,2,104131.00001657008,True,True,0.924709728883644,0.9999999999999996,1278929.5,1383060.50001657,1383060.5000165706,-104131.00001657056,8.142043796516583
PROJ_1297,R&D,Medium,-4,3252.5404562396,False,True,0.9985494267896208,0.9999999999999998,2238992.41,2242244.95045624,2242244.95045624,-3252.5404562400654,0.14526804296938484
PROJ_1298,IT,Low,1,195533.87577583035,True,True,0.838880697434557,1.0000000000000009,1018062.96,1213596.8357758303,1213596.8357758303,-195533.87577583035,19.206462022332133
PROJ_1299,R&D,Critical,2,92703.677062558,True,True,0.9559480406356612,1.0000000000000009,2011712.98,2104416.657062558,2104416.6570625575,-92703.67706255754,4.608195999339705
PROJ_1300,R&D,Low,3,86731.45239811111,True,True,0.9382129833756178,0.9999999999999996,1316985.01,1403716.4623981111,1403716.4623981111,-86731.45239811111,6.5856066500036405
PROJ_1301,IT,Critical,0,155935.32390796626,False,True,0.8634069504347565,0.9999999999999998,985669.79,1141605.1139079663,1141605.1139079663,-155935.32390796626,15.820239748645056
PROJ_1302,IT,Medium,0,-17124.28165939648,False,False,1.0225156734354346,1.0,777673.67,760549.3883406036,760549.3883406034,17124.281659396598,-2.201988098606527
PROJ_1303,IT,High,0,-34546.58807570732,False,False,1.0512983224311443,1.0000000000000002,707991.38,673444.7919242927,673444.7919242928,34546.5880757072,-4.879521001471402
PROJ_1304,Manufacturing,Medium,0,2089.0541586327017,False,True,0.994824672071056,1.0000000000000002,401567.33,403656.3841586327,403656.3841586328,-2089.05415863276,0.520225128531437
PROJ_1305,IT,Medium,0,69072.7371261844,False,True,0.9237290288175324,1.0,836550.15,905622.8871261844,905622.8871261843,-69072.73712618428,8.256855506652444
PROJ_1306,Construction,Medium,0,103280.84962953138,False,True,0.933937902526852,1.0,1460109.56,1563390.4096295314,1563390.4096295307,-103280.84962953068,7.073499993351915
PROJ_1307,R&D,Medium,1,264039.60008823825,True,True,0.9028282286985838,1.0,2453206.33,2717245.9300882383,2717245.9300882383,-264039.60008823825,10.763040876722272
PROJ_1308,R&D,Critical,5,441534.3905884307,True,True,0.8681838339145646,1.0000000000000004,2908088.07,3349622.4605884305,3349622.460588429,-441534.3905884293,15.182978643024017
PROJ_1309,IT,Medium,1,127332.0174838102,True,True,0.903944595138614,0.9999999999999998,1198278.11,1325610.1274838103,1325610.127483811,-127332.0174838109,10.626249150442286
PROJ_1310,IT,High,2,59159.63171910937,True,True,0.9486833224982496,0.9999999999999992,1093674.78,1152834.4117191094,1152834.4117191096,-59159.6317191096,5.40925262253095
PROJ_1311,Construction,High,-1,195973.8897621471,False,True,0.8477665154626043,1.0000000000000002,1091350.58,1287324.4697621472,1287324.469762147,-195973.88976214686,17.957006057773555
PROJ_1312,IT,Critical,1,59725.17287025892,True,True,0.9260114024270591,1.0000000000000002,747496.14,807221.3128702589,807221.3128702586,-59725.17287025857,7.990030941197713
PROJ_1313,Construction,High,1,162658.9718255764,True,True,0.9363258011820368,0.9999999999999998,2391891.77,2554550.7418255764,2554550.7418255773,-162658.97182557732,6.80043193700095
PROJ_1314,Healthcare,Low,0,35449.7300992214,False,True,0.9349174119669345,1.0000000000000002,509238.66,544688.3900992214,544688.3900992213,-35449.730099221284,6.9613194919689105
PROJ_1315,Manufacturing,High,2,82537.04218458431,True,True,0.9425808386037589,0.9999999999999996,1354910.67,1437447.7121845842,1437447.7121845842,-82537.04218458431,6.091696228547991
PROJ_1316,Marketing,Medium,0,7725.628401166119,False,True,0.974091604157316,0.9999999999999998,290464.52,298190.14840116614,298190.14840116614,-7725.628401166119,2.659749425219341
PROJ_1317,Construction,Medium,-1,202070.32937918813,False,True,0.9091359425278204,0.9999999999999998,2021804.93,2223875.259379188,2223875.259379189,-202070.32937918906,9.994551224048557
PROJ_1318,Marketing,Medium,0,166558.58738367457,False,True,0.8355858235420199,1.0000000000000002,846484.15,1013042.7373836746,1013042.7373836747,-166558.5873836747,19.67651578398422
PROJ_1319,IT,Low,-1,-20829.60641124379,False,False,1.0301947756439125,1.0000000000000009,710671.01,689841.4035887562,689841.4035887559,20829.606411244138,-2.930977360571404
PROJ_1320,IT,Medium,1,124223.21498061786,True,True,0.9033947254780316,0.9999999999999998,1161661.18,1285884.3949806178,1285884.3949806178,-124223.21498061786,10.693584077641113
PROJ_1321,Healthcare,Medium,0,81777.54739131319,False,True,0.8038605424798215,1.0,335158.18,416935.7273913132,416935.7273913132,-81777.54739131319,24.39968715408145
PROJ_1322,IT,Medium,-1,-6772.094314840331,False,False,1.015145153900506,1.0,453918.05,447145.95568515966,447145.95568515937,6772.094314840622,-1.491920031565306
PROJ_1323,IT,High,-1,49221.34619808139,False,True,0.9373190033072306,1.0,736046.1,785267.4461980814,785267.4461980814,-49221.34619808139,6.6872640447495595
PROJ_1324,Construction,High,-3,3520.8493663445115,False,True,0.998764305268429,1.0,2845766.5,2849287.3493663445,2849287.349366344,-3520.849366344046,0.12372235622086514
PROJ_1325,IT,Medium,2,60283.07723190612,True,True,0.9513871644566324,0.9999999999999998,1179781.95,1240065.027231906,1240065.0272319063,-60283.077231906354,5.109679566796759
PROJ_1326,Manufacturing,Low,-1,27441.936792905675,False,True,0.9504249774432452,1.0,526101.67,553543.6067929057,553543.6067929057,-27441.936792905675,5.216090036913525
PROJ_1327,Marketing,Low,0,27924.003299168544,False,True,0.9792449762422536,1.0000000000000002,1317485.36,1345409.3632991686,1345409.3632991689,-27924.003299168777,2.1194924928174363
PROJ_1328,IT,Medium,3,-48656.316356158815,True,False,1.0393506201683846,1.0,1285137.88,1236481.563643841,1236481.5636438408,48656.31635615905,-3.786077518480667
PROJ_1329,IT,Low,1,125372.1652560546,True,True,0.8910913992821144,1.0000000000000002,1025796.47,1151168.6352560546,1151168.6352560548,-125372.16525605484,12.221933777570403
PROJ_1330,Marketing,Low,0,34073.68441915244,False,True,0.9650400685375944,1.0000000000000002,940575.95,974649.6344191524,974649.6344191522,-34073.68441915221,3.622640406567084
PROJ_1331,R&D,Critical,4,121966.60267154686,True,True,0.9487498600857291,0.9999999999999998,2257863.05,2379829.6526715467,2379829.652671547,-121966.60267154733,5.401860076125845
PROJ_1332,IT,High,3,118000.45074537722,True,True,0.9005943879670115,1.0,1069059.8,1187060.2507453773,1187060.250745377,-118000.45074537699,11.037778311875256
PROJ_1333,Healthcare,Low,2,16345.01751504012,True,True,0.9832064706002672,0.9999999999999996,956947.56,973292.5775150402,973292.5775150405,-16345.017515040468,1.7080369080036597
PROJ_1334,Construction,Medium,2,84750.95780147752,True,True,0.941062659100473,1.0000000000000002,1353233.12,1437984.0778014776,1437984.0778014776,-84750.95780147752,6.2628498038444045
PROJ_1335,Healthcare,Medium,0,92355.7306193345,False,True,0.8474386622956032,1.0000000000000002,513012.13,605367.8606193345,605367.8606193345,-92355.7306193345,18.002640721055563
PROJ_1336,Marketing,Medium,1,28108.57015785156,True,True,0.9658263652603124,1.0,794413.54,822522.1101578516,822522.1101578516,-28108.570157851558,3.5382793397317416
PROJ_1337,Construction,Low,0,126269.96024961256,False,True,0.9393805893347889,1.0,1956725.55,2082995.5102496129,2082995.5102496124,-126269.96024961234,6.453125746204537
PROJ_1338,IT,Medium,2,-17749.520127640397,True,False,1.043230694313849,0.9999999999999998,428326.32,410576.7998723596,410576.79987235967,17749.52012764034,-4.143924689858036
PROJ_1339,Construction,High,2,32643.92364627728,True,True,0.9649585378919908,1.0000000000000002,898936.03,931579.9536462772,931579.953646277,-32643.923646276933,3.63139562292068
PROJ_1340,Manufacturing,Medium,1,36822.79488865379,True,True,0.9506189798520788,0.9999999999999996,708864.41,745687.2048886538,745687.2048886537,-36822.794888653676,5.194617527582415
PROJ_1341,Construction,Medium,1,66536.88664499228,True,True,0.9691079486800632,1.0,2087314.47,2153851.3566449923,2153851.3566449927,-66536.88664499274,3.1876790776520005
PROJ_1342,IT,High,0,88444.64742820652,False,True,0.8872480674039321,1.0000000000000002,695973.37,784418.0174282065,784418.0174282063,-88444.64742820628,12.708050514663555
PROJ_1343,IT,Low,2,190663.3263102614,True,True,0.8510728989815299,1.0000000000000002,1089582.68,1280246.006310261,1280246.006310261,-190663.32631026115,17.498747897705307
PROJ_1344,Construction,Medium,3,141389.22302531754,True,True,0.9279615325984762,1.0000000000000009,1821301.38,1962690.6030253172,1962690.603025316,-141389.22302531614,7.7630876788396295
PROJ_1345,Healthcare,Medium,0,-49350.986500737024,False,False,1.0730518428651907,1.0000000000000002,724912.13,675561.143499263,675561.1434992632,49350.98650073679,-6.8078577331485395
PROJ_1346,Healthcare,High,1,3369.3431388199097,True,True,0.9945970473732304,0.9999999999999996,620242.11,623611.4531388199,623611.45313882,-3369.343138820026,0.5432303103089899
PROJ_1347,Construction,Critical,2,282281.01109321,True,True,0.8837626437047986,1.0,2146206.87,2428487.88109321,2428487.88109321,-282281.01109320996,13.152553700157057
PROJ_1348,Manufacturing,Low,0,5989.247078895511,False,True,0.9848361071515838,1.0000000000000002,388978.4,394967.64707889553,394967.6470788955,-5989.247078895452,1.5397377023751067
PROJ_1349,Construction,Low,-1,15971.551284021232,False,True,0.99165037885076,1.0,1896875.87,1912847.421284021,1912847.4212840223,-15971.551284022164,0.8419924327479669
PROJ_1350,Construction,Medium,1,-64712.87523054471,True,False,1.0454012072676742,1.0000000000000002,1490068.7,1425355.8247694552,1425355.8247694552,64712.87523054471,-4.342945746766221
PROJ_1351,IT,Medium,2,48799.19663942151,True,True,0.9469157380426788,1.0,870478.85,919278.0466394216,919278.0466394216,-48799.19663942163,5.606017497084694
PROJ_1352,R&D,Medium,4,56637.692975160666,True,True,0.971614805859936,1.0,1938687.5,1995325.192975161,1995325.1929751607,-56637.692975160666,2.921445203270804
PROJ_1353,IT,Medium,0,20134.10360023158,False,True,0.9749004393661268,1.0,782035.46,802169.5636002315,802169.5636002315,-20134.10360023158,2.574576810139988
PROJ_1354,R&D,Critical,2,93551.08251521851,True,True,0.9378194808024466,1.0,1410956.82,1504507.9025152186,1504507.9025152184,-93551.0825152183,6.630329233974594
PROJ_1355,R&D,High,3,89614.1891707438,True,True,0.9608700343936832,0.9999999999999996,2200553.66,2290167.849170744,2290167.849170744,-89614.1891707438,4.072347373285313
PROJ_1356,Manufacturing,High,2,21457.072306025773,True,True,0.9773650385300676,1.0,926504.44,947961.5123060256,947961.5123060257,-21457.072306025773,2.315916835328471
PROJ_1357,IT,Medium,2,-52326.93085688673,True,False,1.1093678137220462,1.0,530776.02,478449.0891431133,478449.08914311335,52326.93085688667,-9.85857101398188
PROJ_1358,R&D,High,0,28689.773785457717,False,True,0.9767279288581832,0.9999999999999994,1204108.7,1232798.4737854577,1232798.4737854584,-28689.773785458412,2.3826564649402844
PROJ_1359,IT,Critical,1,53030.90316443204,True,True,0.9125724944961038,1.0000000000000004,553539.11,606570.013164432,606570.0131644318,-53030.9031644318,9.580335374031982
PROJ_1360,R&D,Medium,3,9626.611188712995,True,True,0.9965882565106372,1.0,2811983.87,2821610.481188713,2821610.4811887136,-9626.611188713461,0.3423423331625818
PROJ_1361,Construction,Low,-1,201498.48326915293,False,True,0.8985515055077473,1.0000000000000002,1784716.14,1986214.6232691528,1986214.6232691521,-201498.48326915223,11.290225865786827
PROJ_1362,Manufacturing,Medium,-1,24201.95406407304,False,True,0.9592689708831336,0.9999999999999998,569987.65,594189.6040640731,594189.6040640732,-24201.954064073157,4.246048851071274
PROJ_1363,IT,Medium,1,40650.352659322205,True,True,0.950587858349735,1.0000000000000002,782029.08,822679.4326593222,822679.432659322,-40650.35265932209,5.198061517011885
PROJ_1364,IT,Medium,0,3659.789693817496,False,True,0.9931011448084116,1.0000000000000004,526832.53,530492.3196938175,530492.3196938175,-3659.7896938174963,0.6946780021001163
PROJ_1365,Healthcare,Critical,-1,31814.471009210567,False,True,0.9510479649296532,1.0,618096.63,649911.1010092106,649911.1010092106,-31814.471009210567,5.147167848045146
PROJ_1366,Marketing,Medium,-1,98792.6632437572,False,True,0.892093923297771,1.0000000000000004,816750.43,915543.0932437571,915543.0932437568,-98792.66324375675,12.095820169174168
PROJ_1367,Marketing,High,2,83332.31042370829,True,True,0.902665578241347,1.0,772811.99,856144.3004237083,856144.3004237082,-83332.31042370817,10.782999164351496
PROJ_1368,Marketing,Medium,0,2059.842881888384,False,True,0.9974420660134692,0.9999999999999996,803216.17,805276.0128818884,805276.0128818887,-2059.842881888617,0.25644937923605504
PROJ_1369,IT,High,3,247295.61352377944,True,True,0.8061638414415422,1.0,1028501.51,1275797.1235237794,1275797.1235237797,-247295.61352377967,24.044263534798276
PROJ_1370,Construction,Critical,3,204635.6127436543,True,True,0.9118936949399472,0.9999999999999998,2117963.35,2322598.9627436544,2322598.962743655,-204635.61274365475,9.661905280072705
PROJ_1371,R&D,Medium,2,111016.98999850452,True,True,0.9152786317310968,1.0000000000000009,1199360.69,1310377.6799985045,1310377.6799985042,-111016.98999850429,9.256347229331343
PROJ_1372,IT,High,1,39918.74973989732,True,True,0.903690876234322,1.0,374566.9,414485.6497398973,414485.6497398972,-39918.749739897205,10.657308411367156
PROJ_1373,IT,Medium,3,76987.4734295531,True,True,0.92902145475895,0.9999999999999998,1007670.9,1084658.3734295531,1084658.3734295531,-76987.4734295531,7.640140588514871
PROJ_1374,IT,Medium,1,10345.37597703177,True,True,0.985154451395762,1.0000000000000004,686521.83,696867.2059770317,696867.2059770315,-10345.375977031537,1.5069260036540335
PROJ_1375,Construction,Low,-1,94621.8210645765,False,True,0.9280275526493904,0.9999999999999998,1220073.24,1314695.0610645765,1314695.0610645767,-94621.82106457674,7.755421392946602
PROJ_1376,IT,Medium,1,78200.3291003363,True,True,0.8843119734274648,1.0000000000000002,597758.38,675958.7091003363,675958.7091003363,-78200.3291003363,13.082263957610483
PROJ_1377,Marketing,High,0,86677.62302181462,False,True,0.8178021543000661,1.0000000000000002,389055.9,475733.52302181465,475733.52302181453,-86677.6230218145,22.27896377405265
PROJ_1378,Manufacturing,Critical,2,161351.22228557116,True,True,0.8431143050336747,1.0,867112.35,1028463.5722855713,1028463.5722855714,-161351.2222855714,18.607879623162027
PROJ_1379,Marketing,Medium,0,85738.16167338542,False,True,0.9046954773867394,1.0,813885.06,899623.2216733855,899623.2216733856,-85738.16167338553,10.534431197617208
PROJ_1380,IT,Medium,-1,22816.601004681022,False,True,0.957838485921302,1.0000000000000002,518354.69,541171.291004681,541171.291004681,-22816.601004681026,4.401735229728707
PROJ_1381,IT,Low,2,134818.98036181205,True,True,0.8890797393193893,1.0,1080639.58,1215458.560361812,1215458.5603618121,-134818.98036181205,12.475850677411986
PROJ_1382,R&D,High,0,29056.01388175785,False,True,0.9797779268581684,1.0,1407790.43,1436846.4438817578,1436846.4438817573,-29056.01388175739,2.063944551871786
PROJ_1383,IT,Medium,2,91530.8229426993,True,True,0.936115085761181,1.0000000000000002,1341214.67,1432745.4929426992,1432745.4929426988,-91530.82294269884,6.824472248182227
PROJ_1384,Healthcare,Low,0,4558.070262822206,False,True,0.99462233960911,1.0,843035.48,847593.5502628222,847593.5502628222,-4558.070262822206,0.5406735980818039
PROJ_1385,Marketing,Critical,2,82214.65809353604,True,True,0.8881354367213261,1.0,652733.53,734948.1880935361,734948.1880935361,-82214.65809353604,12.595439687851801
PROJ_1386,Construction,High,1,59465.96493701567,True,True,0.9418907469464634,1.0,963881.64,1023347.6049370156,1023347.6049370157,-59465.96493701567,6.169426044572824
PROJ_1387,Marketing,High,0,-7811.169379623316,False,False,1.0278370644467123,0.9999999999999996,288414.37,280603.2006203767,280603.2006203768,7811.169379623199,-2.708314908034298
PROJ_1388,IT,Medium,2,105837.76916751894,True,True,0.9103494171719778,1.0,1074720.86,1180558.629167519,1180558.629167519,-105837.76916751894,9.847931040206937
PROJ_1389,Construction,Medium,-1,-9899.896186048863,False,False,1.0062787796510084,0.9999999999999996,1586622.88,1576722.983813951,1576722.9838139515,9899.896186048398,-0.6239602561415475
PROJ_1390,IT,Medium,1,10478.451241069706,True,True,0.991011560807064,1.0,1155291.38,1165769.8312410696,1165769.8312410696,-10478.451241069706,0.9069964012948583
PROJ_1391,Construction,High,-2,63779.35974352062,False,True,0.950614633111484,0.9999999999999996,1227683.35,1291462.7097435207,1291462.709743521,-63779.35974352085,5.195098536077796
PROJ_1392,Construction,Medium,1,18536.483919109214,True,True,0.9905979555904474,1.0,1953001.1,1971537.5839191093,1971537.5839191095,-18536.48391910945,0.9491281863133333
PROJ_1393,Healthcare,Medium,3,88971.56420111284,True,True,0.9307292403319816,1.0000000000000002,1195431.33,1284402.894201113,1284402.8942011127,-88971.5642011126,7.442632794400043
PROJ_1394,Manufacturing,High,1,59138.17097234528,True,True,0.945222682546464,0.9999999999999996,1020472.4,1079610.5709723453,1079610.5709723455,-59138.17097234551,5.795175937374251
PROJ_1395,R&D,Critical,4,59492.614900553366,True,True,0.963802361008672,1.0000000000000002,1584056.98,1643549.594900553,1643549.5949005536,-59492.6149005536,3.7557117989880386
PROJ_1396,Manufacturing,Low,0,-18751.073915956516,False,False,1.086967093891883,1.0000000000000002,234362.21,215611.13608404348,215611.13608404342,18751.07391595657,-8.000894818305635
PROJ_1397,IT,Medium,1,19122.510773275517,True,True,0.9671029374994402,0.9999999999999992,562160.72,581283.2307732755,581283.2307732757,-19122.510773275746,3.4016092005282306
PROJ_1398,R&D,High,3,159405.44625639543,True,True,0.9181764915671023,1.0,1788756.51,1948161.9562563957,1948161.9562563957,-159405.44625639566,8.911522913557176
PROJ_1399,R&D,Critical,1,166383.53272834863,True,True,0.8956070208393851,1.0,1427435.65,1593819.1827283483,1593819.1827283485,-166383.53272834863,11.656114426478604
PROJ_1400,R&D,Critical,0,146845.77089570952,False,True,0.9158371838933564,1.0000000000000009,1597936.28,1744782.0508957095,1744782.050895708,-146845.7708957079,9.189713803588456
PROJ_1401,Construction,High,0,312820.56648792326,False,True,0.8758216758179254,0.9999999999999998,2206303.19,2519123.756487923,2519123.7564879227,-312820.5664879228,14.17849404858644
PROJ_1402,Construction,High,1,-1820.1042648232544,True,False,1.0008608224840374,0.9999999999999998,2116198.27,2114378.1657351768,2114378.165735177,1820.1042648227885,-0.08600821060225082
PROJ_1403,IT,Critical,3,400247.6446796821,True,True,0.8033606065420063,1.0000000000000002,1635192.14,2035439.784679682,2035439.784679682,-400247.6446796821,24.47710179671498
PROJ_1404,Manufacturing,Critical,0,60288.057339820894,False,True,0.938139344416422,1.0,914290.32,974578.3773398208,974578.377339821,-60288.05733982101,6.593973054403662
PROJ_1405,Manufacturing,Medium,0,83503.121980067,False,True,0.8954112627075113,1.0,714891.85,798394.971980067,798394.9719800671,-83503.12198006711,11.680525100414435
PROJ_1406,IT,High,1,78590.5142879854,True,True,0.9009107353872068,1.0000000000000002,714537.93,793128.4442879854,793128.4442879852,-78590.51428798516,10.998788306169436
PROJ_1407,Construction,Medium,2,85741.82209774386,True,True,0.9604974535497414,1.0,2084797.29,2170539.112097744,2170539.1120977444,-85741.82209774433,4.112717457424569
PROJ_1408,R&D,High,2,67768.31239672191,True,True,0.9364738384094856,1.0,999009.7,1066778.012396722,1066778.0123967219,-67768.31239672191,6.783548988235241
PROJ_1409,Healthcare,Low,0,30466.66933020309,False,True,0.9146190770986552,1.0,326365.61,356832.2793302031,356832.2793302032,-30466.669330203207,9.335134706810319
PROJ_1410,R&D,High,4,121196.84948953777,True,True,0.9243733715262666,0.9999999999999992,1481371.61,1602568.459489538,1602568.4594895386,-121196.84948953846,8.181394099319782
PROJ_1411,Healthcare,Medium,0,34407.34766275855,False,True,0.9268447222504798,1.0000000000000002,435925.74,470333.08766275854,470333.08766275854,-34407.34766275855,7.8929378344941385
PROJ_1412,IT,Medium,1,34116.96767343604,True,True,0.9415871360268582,1.0000000000000009,549949.03,584065.9976734361,584065.9976734358,-34116.96767343581,6.203659941619645
PROJ_1413,IT,Critical,1,-19819.85212207865,True,False,1.0296477373551582,0.9999999999999998,688331.31,668511.4578779214,668511.4578779215,19819.852122078533,-2.8794058666426974
PROJ_1414,Healthcare,Low,1,11024.357937786262,True,True,0.988944413101992,1.0,986150.92,997175.2779377864,997175.2779377865,-11024.357937786495,1.1179179286053391
PROJ_1415,IT,High,3,107511.9803810995,True,True,0.9244407719668404,0.9999999999999996,1315371.54,1422883.5203810995,1422883.5203811005,-107511.98038110044,8.17350665661357
PROJ_1416,R&D,High,0,142759.07303599548,False,True,0.9044973077538258,1.0000000000000002,1352058.19,1494817.2630359954,1494817.2630359952,-142759.07303599524,10.558648591596139
PROJ_1417,R&D,High,2,193427.8825112956,True,True,0.90860797331056,0.9999999999999996,1923035.55,2116463.432511296,2116463.432511296,-193427.88251129608,10.058466288431125
PROJ_1418,R&D,Critical,2,130853.13397460037,True,True,0.9338894046640008,1.0000000000000002,1848453.41,1979306.5439746005,1979306.5439745998,-130853.13397459988,7.079060433262415
PROJ_1419,Construction,Low,1,39599.542364733294,True,True,0.964746092340606,0.9999999999999998,1083667.21,1123266.7523647333,1123266.7523647337,-39599.54236473376,3.654216165194641
PROJ_1420,R&D,High,1,118403.4730314049,True,True,0.9079490377964536,0.9999999999999998,1167878.28,1286281.753031405,1286281.7530314052,-118403.47303140513,10.138340189990101
PROJ_1421,Marketing,High,1,47064.50717289833,True,True,0.8605247702858823,1.0000000000000002,290375.39,337439.89717289835,337439.8971728983,-47064.50717289827,16.208159779965605
PROJ_1422,Marketing,Low,2,118260.62470432372,True,True,0.921723021467422,1.0,1392536.38,1510797.0047043236,1510797.0047043234,-118260.62470432348,8.492462129019817
PROJ_1423,Marketing,Medium,2,29022.32614520786,True,True,0.9256455478644064,1.0,361301.66,390323.98614520783,390323.9861452079,-29022.326145207917,8.032713202925201
PROJ_1424,R&D,Medium,2,203283.6783087207,True,True,0.9197686448527524,1.0000000000000009,2330434.94,2533718.6183087206,2533718.61830872,-203283.67830872023,8.722993069642195
PROJ_1425,Marketing,High,2,26748.12699566962,True,True,0.949303242935704,0.9999999999999998,500862.09,527610.2169956696,527610.21699567,-26748.12699566997,5.34041755798886
PROJ_1426,Marketing,High,1,19905.330353674013,True,True,0.9859520403285664,1.0,1397049.93,1416955.260353674,1416955.260353674,-19905.330353674013,1.4248116639377388
PROJ_1427,Marketing,High,0,-1150.6249651239486,False,False,1.0018479181505004,1.0000000000000004,623810.76,622660.1350348761,622660.135034876,1150.624965124065,-0.18445096476438866
PROJ_1428,Marketing,Critical,1,122866.39553442108,True,True,0.8959709423350105,1.0,1058211.26,1181077.655534421,1181077.6555344209,-122866.39553442085,11.610762442125294
PROJ_1429,IT,Low,1,-10065.069326882483,True,False,1.012574855253254,1.0000000000000002,810477.41,800412.3406731175,800412.3406731173,10065.069326882716,-1.2418691998932723
PROJ_1430,IT,Medium,0,-39781.05496069667,False,False,1.092731527021874,1.0000000000000002,468772.75,428991.6950393033,428991.6950393033,39781.054960696725,-8.486213194068283
PROJ_1431,Marketing,High,0,-11797.902469240478,False,False,1.0389101511259236,1.0,315006.76,303208.85753075953,303208.85753075953,11797.902469240478,-3.7452854882353885
PROJ_1432,IT,Critical,3,164214.54435679712,True,True,0.8895934860898443,0.9999999999999996,1323148.28,1487362.8243567972,1487362.8243567972,-164214.54435679712,12.410895047741521
PROJ_1433,Construction,Medium,-1,379944.674704216,False,True,0.8677157939184479,0.9999999999999998,2492240.04,2872184.714704216,2872184.7147042165,-379944.6747042164,15.245107558107302
PROJ_1434,IT,High,0,32334.48084150604,False,True,0.9401768588215872,1.0000000000000004,508166.74,540501.220841506,540501.2208415059,-32334.480841505923,6.362966777697006
PROJ_1435,Manufacturing,Medium,2,169877.99554291763,True,True,0.7924837270803955,0.9999999999999998,648746.94,818624.9355429176,818624.9355429177,-169877.99554291775,26.185556350048877
PROJ_1436,Manufacturing,High,-2,-27375.613360231397,False,False,1.0395460505397387,1.0,719622.07,692246.4566397686,692246.4566397687,27375.613360231277,-3.80416533920802
PROJ_1437,Healthcare,Low,1,170425.52983207838,True,True,0.867418165071288,1.0000000000000004,1115010.97,1285436.4998320783,1285436.4998320779,-170425.5298320779,15.284650502772893
PROJ_1438,Construction,Critical,-1,91845.33106424472,False,True,0.9622227553663164,1.0000000000000002,2339388.92,2431234.2510642447,2431234.251064244,-91845.33106424427,3.9260394147820565
PROJ_1439,R&D,High,-1,121177.62404670611,False,True,0.9437718654756256,1.0000000000000004,2033928.98,2155106.604046706,2155106.6040467056,-121177.62404670566,5.957809994265664
PROJ_1440,IT,Low,1,14467.246622942854,True,True,0.981787503476457,0.9999999999999994,779890.99,794358.2366229428,794358.2366229431,-14467.246622943087,1.8550344610268017
PROJ_1441,Healthcare,Low,1,88510.29156234115,True,True,0.8648836444529554,0.9999999999999998,566556.9,655067.1915623412,655067.1915623413,-88510.29156234127,15.62248938497462
PROJ_1442,Manufacturing,High,0,2624.728766825632,False,True,0.9968862812914472,1.0000000000000002,840331.56,842956.2887668257,842956.2887668256,-2624.728766825516,0.3123444235303403
PROJ_1443,Healthcare,Low,1,57051.47301652178,True,True,0.899360233887236,1.0,509836.5,566887.9730165218,566887.9730165217,-57051.47301652166,11.190150767260025
PROJ_1444,Construction,Low,2,72799.06458627735,True,True,0.9617146908169172,1.0000000000000002,1828689.16,1901488.2245862773,1901488.2245862768,-72799.06458627689,3.980942534065051
PROJ_1445,R&D,Critical,5,170770.95394741162,True,True,0.8860980725817865,1.0000000000000004,1328509.68,1499280.6339474116,1499280.633947411,-170770.95394741115,12.854325152332436
PROJ_1446,Healthcare,Low,0,78517.3778401385,False,True,0.9154180477921614,1.0,849782.05,928299.4278401386,928299.4278401386,-78517.3778401385,9.239707739194833
PROJ_1447,Construction,Critical,0,9955.940914202947,False,True,0.994955810101178,0.9999999999999998,1963788.33,1973744.270914203,1973744.2709142035,-9955.940914203413,0.5069762744849091
PROJ_1448,Construction,High,1,-18775.694973762147,True,False,1.0167212190666048,1.0000000000000009,1141642.09,1122866.395026238,1122866.3950262375,18775.694973762613,-1.6446218248455269
PROJ_1449,IT,Critical,1,148616.6862590853,True,True,0.901469042591038,1.0000000000000002,1359708.11,1508324.7962590854,1508324.7962590854,-148616.6862590853,10.930043379610739
PROJ_1450,IT,Low,1,12912.772812684068,True,True,0.9634731702843686,0.9999999999999998,340601.97,353514.74281268404,353514.7428126841,-12912.772812684125,3.791162104166375
PROJ_1451,IT,High,2,-19596.42777438683,True,False,1.0233574340442544,0.9999999999999998,858576.76,838980.3322256132,838980.3322256136,19596.427774386364,-2.282431657524292
PROJ_1452,Healthcare,High,1,38249.67469000071,True,True,0.9483610662673104,1.0000000000000002,702464.2,740713.8746900007,740713.8746900007,-38249.67469000071,5.445071035648609
PROJ_1453,Healthcare,High,1,53201.13725676492,True,True,0.9295770162378006,1.0,702250.2,755451.3372567649,755451.3372567649,-53201.13725676492,7.575809484534846
PROJ_1454,IT,Low,2,32172.592327275663,True,True,0.9639870316259908,1.0000000000000002,861188.71,893361.3023272756,893361.3023272759,-32172.592327275896,3.7358353579990498
PROJ_1455,IT,Low,2,50979.80461660074,True,True,0.9021446298620004,1.0000000000000002,469991.14,520970.9446166008,520970.94461660075,-50979.80461660074,10.84697141665282
PROJ_1456,Construction,Medium,3,148276.059510421,True,True,0.9481107121825604,0.9999999999999994,2709270.57,2857546.629510421,2857546.6295104204,-148276.05951042054,5.472914412915967
PROJ_1457,IT,Critical,3,70434.15354772354,True,True,0.9388128485487612,1.0,1080692.38,1151126.5335477234,1151126.533547724,-70434.15354772401,6.517502561434181
PROJ_1458,Manufacturing,High,0,32968.73178805324,False,True,0.9329877962805276,1.0000000000000002,459012.28,491981.01178805326,491981.0117880532,-32968.73178805318,7.182538076770665
PROJ_1459,Marketing,Medium,4,4648.161093366973,True,True,0.9891580759062032,0.9999999999999998,424072.89,428721.051093367,428721.0510933671,-4648.161093367089,1.0960759819773174
PROJ_1460,Healthcare,Medium,2,54823.39143479196,True,True,0.9290440036728848,1.0,717815.91,772639.301434792,772639.301434792,-54823.39143479196,7.637528044591818
PROJ_1461,Healthcare,Low,0,101537.11822164292,False,True,0.9248807702843864,1.0,1250142.32,1351679.438221643,1351679.4382216432,-101537.11822164315,8.12204471420847
PROJ_1462,IT,Medium,2,24999.06652719481,True,True,0.975990840172591,1.0,1016231.31,1041230.3765271947,1041230.3765271947,-24999.066527194693,2.459977987412599
PROJ_1463,Healthcare,Medium,0,56230.8695919438,False,True,0.9190875029941182,1.0000000000000004,638728.15,694959.0195919438,694959.0195919437,-56230.86959194369,8.803568402605034
PROJ_1464,Construction,Critical,1,94115.80368999578,True,True,0.9492873220110168,1.0,1761747.61,1855863.413689996,1855863.4136899959,-94115.80368999578,5.342184269516096
PROJ_1465,IT,Low,1,-3022.291498492006,True,False,1.0050746461100577,1.0,598589.24,595566.948501508,595566.9485015079,3022.2914984921226,-0.5049024099551342
PROJ_1466,Manufacturing,Medium,1,4303.349617292173,True,True,0.994595306945662,1.0000000000000009,791921.26,796224.6096172922,796224.6096172916,-4303.349617291591,0.5434062494157047
PROJ_1467,Healthcare,Medium,0,24342.35355203098,False,True,0.9544355145539664,1.0,509897.27,534239.623552031,534239.623552031,-24342.35355203098,4.773972128156516
PROJ_1468,Marketing,Medium,1,63094.05956594856,True,True,0.9232159884483622,1.0,758614.24,821708.2995659485,821708.2995659484,-63094.05956594844,8.317014925260095
PROJ_1469,Marketing,Low,1,-9204.093930497766,True,False,1.0129052365999285,0.9999999999999996,722410.23,713206.1360695022,713206.1360695022,9204.093930497766,-1.2740813388672203
PROJ_1470,Healthcare,Low,0,56017.55799879355,False,True,0.8787700553109228,1.0,406059.35,462076.9079987935,462076.9079987935,-56017.55799879355,13.795411434016616
PROJ_1471,IT,Medium,0,115127.14408414206,False,True,0.919929625514634,0.9999999999999998,1322697.33,1437824.474084142,1437824.4740841417,-115127.14408414159,8.703967375827514
PROJ_1472,IT,Low,4,20565.928411444183,True,True,0.9877497204552218,1.0,1658247.06,1678812.9884114442,1678812.9884114447,-20565.92841144465,1.2402210085296124
PROJ_1473,Construction,High,2,184407.1793669397,True,True,0.919788671640234,0.9999999999999996,2114609.47,2299016.64936694,2299016.649366941,-184407.17936694063,8.72062581687675
PROJ_1474,IT,High,0,204177.2767022159,False,True,0.8419262122935828,1.0,1087480.75,1291658.026702216,1291658.026702216,-204177.2767022159,18.775254339188617
PROJ_1475,IT,Critical,1,66941.27708108898,True,True,0.9179205826278352,1.0000000000000002,748625.88,815567.157081089,815567.1570810886,-66941.27708108863,8.94188657772406
PROJ_1476,Construction,High,0,53418.32310947566,False,True,0.9643775346593506,1.0,1446150.07,1499568.3931094755,1499568.3931094757,-53418.32310947566,3.6938298602354362
PROJ_1477,Marketing,High,1,249993.7482242363,True,True,0.8372767520255016,1.0,1286318.68,1536312.4282242362,1536312.4282242362,-249993.7482242363,19.434822187627432
PROJ_1478,IT,Critical,1,45655.8310163602,True,True,0.9527643075287624,1.0000000000000002,920897.82,966553.65101636,966553.6510163606,-45655.831016360666,4.957752100701104
PROJ_1479,IT,Medium,2,-26597.7413900753,True,False,1.037720861018166,1.0,731717.95,705120.2086099247,705120.2086099248,26597.741390075185,-3.6349718344445683
PROJ_1480,R&D,Low,1,89410.49514172622,True,True,0.9243498704345312,1.0000000000000002,1092484.31,1181894.8051417265,1181894.805141726,-89410.49514172599,8.184144552311784
PROJ_1481,R&D,Medium,0,-7722.85747944098,False,False,1.0062496139650627,1.0,1243456.38,1235733.522520559,1235733.5225205591,7722.857479440747,-0.621079886971246
PROJ_1482,Construction,Medium,1,64434.52701927,True,True,0.9575771252694694,1.0000000000000002,1454428.29,1518862.81701927,1518862.8170192693,-64434.5270192693,4.430230590417716
PROJ_1483,IT,High,4,141275.85172830406,True,True,0.909029267111882,1.0,1411705.5,1552981.351728304,1552981.3517283038,-141275.85172830382,10.007459185241101
PROJ_1484,IT,Low,0,11989.041933643515,False,True,0.9842560329843424,1.0000000000000002,749511.66,761500.7019336435,761500.7019336434,-11989.041933643399,1.5995804433040304
PROJ_1485,R&D,High,-1,-26254.060413667,False,False,1.0102340263605212,0.9999999999999998,2591623.69,2565369.629586333,2565369.629586333,26254.060413667,-1.013035207039144
PROJ_1486,R&D,Medium,3,271713.0709077113,True,True,0.8379676370680246,1.0,1405193.11,1676906.1809077114,1676906.1809077112,-271713.07090771105,19.33635092387487
PROJ_1487,R&D,Critical,4,194012.0641885388,True,True,0.8998475315972378,1.0,1743155.01,1937167.0741885388,1937167.0741885388,-194012.06418853882,11.129937560087603
PROJ_1488,IT,Low,2,101721.0197961859,True,True,0.887479317044001,1.0000000000000002,802299.62,904020.639796186,904020.639796186,-101721.01979618601,12.678682285327023
PROJ_1489,Construction,Critical,3,58868.917114738375,True,True,0.9598012581688375,1.0000000000000002,1405577.84,1464446.7571147385,1464446.7571147385,-58868.917114738375,4.188236000842071
PROJ_1490,Construction,High,0,7749.692615415668,False,True,0.9908600014868588,1.0,840138.04,847887.7326154157,847887.7326154156,-7749.692615415552,0.9224308680768165
PROJ_1491,Manufacturing,Critical,1,191601.84091258096,True,True,0.8625914950681366,1.0000000000000002,1202793.95,1394395.790912581,1394395.790912581,-191601.84091258096,15.929731016071452
PROJ_1492,IT,Critical,0,-19200.319482216262,False,False,1.0418905772631155,1.0000000000000002,477544.91,458344.5905177837,458344.5905177837,19200.319482216262,-4.020631165813549
PROJ_1493,IT,Low,0,16314.023118740646,False,True,0.9767169816737374,1.0000000000000004,684369.32,700683.3431187406,700683.3431187405,-16314.02311874053,2.3838039844831926
PROJ_1494,R&D,High,2,185202.75106620067,True,True,0.8446905138822647,1.0,1007272.71,1192475.4610662006,1192475.461066201,-185202.75106620113,18.386555024031292
PROJ_1495,R&D,Critical,-2,104233.14034750708,False,True,0.9366868965513792,1.0000000000000002,1542079.15,1646312.290347507,1646312.2903475075,-104233.14034750755,6.759260077377192
PROJ_1496,Marketing,High,1,-3338.9276746416,True,False,1.0084317547294477,1.0,399333.33,395994.4023253584,395994.40232535836,3338.927674641658,-0.8361254680749183
PROJ_1497,IT,Medium,1,-4157.476156732562,True,False,1.0179966997025771,0.9999999999999998,235170.73,231013.25384326745,231013.2538432675,4157.476156732504,-1.7678544250521753
PROJ_1498,Manufacturing,High,1,14778.616240066069,True,True,0.965147216514488,1.0000000000000002,409251.11,424029.72624006605,424029.72624006594,-14778.616240065952,3.6111365073795287
PROJ_1499,R&D,Critical,2,114295.55888211098,True,True,0.9132303527805212,1.0000000000000009,1202934.17,1317229.728882111,1317229.7288821102,-114295.55888211029,9.501397643572657
PROJ_1500,Manufacturing,Low,1,31085.525821656047,True,True,0.9276495977831176,1.0000000000000002,398566.9,429652.42582165607,429652.42582165607,-31085.525821656047,7.79932448521341
PROJ_1501,Healthcare,High,1,119.40990106313257,True,True,0.999749304596096,0.9999999999999998,476195.27,476314.6799010632,476314.6799010632,-119.40990106319077,0.025075826784921817
PROJ_1502,Manufacturing,Medium,1,-50367.8795897126,True,False,1.0572885709564606,0.9999999999999996,929563.83,879195.9504102874,879195.9504102875,50367.87958971248,-5.4184422805814725
PROJ_1503,IT,Low,1,44585.45265709143,True,True,0.95694898299853,1.0000000000000002,991056.81,1035642.2626570916,1035642.2626570913,-44585.4526570912,4.498778698376655
PROJ_1504,Marketing,High,0,12498.10384643532,False,True,0.9769121240995924,0.9999999999999998,528829.47,541327.5738464353,541327.5738464352,-12498.103846435202,2.3633523764163904
PROJ_1505,Construction,High,3,181618.0583649117,True,True,0.915072560684091,1.0000000000000002,1956890.53,2138508.588364912,2138508.5883649113,-181618.05836491124,9.280951365476291
PROJ_1506,IT,Critical,-2,80205.44665996172,False,True,0.944054422472866,1.0,1353427.92,1433633.3666599616,1433633.366659961,-80205.44665996102,5.92609665241434
PROJ_1507,IT,High,0,57926.08743847595,False,True,0.7945767727463784,0.9999999999999998,224058.03,281984.11743847595,281984.11743847595,-57926.08743847595,25.853162878597097
PROJ_1508,Construction,Critical,0,231959.649383002,False,True,0.8824254874681097,1.0,1740913.93,1972873.579383002,1972873.5793830021,-231959.6493830022,13.324015931275948
PROJ_1509,Manufacturing,High,2,19816.679734535108,True,True,0.9358562937928172,1.0000000000000002,289125.24,308941.9197345351,308941.91973453504,-19816.67973453505,6.854012376966829
PROJ_1510,IT,Low,1,176083.5288899073,True,True,0.8656125678983589,1.0000000000000002,1134184.3,1310267.828889907,1310267.828889907,-176083.52888990706,15.525124875199475
PROJ_1511,IT,High,2,-8925.81805333565,True,False,1.0151109329031436,1.0000000000000002,599611.92,590686.1019466644,590686.1019466645,8925.818053335533,-1.4885991681645576
PROJ_1512,Healthcare,High,0,93357.02300837112,False,True,0.9125383056493276,1.0,974047.67,1067404.6930083712,1067404.6930083716,-93357.02300837159,9.584440873245104
PROJ_1513,Marketing,Medium,1,50589.666252914,True,True,0.9373417103097312,1.0000000000000002,756800.17,807389.836252914,807389.8362529138,-50589.66625291377,6.684679557209107
PROJ_1514,Marketing,Medium,1,32633.02187752025,True,True,0.9462078092228426,0.9999999999999998,574016.78,606649.8018775203,606649.8018775203,-32633.021877520252,5.685029256029806
PROJ_1515,Construction,Low,0,102003.568872676,False,True,0.9367813674633102,1.0,1511501.26,1613504.828872676,1613504.8288726762,-102003.56887267623,6.748493803615899
PROJ_1516,Healthcare,High,-1,-29817.232650660444,False,False,1.0319516694350186,1.0000000000000004,963015.19,933197.9573493396,933197.9573493393,29817.232650660677,-3.0962370023115295
PROJ_1517,R&D,High,1,200014.8023398919,True,True,0.8810267289770575,0.9999999999999996,1481159.47,1681174.272339892,1681174.272339892,-200014.80233989214,13.503934342727602
PROJ_1518,IT,Medium,0,85602.93991287949,False,True,0.9216072554904524,1.0,1006372.35,1091975.2899128797,1091975.2899128795,-85602.93991287949,8.506090207355111
PROJ_1519,Marketing,Low,1,27232.43522202887,True,True,0.9501770861217133,1.0000000000000002,519352.12,546584.5552220289,546584.5552220287,-27232.435222028755,5.243539820734487
PROJ_1520,R&D,Critical,3,74554.63618900045,True,True,0.9464821199749468,0.9999999999999996,1318524.39,1393079.0261890003,1393079.0261890008,-74554.63618900091,5.654399475234654
PROJ_1521,IT,Critical,3,-11451.597206239125,True,False,1.012563866607745,0.9999999999999996,922922.37,911470.7727937608,911470.772793761,11451.597206239006,-1.2407974471611307
PROJ_1522,Construction,Medium,2,75337.56828413089,True,True,0.964618454592118,1.0000000000000002,2053952.36,2129289.928284131,2129289.928284131,-75337.56828413089,3.6679316303193557
PROJ_1523,Manufacturing,Low,1,79592.97549055365,True,True,0.910509055366808,1.0,809804.0,889396.9754905537,889396.9754905535,-79592.97549055354,9.828671566274497
PROJ_1524,Manufacturing,Critical,-1,86966.781886963,False,True,0.8495720365790435,1.0,491162.31,578129.091886963,578129.0918869629,-86966.78188696288,17.70632235339126
PROJ_1525,R&D,High,3,176200.46407370083,True,True,0.896761812913141,1.0000000000000002,1530536.83,1706737.294073701,1706737.2940737002,-176200.46407370013,11.512330877637234
PROJ_1526,IT,Medium,0,47205.15533424122,False,True,0.9648712985150248,0.9999999999999996,1296572.25,1343777.4053342412,1343777.405334241,-47205.15533424099,3.640765513394336
PROJ_1527,Construction,Medium,0,144478.0411231902,False,True,0.8968624419808768,1.0,1256350.56,1400828.6011231905,1400828.6011231903,-144478.0411231902,11.499819057126077
PROJ_1528,IT,Medium,2,-2384.4770893439418,True,False,1.0028030590363357,1.0000000000000002,853054.07,850669.592910656,850669.5929106558,2384.4770893441746,-0.27952238588395395
PROJ_1529,Healthcare,High,0,49508.73520402331,False,True,0.9269838855850197,0.9999999999999998,628543.44,678052.1752040233,678052.1752040233,-49508.73520402331,7.876740421318106
PROJ_1530,Manufacturing,Low,1,55338.82849014667,True,True,0.9175464894553534,1.0000000000000002,615813.05,671151.8784901467,671151.8784901467,-55338.82849014667,8.986303309120627
PROJ_1531,Marketing,Medium,1,-33803.95916052838,True,False,1.0395167114922546,1.0000000000000002,889238.48,855434.5208394716,855434.5208394716,33803.95916052838,-3.801450333157915
PROJ_1532,IT,Low,1,32239.537406460266,True,True,0.9668965049843906,1.0,941661.78,973901.3174064604,973901.3174064602,-32239.53740646015,3.423685455988258
PROJ_1533,R&D,Critical,2,245210.23300417743,True,True,0.8277332386804983,1.0000000000000004,1178223.0,1423433.2330041777,1423433.2330041772,-245210.23300417722,20.811869485163438
PROJ_1534,R&D,Low,3,151789.16030685767,True,True,0.9175582501754712,0.9999999999999996,1689379.43,1841168.5903068576,1841168.5903068583,-151789.16030685836,8.984906387007351
PROJ_1535,Construction,High,0,1145.2574155321345,False,True,0.9989877877856695,0.9999999999999998,1130294.77,1131440.0274155322,1131440.0274155324,-1145.2574155323673,0.1013237826033971
PROJ_1536,Construction,High,1,174606.19244041154,True,True,0.9106675415569844,1.0000000000000002,1779959.88,1954566.0724404117,1954566.0724404112,-174606.1924404113,9.8095577547743
PROJ_1537,IT,High,0,2550.8513136790134,False,True,0.9969663117531808,1.0000000000000004,838290.76,840841.611313679,840841.6113136788,-2550.8513136787806,0.30429195159908246
PROJ_1538,Marketing,Low,0,68481.905802436,False,True,0.8666763781199708,1.0,445169.8,513651.705802436,513651.705802436,-68481.905802436,15.383322454136824
PROJ_1539,Manufacturing,Low,0,8675.829779237043,False,True,0.9895023758944624,1.0000000000000002,817780.68,826456.5097792371,826456.509779237,-8675.829779236927,1.060899332965035
PROJ_1540,Construction,Low,3,184210.47712323768,True,True,0.9109539370229548,1.0000000000000009,1884499.48,2068709.9571232377,2068709.9571232363,-184210.47712323628,9.775034648629157
PROJ_1541,R&D,High,0,36133.5309974642,False,True,0.9785065927091142,1.0000000000000004,1645011.32,1681144.8509974645,1681144.850997464,-36133.53099746397,2.196552118405116
PROJ_1542,Marketing,Low,2,202536.38935114187,True,True,0.8792391814575031,1.0,1474633.34,1677169.729351142,1677169.729351142,-202536.38935114187,13.734694846323078
PROJ_1543,R&D,High,0,87128.72633712646,False,True,0.9557775386439906,0.9999999999999998,1883108.2,1970236.9263371264,1970236.9263371262,-87128.72633712622,4.626857146983175
PROJ_1544,IT,Medium,3,162910.68462942424,True,True,0.8925348924651745,1.0000000000000004,1353029.59,1515940.2746294243,1515940.274629424,-162910.684629424,12.04043768395516
PROJ_1545,Construction,Critical,-2,85073.91425016499,False,True,0.9587760432975564,1.0,1978626.93,2063700.844250165,2063700.8442501652,-85073.91425016522,4.299644008694718
PROJ_1546,IT,Medium,0,59597.66329919384,False,True,0.9397938015444248,1.0000000000000002,930294.82,989892.4832991938,989892.4832991933,-59597.66329919337,6.406320020054866
PROJ_1547,Manufacturing,High,1,31044.41257233417,True,True,0.951326316810121,0.9999999999999998,606762.52,637806.9325723342,637806.9325723343,-31044.412572334288,5.116402471981013
PROJ_1548,Manufacturing,Medium,1,-5493.557329370058,True,False,1.0192992889877714,0.9999999999999998,290144.32,284650.76267062995,284650.76267062995,5493.557329370058,-1.8933878593143088
PROJ_1549,IT,Medium,1,94313.6836235103,True,True,0.9136751640353024,1.0,998230.34,1092544.0236235105,1092544.0236235103,-94313.6836235103,9.44808826623225
PROJ_1550,R&D,Critical,0,100526.48613371816,False,True,0.9252536917083642,1.0,1244375.87,1344902.3561337185,1344902.3561337183,-100526.48613371816,8.078466366735169
PROJ_1551,Marketing,Low,-1,-1568.1750465595396,False,False,1.002071958261223,1.0000000000000002,758424.66,756856.4849534405,756856.4849534406,1568.1750465594232,-0.20676741267345172
PROJ_1552,Construction,High,-2,251343.9299948914,False,True,0.9053887734323672,1.0000000000000004,2405253.38,2656597.3099948918,2656597.3099948904,-251343.92999489047,10.449790117118159
PROJ_1553,IT,Critical,-1,288426.49271962,False,True,0.8520554791071685,1.0000000000000009,1661131.97,1949558.46271962,1949558.462719619,-288426.49271961907,17.363249755503716
PROJ_1554,Manufacturing,Low,0,59090.15481719689,False,True,0.9018036403248644,1.0,542664.89,601755.0448171969,601755.0448171968,-59090.15481719677,10.888884817515423
PROJ_1555,R&D,Critical,2,65623.27251980663,True,True,0.9475264770275597,0.9999999999999996,1184974.53,1250597.802519807,1250597.8025198064,-65623.2725198064,5.537947935455321
PROJ_1556,Construction,Low,2,305268.2270433698,True,True,0.9080526083833956,1.0000000000000002,3014763.17,3320031.3970433697,3320031.397043369,-305268.22704336885,10.12577804058051
PROJ_1557,Construction,Critical,0,214197.37357757823,False,True,0.8342108247259256,1.0,1077789.11,1291986.4835775783,1291986.4835775783,-214197.37357757823,19.873774153978808
PROJ_1558,IT,Critical,3,27543.079442352173,True,True,0.9672849513959144,1.0000000000000004,814365.48,841908.5594423522,841908.5594423522,-27543.079442352173,3.3821521317863543
PROJ_1559,IT,Critical,3,138808.25979499763,True,True,0.8775919844627864,1.0,995171.89,1133980.1497949976,1133980.1497949979,-138808.25979499787,13.948169275058389
PROJ_1560,Marketing,Medium,0,44762.07050757506,False,True,0.9225244398153852,0.9999999999999998,532995.23,577757.300507575,577757.3005075752,-44762.070507575176,8.398212214314785
PROJ_1561,Construction,High,2,74517.95583175239,True,True,0.952674617001424,0.9999999999999996,1500069.53,1574587.4858317524,1574587.4858317527,-74517.95583175262,4.967633455747389
PROJ_1562,IT,High,2,24904.683298430755,True,True,0.9762971413120376,1.0000000000000002,1025799.1,1050703.7832984307,1050703.78329843,-24904.683298430056,2.427832437992006
PROJ_1563,R&D,Critical,5,81023.27125889855,True,True,0.961393935972518,1.0,2017695.5,2098718.7712588985,2098718.7712588995,-81023.27125889948,4.015634235141005
PROJ_1564,IT,Medium,0,6827.615840411978,False,True,0.9799976453911724,1.0000000000000004,334512.99,341340.605840412,341340.60584041197,-6827.615840411978,2.041061496718551
PROJ_1565,Construction,High,2,361759.0469345045,True,True,0.8745727945903308,0.9999999999999994,2522456.11,2884215.1569345044,2884215.1569345053,-361759.04693450546,14.341539799259598
PROJ_1566,Healthcare,Medium,0,14998.307603526628,False,True,0.97506724803891,1.0,586552.12,601550.4276035266,601550.4276035264,-14998.307603526395,2.557028965051971
PROJ_1567,Construction,Low,2,126314.89773564089,True,True,0.9520993641581802,0.9999999999999998,2510704.33,2637019.227735641,2637019.227735642,-126314.8977356418,5.031054283307099
PROJ_1568,IT,Medium,3,-10106.3176843971,True,False,1.0098139921062597,1.0000000000000002,1039892.93,1029786.612315603,1029786.6123156028,10106.317684397218,-0.9718613708045132
PROJ_1569,Manufacturing,Medium,0,62205.84582155617,False,True,0.9096235453821082,0.9999999999999996,626091.19,688297.0358215561,688297.0358215562,-62205.845821556286,9.935588747312718
PROJ_1570,Manufacturing,Medium,1,-6241.904365211842,True,False,1.009616602742996,1.0000000000000002,655317.73,649075.8256347881,649075.825634788,6241.904365211958,-0.9525004558036234
PROJ_1571,Marketing,High,1,109359.39654307975,True,True,0.8870434275964765,1.0000000000000002,858794.95,968154.3465430796,968154.3465430792,-109359.39654307929,12.734052120716278
PROJ_1572,IT,Low,3,21216.34567300859,True,True,0.9683006092408676,0.9999999999999996,648081.87,669298.2156730086,669298.2156730088,-21216.345673008822,3.2737138091841422
PROJ_1573,R&D,Critical,-1,-77647.93934812862,False,False,1.068794708990333,0.9999999999999998,1206338.51,1128690.5706518714,1128690.5706518716,77647.93934812839,-6.436662570618623
PROJ_1574,IT,Low,-1,165287.39070457534,False,True,0.7956804964101403,0.9999999999999998,643677.92,808965.3107045754,808965.3107045755,-165287.39070457546,25.67858638130316
PROJ_1575,R&D,Critical,1,92691.91472781263,True,True,0.9406834856511804,1.0,1469974.33,1562666.2447278127,1562666.2447278134,-92691.91472781333,6.305682543981113
PROJ_1576,Construction,Medium,1,9262.760767861386,True,True,0.989096428344169,0.9999999999999996,840253.44,849516.2007678613,849516.2007678617,-9262.760767861735,1.1023770123287726
PROJ_1577,Construction,High,-1,-69098.8612156976,False,False,1.0320970804761012,1.0,2221907.16,2152808.2987843025,2152808.298784302,69098.86121569807,-3.109889668643854
PROJ_1578,IT,Medium,1,36583.21272582316,True,True,0.9526520617747016,1.0000000000000002,736063.16,772646.3727258232,772646.3727258232,-36583.21272582316,4.970118695496615
PROJ_1579,Marketing,High,0,1026.6605055413092,False,True,0.997836191145992,1.0,473442.47,474469.1305055413,474469.13050554134,-1026.6605055413675,0.21685010758358192
PROJ_1580,IT,Medium,1,79919.92239630327,True,True,0.8878743133135156,1.0000000000000004,632850.94,712770.8623963032,712770.8623963031,-79919.92239630315,12.628553952420955
PROJ_1581,IT,Critical,1,49055.137519015,True,True,0.9542195887473852,1.0000000000000002,1022476.03,1071531.167519015,1071531.167519015,-49055.137519015,4.797680931357872
PROJ_1582,Marketing,Low,2,134247.18918678106,True,True,0.880622559066939,0.9999999999999996,990313.6,1124560.789186781,1124560.7891867815,-134247.18918678153,13.556028028574133
PROJ_1583,IT,Medium,3,155796.06172793545,True,True,0.8962855925831036,0.9999999999999998,1346368.06,1502164.1217279355,1502164.1217279355,-155796.06172793545,11.571580339475332
PROJ_1584,R&D,High,1,126838.26824580783,True,True,0.925685141129839,1.0,1579930.34,1706768.608245808,1706768.6082458084,-126838.26824580831,8.028092443987644
PROJ_1585,IT,High,1,51010.09272772225,True,True,0.9505961318953215,1.0,981502.03,1032512.1227277224,1032512.1227277219,-51010.0927277219,5.197145922125286
PROJ_1586,IT,Low,0,84364.85050002683,False,True,0.9230000050184712,1.0,1011282.63,1095647.4805000268,1095647.4805000266,-84364.8505000266,8.342361274417083
PROJ_1587,IT,High,2,38744.69455877715,True,True,0.9725225242020966,1.0000000000000002,1371308.21,1410052.904558777,1410052.904558777,-38744.69455877715,2.8253819437701133
PROJ_1588,Marketing,High,0,25471.47082437488,False,True,0.9195447679463334,1.0,291120.38,316591.8508243749,316591.8508243749,-25471.470824374876,8.749463305995574
PROJ_1589,Manufacturing,Low,-1,23589.141271076514,False,True,0.967900085057291,1.0,711277.02,734866.1612710765,734866.1612710766,-23589.14127107663,3.3164492325474857
PROJ_1590,Construction,High,-1,348058.33420885867,False,True,0.8758203319437661,1.0,2454802.55,2802860.8842088585,2802860.884208858,-348058.3342088582,14.178669246080839
PROJ_1591,Construction,Medium,0,74698.78483244358,False,True,0.9361004278409848,1.0,1094304.11,1169002.8948324437,1169002.8948324434,-74698.78483244334,6.826144958227685
PROJ_1592,IT,Low,3,168481.48753714468,True,True,0.7918799969887665,1.0,641058.61,809540.0975371447,809540.0975371448,-168481.4875371448,26.281760342809342
PROJ_1593,Marketing,High,2,30016.545505963262,True,True,0.9406055590593344,1.0,475359.8,505376.34550596325,505376.3455059633,-30016.545505963324,6.314489678336983
PROJ_1594,Construction,Critical,-1,182840.00059478404,False,True,0.924674022011104,0.9999999999999996,2244476.65,2427316.650594784,2427316.650594783,-182840.0005947831,8.146219769975469
PROJ_1595,Marketing,Low,0,8720.839336993522,False,True,0.9879621810547622,1.0,715732.6,724453.4393369935,724453.4393369935,-8720.839336993522,1.218449367402508
PROJ_1596,Marketing,High,0,2194.121570878313,False,True,0.9957693408037304,0.9999999999999998,516429.92,518624.0415708783,518624.04157087835,-2194.121570878371,0.42486337175785077
PROJ_1597,IT,High,2,-43211.59099527216,True,False,1.057451183418829,1.0,795356.08,752144.4890047278,752144.4890047279,43211.59099527204,-5.43298681959809
PROJ_1598,Manufacturing,Critical,-1,52748.39712724241,False,True,0.9356092966982176,1.0000000000000002,766444.35,819192.7471272424,819192.7471272423,-52748.39712724229,6.882221406843471
PROJ_1599,R&D,Medium,2,171779.87122335937,True,True,0.9317194108883138,1.0000000000000004,2344013.76,2515793.631223359,2515793.631223359,-171779.87122335937,7.328449779380108
PROJ_1600,IT,High,1,30372.965919420472,True,True,0.9601488959487648,1.0,731788.25,762161.2159194205,762161.2159194207,-30372.965919420705,4.150512927670088
PROJ_1601,Construction,Medium,2,68179.0205802247,True,True,0.9729170621358688,1.0000000000000002,2449236.96,2517415.9805802247,2517415.980580225,-68179.02058022516,2.7836841307598577
PROJ_1602,Marketing,Low,0,52406.5915159593,False,True,0.8977691002877565,1.0,460223.07,512629.6615159593,512629.6615159594,-52406.591515959415,11.387215229336377
PROJ_1603,Construction,Critical,-2,-5347.631061884924,False,False,1.0058341763467855,1.0000000000000002,921951.92,916604.2889381152,916604.2889381151,5347.631061884924,-0.5800336162741462
PROJ_1604,IT,High,0,-18108.5231761185,False,False,1.0129776318096797,1.0000000000000002,1413472.75,1395364.2268238815,1395364.2268238813,18108.52317611873,-1.2811370559580106
PROJ_1605,R&D,Critical,3,98662.42323242314,True,True,0.9539887806716364,1.0000000000000002,2045649.87,2144312.2932324237,2144312.2932324233,-98662.42323242314,4.823035685594776
PROJ_1606,Healthcare,Low,0,23572.03904177947,False,True,0.951594462877032,1.0000000000000002,463397.85,486969.88904177945,486969.88904177945,-23572.03904177947,5.086782133706376
PROJ_1607,Marketing,High,-1,3100.889332368679,False,True,0.9934574520629718,1.0,470856.56,473957.4493323687,473957.4493323687,-3100.889332368679,0.6585634768194966
PROJ_1608,Healthcare,High,0,70671.2517194181,False,True,0.8856749023504374,0.9999999999999998,547489.18,618160.4317194181,618160.4317194183,-70671.25171941821,12.908246281582809
PROJ_1609,Construction,Low,-1,100724.99385406075,False,True,0.914991136563529,0.9999999999999998,1084151.38,1184876.373854061,1184876.3738540607,-100724.99385406077,9.290676164989135
PROJ_1610,Healthcare,Low,1,-1763.3975500771776,True,False,1.0019159079155,1.0,922161.26,920397.8624499228,920397.862449923,1763.3975500770612,-0.19122442316402027
PROJ_1611,Marketing,High,-1,26286.9697461155,False,True,0.932667430531916,1.0,364118.0,390404.9697461155,390404.96974611556,-26286.96974611556,7.219354644954537
PROJ_1612,Healthcare,Medium,0,-11429.913321299944,False,False,1.020232866280716,1.0,576348.06,564918.1466787001,564918.1466787,11429.91332130006,-1.9831615849110449
PROJ_1613,IT,Medium,0,61540.53010550421,False,True,0.8711117346667409,0.9999999999999996,415931.41,477471.9401055042,477471.94010550424,-61540.530105504266,14.795836194603401
PROJ_1614,R&D,High,3,227313.05107452956,True,True,0.8842264728020496,1.0000000000000002,1736115.52,1963428.5710745296,1963428.57107453,-227313.05107453,13.093198491453496
PROJ_1615,Marketing,Critical,0,18920.37866403261,False,True,0.9614806071351324,1.0000000000000002,472270.61,491190.9886640326,491190.9886640326,-18920.378664032614,4.0062579087935655
PROJ_1616,IT,High,1,50192.02512923535,True,True,0.9261859280279248,1.0000000000000002,629787.06,679979.0851292354,679979.0851292353,-50192.02512923523,7.969681868223083
PROJ_1617,Manufacturing,Critical,0,41823.55728641339,False,True,0.9506441110553892,1.0000000000000002,805563.82,847387.3772864133,847387.3772864132,-41823.55728641327,5.191836605374515
PROJ_1618,Marketing,Critical,0,129486.38506666756,False,True,0.9187680147934472,1.0000000000000004,1464545.63,1594032.0150666677,1594032.015066667,-129486.3850666671,8.84140325943051
PROJ_1619,Construction,High,0,43618.31108913338,False,True,0.9727949650577316,1.0,1559699.28,1603317.5910891334,1603317.5910891336,-43618.31108913361,2.796584678113951
PROJ_1620,R&D,Medium,5,285815.35376450326,True,True,0.878244602958531,1.0,2061639.96,2347455.313764503,2347455.313764503,-285815.35376450326,13.863495048112245
PROJ_1621,R&D,Critical,2,188806.54234789775,True,True,0.9280531142820502,0.9999999999999992,2435442.45,2624248.992347898,2624248.9923478994,-188806.54234789917,7.752453454521134
PROJ_1622,Manufacturing,High,0,-34218.35480289435,False,False,1.1222648591730888,1.0,314089.08,279870.72519710567,279870.72519710567,34218.35480289435,-10.89447452388168
PROJ_1623,Construction,Low,4,80138.12653845781,True,True,0.9533584734555322,0.9999999999999996,1638033.05,1718171.176538458,1718171.176538458,-80138.12653845805,4.892338804669298
PROJ_1624,Manufacturing,Medium,1,16852.369814099628,True,True,0.9810366841103234,1.0,871830.28,888682.6498140997,888682.6498140997,-16852.369814099628,1.932987440410951
PROJ_1625,IT,Medium,1,35648.011761506554,True,True,0.9548248305983276,1.0000000000000002,753458.31,789106.3217615066,789106.3217615067,-35648.01176150667,4.731252053150315
PROJ_1626,Manufacturing,High,1,83740.33248181781,True,True,0.915293751363392,1.0,904856.54,988596.8724818178,988596.872481818,-83740.33248181792,9.254542436286965
PROJ_1627,R&D,Medium,2,59185.35078310291,True,True,0.9676905275418012,0.9999999999999996,1772641.24,1831826.590783103,1831826.590783103,-59185.35078310291,3.3388228507592945
PROJ_1628,IT,Low,2,95161.71614388784,True,True,0.8763176923948862,1.0000000000000009,674242.72,769404.4361438878,769404.4361438873,-95161.71614388737,14.113866315662612
PROJ_1629,IT,High,1,33614.49623697961,True,True,0.9036786548030876,1.0,315368.34,348982.83623697964,348982.8362369797,-33614.49623697967,10.658804950737816
PROJ_1630,R&D,Medium,1,-25218.114780751057,True,False,1.014711370102418,1.0,1739410.24,1714192.125219249,1714192.1252192492,25218.114780750824,-1.4498083431284632
PROJ_1631,IT,Critical,2,-4685.939591871807,True,False,1.0055513301122954,1.0,848797.08,844111.1404081282,844111.1404081284,4685.9395918715745,-0.552068297863557
PROJ_1632,Marketing,High,0,8994.161336982623,False,True,0.9778240171121014,1.0,396587.02,405581.1813369826,405581.18133698264,-8994.161336982623,2.267891000815564
PROJ_1633,IT,High,1,49605.90772640496,True,True,0.9598067923699528,0.9999999999999998,1184580.43,1234186.337726405,1234186.337726405,-49605.907726404956,4.187635256341771
PROJ_1634,Healthcare,High,0,-54986.12505519751,False,False,1.0604223242942947,0.9999999999999998,965016.08,910029.9549448024,910029.9549448027,54986.12505519728,-5.6979491010343875
PROJ_1635,Construction,High,0,131695.94653619663,False,True,0.9214239654255474,1.0,1544336.03,1676031.976536197,1676031.9765361964,-131695.9465361964,8.527674287065388
PROJ_1636,Construction,Medium,1,20179.77532816422,True,True,0.9687567022122828,1.0000000000000002,625711.56,645891.3353281643,645891.3353281642,-20179.775328164105,3.2250922978255514
PROJ_1637,IT,Medium,1,-24553.77738779958,True,False,1.0314636562074115,1.0000000000000002,804939.16,780385.3826122005,780385.3826122005,24553.77738779958,-3.050389222932026
PROJ_1638,IT,Medium,0,136543.98296354304,False,True,0.8760366071940516,0.9999999999999998,964942.35,1101486.332963543,1101486.3329635432,-136543.98296354327,14.150480903190049
PROJ_1639,Construction,Medium,1,78386.77436965331,True,True,0.9540282937739936,1.0000000000000002,1626722.32,1705109.0943696534,1705109.0943696536,-78386.77436965355,4.818694217563422
PROJ_1640,Manufacturing,Low,1,-8483.887797666132,True,False,1.0217171503656042,1.0,399137.71,390653.8222023339,390653.82220233395,8483.887797666073,-2.1255540594413076
PROJ_1641,IT,Medium,0,214742.24420024687,False,True,0.8332360733833154,1.0,1072959.77,1287702.014200247,1287702.014200247,-214742.24420024687,20.014007067594612
PROJ_1642,IT,Critical,0,90984.5627843088,False,True,0.9265604440358188,1.0,1147919.48,1238904.0427843088,1238904.0427843085,-90984.56278430857,7.926040490602055
PROJ_1643,IT,Medium,0,49351.32057957235,False,True,0.955867569305584,1.0,1068903.89,1118255.2105795722,1118255.2105795725,-49351.32057957258,4.617002617473174
PROJ_1644,Construction,Low,2,69762.4586633488,True,True,0.9439349770733496,1.0,1174550.93,1244313.3886633487,1244313.3886633485,-69762.45866334857,5.939500525817861
PROJ_1645,IT,Medium,0,16405.48122499982,False,True,0.9664102890715712,1.0000000000000002,472002.45,488407.93122499983,488407.93122499966,-16405.481224999647,3.4757195063287587
PROJ_1646,Marketing,Medium,1,23285.362131305388,True,True,0.9736793045277148,1.0000000000000004,861393.47,884678.8321313054,884678.832131305,-23285.36213130504,2.7032201824452002
PROJ_1647,IT,Low,2,103120.25480475102,True,True,0.9065694198951628,1.0000000000000004,1000589.63,1103709.884804751,1103709.8848047508,-103120.25480475079,10.305948783893632
PROJ_1648,IT,High,0,116277.8870915377,False,True,0.8805329798830924,0.9999999999999998,857027.44,973305.3270915376,973305.327091538,-116277.88709153805,13.56758041394078
PROJ_1649,IT,Low,3,169172.22709632176,True,True,0.8932626128284086,1.0000000000000009,1415766.58,1584938.8070963218,1584938.8070963202,-169172.22709632013,11.949160934164734
PROJ_1650,Construction,Medium,-1,239402.3138165912,False,True,0.9042863847109576,1.0000000000000009,2261833.41,2501235.723816592,2501235.723816591,-239402.3138165907,10.584436181645698
PROJ_1651,Construction,High,4,18318.83976260852,True,True,0.990668260495857,1.0000000000000002,1944749.22,1963068.0597626085,1963068.059762608,-18318.839762608055,0.9419641141497953
PROJ_1652,IT,Medium,2,234993.02053775263,True,True,0.884359082997195,0.9999999999999996,1797099.31,2032092.3305377527,2032092.330537753,-234993.0205377529,13.076240095921737
PROJ_1653,IT,Critical,-1,94669.49375723604,False,True,0.9212731999886632,1.0000000000000002,1107837.07,1202506.563757236,1202506.5637572359,-94669.49375723582,8.545434732314547
PROJ_1654,IT,Medium,1,129161.17650724192,True,True,0.8531784901672671,1.0,750554.45,879715.6265072419,879715.6265072417,-129161.17650724179,17.208768332163217
PROJ_1655,Marketing,Critical,-1,2595.0014200494625,False,True,0.99515645724032,1.0000000000000002,533170.15,535765.1514200495,535765.1514200495,-2595.0014200494625,0.4867116848250906
PROJ_1656,Manufacturing,Low,1,6611.377698888886,True,True,0.9804454672547996,1.0000000000000004,331488.12,338099.4976988889,338099.4976988887,-6611.377698888711,1.994453888389337
PROJ_1657,IT,High,2,-41618.8231622302,True,False,1.0587771716852574,1.0000000000000002,749696.84,708078.0168377698,708078.0168377698,41618.8231622302,-5.5514203797671335
PROJ_1658,Marketing,Critical,2,-9527.99843354826,True,False,1.008297948823481,1.0000000000000002,1157763.38,1148235.3815664516,1148235.3815664514,9527.998433548491,-0.82296595298674
PROJ_1659,Construction,Medium,-2,234631.82514959716,False,True,0.9245625006263904,0.9999999999999996,2875649.23,3110281.055149597,3110281.0551495976,-234631.8251495976,8.159264443723464
PROJ_1660,Construction,Medium,1,54822.43413132616,True,True,0.9636932577410467,1.0,1455157.0,1509979.4341313262,1509979.4341313262,-54822.434131326154,3.7674583657520224
PROJ_1661,Manufacturing,Medium,1,-9604.928242917871,True,False,1.011473484951732,1.0000000000000002,846746.24,837141.3117570821,837141.311757082,9604.928242917988,-1.1343337341442445
PROJ_1662,IT,Medium,2,71019.2460687391,True,True,0.9330977835991692,0.9999999999999998,990518.77,1061538.0160687391,1061538.0160687394,-71019.24606873933,7.169904116884057
PROJ_1663,IT,Medium,2,78516.56097298523,True,True,0.8796542915717216,1.0000000000000004,573908.54,652425.1009729853,652425.100972985,-78516.560972985,13.681023281686135
PROJ_1664,Healthcare,Medium,1,7960.344111856539,True,True,0.9877488364837528,1.0000000000000002,641801.95,649762.2941118565,649762.2941118563,-7960.344111856306,1.240311611994371
PROJ_1665,IT,High,3,230832.2190373992,True,True,0.8586083487175833,1.0000000000000002,1401740.97,1632573.1890373991,1632573.189037399,-230832.21903739893,16.467537439345797
PROJ_1666,IT,Medium,1,51095.31629455823,True,True,0.9239551283173348,1.0,620814.77,671910.0862945582,671910.0862945581,-51095.31629455811,8.230364154280368
PROJ_1667,IT,Medium,1,-17545.52230851003,True,False,1.0150234424169682,0.9999999999999998,1185421.82,1167876.29769149,1167876.29769149,17545.52230851003,-1.4801079255070595
PROJ_1668,R&D,Critical,2,245453.84941707435,True,True,0.8358635278545129,0.9999999999999996,1249971.55,1495425.3994170744,1495425.3994170746,-245453.84941707458,19.63675488590717
PROJ_1669,IT,Low,0,35060.590598144336,False,True,0.969232903576121,0.9999999999999992,1104487.65,1139548.2405981442,1139548.2405981447,-35060.5905981448,3.174375974067687
PROJ_1670,IT,Critical,3,255549.95637313672,True,True,0.8484533558310848,1.0,1430729.26,1686279.2163731367,1686279.216373137,-255549.95637313696,17.861517445525436
PROJ_1671,Construction,Critical,1,196740.5897347424,True,True,0.9284597870851546,1.0000000000000009,2553329.36,2750069.9497347423,2750069.9497347414,-196740.5897347415,7.705257019201843
PROJ_1672,R&D,Medium,3,177416.99186268984,True,True,0.9112847897405912,1.0000000000000004,1822431.64,1999848.6318626895,1999848.6318626893,-177416.99186268938,9.735179524357324
PROJ_1673,IT,Low,0,261597.25916609564,False,True,0.857549025207249,1.0,1574804.77,1836402.029166096,1836402.0291660966,-261597.25916609657,16.61140886473798
PROJ_1674,Marketing,Medium,3,-40693.2819018875,True,False,1.0471299121199644,1.0000000000000002,904121.2,863427.9180981125,863427.9180981121,40693.28190188785,-4.500865802271626
PROJ_1675,IT,Medium,0,11440.800058041932,False,True,0.9687482191794502,1.0,354643.94,366084.74005804193,366084.7400580419,-11440.800058041874,3.225996208490655
PROJ_1676,R&D,Medium,2,302803.87455331255,True,True,0.8588057039702912,1.0000000000000002,1841786.12,2144589.9945533127,2144589.994553312,-302803.8745533121,16.44077296843306
PROJ_1677,IT,Critical,1,118498.07046557066,True,True,0.876434102920137,0.9999999999999996,840488.78,958986.8504655708,958986.8504655707,-118498.07046557066,14.098709380221669
PROJ_1678,Construction,Medium,-1,13741.60450651357,False,True,0.9942270748059516,1.0,2366612.21,2380353.814506513,2380353.8145065135,-13741.60450651357,0.5806445368805719
PROJ_1679,IT,High,1,84778.50550560816,True,True,0.9111454991211232,0.9999999999999998,869348.8,954127.3055056082,954127.3055056084,-84778.5055056084,9.75195519975508
PROJ_1680,Construction,High,1,100956.94935068674,True,True,0.9301466864993218,0.9999999999999994,1344313.78,1445270.7293506868,1445270.7293506875,-100956.94935068744,7.509924457568785
PROJ_1681,IT,High,1,8363.697826824267,True,True,0.991304334877336,1.0,953460.12,961823.8178268244,961823.8178268241,-8363.697826824151,0.8771943001479864
PROJ_1682,IT,Low,7,105716.76403020228,True,True,0.926468800429626,0.9999999999999996,1331996.27,1437713.0340302023,1437713.0340302028,-105716.76403020276,7.936716221450286
PROJ_1683,IT,High,4,45466.80325442378,True,True,0.9555011043836472,0.9999999999999996,976284.47,1021751.2732544238,1021751.2732544241,-45466.80325442413,4.657126549849157
PROJ_1684,R&D,Critical,0,60701.76432328345,False,True,0.9674321752738422,1.0,1803155.12,1863856.884323284,1863856.8843232833,-60701.76432328322,3.3664194305858284
PROJ_1685,IT,Medium,3,-2528.3224975524936,True,False,1.0018678872547415,1.0000000000000002,1356101.72,1353573.3975024477,1353573.397502448,2528.322497552028,-0.18644047568585254
PROJ_1686,Healthcare,Medium,0,72909.47553125297,False,True,0.8545460381729918,0.9999999999999998,428345.18,501254.65553125297,501254.655531253,-72909.47553125303,17.02119667396585
PROJ_1687,R&D,Critical,1,244891.14229461644,True,True,0.8149912002657606,1.0000000000000004,1078781.8,1323672.9422946165,1323672.9422946163,-244891.1422946162,22.700711329632757
PROJ_1688,IT,Medium,3,223265.19740518185,True,True,0.8866119914999857,0.9999999999999998,1745771.92,1969037.1174051815,1969037.1174051824,-223265.19740518252,12.788909871180799
PROJ_1689,R&D,Medium,2,51837.68201563833,True,True,0.9638098739716808,1.0000000000000004,1380533.18,1432370.8620156385,1432370.862015638,-51837.6820156381,3.7549030162127726
PROJ_1690,Manufacturing,High,1,45626.226471772185,True,True,0.8958693982456759,1.0,392537.25,438163.4764717722,438163.4764717723,-45626.2264717723,11.62341318480534
PROJ_1691,Healthcare,High,1,16641.77955900319,True,True,0.9712695976686098,1.0000000000000004,562597.57,579239.3495590031,579239.3495590029,-16641.779559002956,2.9580254957380916
PROJ_1692,Construction,Critical,0,124330.39258629782,False,True,0.9365414836897408,1.0000000000000004,1834908.49,1959238.8825862976,1959238.8825862966,-124330.39258629666,6.775836139179707
PROJ_1693,R&D,High,3,42191.440564021,True,True,0.9760658607410124,1.0000000000000004,1720622.76,1762814.200564021,1762814.20056402,-42191.44056402007,2.45210289814021
PROJ_1694,IT,Low,0,25929.426906649955,False,True,0.978583299485114,1.0000000000000004,1184781.2,1210710.62690665,1210710.6269066494,-25929.42690664949,2.1885413869370556
PROJ_1695,IT,Low,-1,26019.369226209357,False,True,0.9727629465267934,0.9999999999999996,929273.73,955293.0992262092,955293.0992262095,-26019.36922620947,2.7999682317727275
PROJ_1696,Construction,Medium,4,217643.99875817308,True,True,0.8866977308431323,1.0000000000000002,1703270.74,1920914.738758173,1920914.7387581726,-217643.99875817262,12.778003734049504
PROJ_1697,Manufacturing,High,1,2944.429961806105,True,True,0.994409458206522,1.0000000000000004,523736.18,526680.6099618061,526680.609961806,-2944.4299618059886,0.5621971661010681
PROJ_1698,Construction,Critical,1,158493.29852592805,True,True,0.9103528906263642,1.0000000000000004,1609475.57,1767968.868525928,1767968.868525927,-158493.2985259269,9.847511915072243
PROJ_1699,Construction,High,1,101146.19240471232,True,True,0.9427873882868932,1.0000000000000002,1666754.09,1767900.2824047124,1767900.2824047126,-101146.19240471255,6.068453229637045
PROJ_1700,Healthcare,Medium,2,61464.93032105628,True,True,0.917640651148618,0.9999999999999998,684836.87,746301.8003210563,746301.8003210563,-61464.93032105628,8.97511991739818
PROJ_1701,Marketing,Low,0,-20969.973814592347,False,False,1.041066623484797,1.0000000000000002,531602.99,510633.0161854077,510633.01618540764,20969.973814592347,-3.944668146917749
PROJ_1702,R&D,High,1,105644.77946759528,True,True,0.936367003304078,1.0000000000000002,1554575.31,1660220.089467595,1660220.0894675949,-105644.77946759481,6.795732492856509
PROJ_1703,IT,Medium,1,55560.4848245004,True,True,0.9250830046870132,1.0,686066.76,741627.2448245004,741627.2448245004,-55560.484824500396,8.098407919442183
PROJ_1704,R&D,Critical,-1,56564.99094400811,False,True,0.9721796144980988,0.9999999999999996,1976655.97,2033220.960944008,2033220.9609440083,-56564.99094400834,2.861650778006066
PROJ_1705,Marketing,High,0,2150.893634653883,False,True,0.9950782333778618,1.0,434865.69,437016.5836346539,437016.5836346539,-2150.893634653883,0.4946110222339875
PROJ_1706,R&D,Critical,0,381972.0561893317,False,True,0.858045811971234,0.9999999999999998,2308840.11,2690812.166189332,2690812.1661893316,-381972.0561893317,16.543893816420734
PROJ_1707,Construction,Medium,2,127415.15995920636,True,True,0.9525463058457596,0.9999999999999996,2557626.8,2685041.959959206,2685041.959959206,-127415.15995920636,4.981772945107017
PROJ_1708,Construction,Medium,0,43005.17409885093,False,True,0.9759416471416592,1.0,1744530.92,1787536.0940988509,1787536.0940988504,-43005.17409885046,2.465142555275
PROJ_1709,IT,Medium,1,86682.60032733215,True,True,0.8654054447993403,0.9999999999999998,557344.94,644027.5403273321,644027.5403273321,-86682.60032733215,15.552774252751297
PROJ_1710,R&D,High,2,69496.92721106391,True,True,0.9743859161796632,1.0000000000000004,2643734.11,2713231.037211064,2713231.0372110633,-69496.92721106345,2.6287411789328337
PROJ_1711,Construction,Medium,-1,7762.7554700344335,False,True,0.995125060920058,1.0,1584617.24,1592379.9954700344,1592379.9954700347,-7762.755470034666,0.48988205315970607
PROJ_1712,R&D,Critical,0,70946.87573147437,False,True,0.9310825485717004,1.0000000000000002,958500.3,1029447.1757314744,1029447.1757314742,-70946.87573147414,7.401862652674613
PROJ_1713,Marketing,Medium,2,81931.3287852346,True,True,0.9231673517362886,0.9999999999999996,984429.53,1066360.8587852346,1066360.8587852353,-81931.3287852353,8.322721564969235
PROJ_1714,R&D,Medium,2,164400.19727054003,True,True,0.9305135145028118,1.0,2201530.33,2365930.52727054,2365930.527270539,-164400.19727053912,7.467541783561943
PROJ_1715,Marketing,Medium,0,132245.612664319,False,True,0.8519203342031142,1.0,760825.1,893070.712664319,893070.712664319,-132245.612664319,17.381867746518743
PROJ_1716,IT,Medium,-1,71819.65867770952,False,True,0.9078583004810676,1.0,707628.29,779447.9486777096,779447.9486777098,-71819.65867770975,10.149348138372162
PROJ_1717,IT,Critical,0,122307.78663090464,False,True,0.8928278815812642,1.0,1018919.88,1141227.666630905,1141227.666630905,-122307.78663090488,12.003670654743225
PROJ_1718,IT,Medium,0,22284.947017194587,False,True,0.9669468788201244,1.0000000000000002,651931.17,674216.1170171946,674216.1170171945,-22284.94701719447,3.418297520149937
PROJ_1719,IT,Critical,1,46106.9946414415,True,True,0.8984762558988241,1.0000000000000002,408042.87,454149.8646414415,454149.8646414414,-46106.994641441386,11.299546697493179
PROJ_1720,IT,Medium,2,-19599.992587723653,True,False,1.0263326734656646,0.9999999999999994,763922.16,744322.1674122764,744322.1674122768,19599.992587723187,-2.565705462415593
PROJ_1721,Healthcare,Low,0,30663.64581515279,False,True,0.9360010445596229,1.0000000000000002,448463.64,479127.2858151528,479127.2858151528,-30663.64581515279,6.837487608839993
PROJ_1722,R&D,Critical,0,37462.58765168721,False,True,0.977158058750727,1.0,1602616.39,1640078.977651687,1640078.9776516873,-37462.58765168744,2.3375892001009326
PROJ_1723,R&D,High,3,32522.630561143626,True,True,0.981278637395686,1.0,1704670.93,1737193.5605611436,1737193.5605611445,-32522.630561144557,1.907853884804885
PROJ_1724,Healthcare,Medium,0,-6614.68451812421,False,False,1.0098214604415232,1.0000000000000004,680107.65,673492.9654818758,673492.9654818756,6614.684518124443,-0.9725937530807721
PROJ_1725,Marketing,Medium,0,22150.835043108207,False,True,0.9705519152829566,0.9999999999999996,730048.68,752199.5150431083,752199.5150431085,-22150.83504310844,3.0341586321488094
PROJ_1726,Healthcare,Medium,1,15311.273016163992,True,True,0.9407518899003068,1.0,243115.08,258426.353016164,258426.35301616386,-15311.273016163876,6.297952811550759
PROJ_1727,IT,Medium,1,5228.533105919487,True,True,0.9915449747500455,1.0,613165.02,618393.5531059195,618393.5531059196,-5228.533105919603,0.8527122284176619
PROJ_1728,Manufacturing,High,0,-352.86037437809864,False,False,1.0009944169568183,1.0000000000000002,355194.33,354841.4696256219,354841.469625622,352.86037437804043,-0.09934290741016062
PROJ_1729,Construction,Medium,2,183844.27151071743,True,True,0.9268430808126108,1.0000000000000009,2329168.49,2513012.7615107177,2513012.7615107177,-183844.27151071746,7.8931289127441975
PROJ_1730,IT,Critical,1,139174.23655927822,True,True,0.8715573007952973,1.0000000000000002,944376.93,1083551.1665592785,1083551.1665592783,-139174.23655927822,14.737149133797478
PROJ_1731,IT,Critical,1,41279.474821346055,True,True,0.8818274251591492,0.9999999999999998,308035.71,349315.1848213461,349315.18482134613,-41279.47482134611,13.400873171927408
PROJ_1732,Healthcare,Medium,1,31760.224715271208,True,True,0.9421955499392838,1.0000000000000002,517682.33,549442.5547152712,549442.5547152712,-31760.224715271208,6.13507992735066
PROJ_1733,IT,High,4,62802.99975925079,True,True,0.952238778448938,0.9999999999999998,1252134.05,1314937.0497592508,1314937.0497592515,-62802.999759251485,5.015677016310792
PROJ_1734,R&D,High,2,268900.73133230256,True,True,0.8523622342657952,1.0000000000000002,1552453.92,1821354.6513323025,1821354.6513323027,-268900.7313323028,17.321012100140326
PROJ_1735,Marketing,Critical,0,70233.99348428455,False,True,0.8494101698476805,1.0,396158.68,466392.67348428455,466392.67348428466,-70233.99348428467,17.728752903832543
PROJ_1736,Manufacturing,Critical,0,64668.77010763949,False,True,0.90839984690744,1.0000000000000002,641320.99,705989.7601076395,705989.7601076395,-64668.77010763949,10.083682136715888
PROJ_1737,IT,Medium,2,24665.00691924768,True,True,0.95030336983887,1.0000000000000004,471646.45,496311.4569192477,496311.45691924746,-24665.006919247448,5.229554239038044
PROJ_1738,Manufacturing,Low,0,82168.23353420338,False,True,0.822952394246027,1.0000000000000002,381934.25,464102.4835342034,464102.48353420343,-82168.23353420343,21.51371172766083
PROJ_1739,IT,Low,1,-81585.53110054438,True,False,1.133291483789531,1.0000000000000002,693669.13,612083.5988994556,612083.5988994555,81585.5311005445,-11.761447579560661
PROJ_1740,IT,Low,2,200851.09319818692,True,True,0.8428997435765833,0.9999999999999998,1077638.82,1278489.913198187,1278489.913198187,-200851.09319818695,18.638071445698934
PROJ_1741,Construction,Low,3,43836.20888056466,True,True,0.9745604259406568,1.0000000000000002,1679314.06,1723150.2688805647,1723150.2688805643,-43836.2088805642,2.6103639530395046
PROJ_1742,R&D,Medium,2,441313.7360375589,True,True,0.8381719513795841,1.0000000000000002,2285739.7,2727053.436037559,2727053.4360375586,-441313.7360375584,19.30726127903183
PROJ_1743,IT,Low,2,98670.79489486944,True,True,0.934771926841077,1.0000000000000002,1414033.63,1512704.424894869,1512704.4248948689,-98670.79489486897,6.977966633995047
PROJ_1744,Construction,Medium,0,38257.65518560307,False,True,0.9829332116066763,0.9999999999999996,2203385.84,2241643.495185603,2241643.495185603,-38257.65518560307,1.7363121107106267
PROJ_1745,Construction,Low,0,72874.4148824783,False,True,0.9369382710714024,1.0,1082730.04,1155604.4548824783,1155604.4548824788,-72874.41488247877,6.730617253630348
PROJ_1746,R&D,Medium,3,95185.908378148,True,True,0.9213961225873576,0.9999999999999998,1115771.0,1210956.908378148,1210956.9083781485,-95185.90837814845,8.530953786946286
PROJ_1747,IT,Medium,0,55376.78635712108,False,True,0.9376291158591752,1.0,832485.99,887862.7763571211,887862.7763571211,-55376.78635712108,6.651978174085678
PROJ_1748,Manufacturing,Low,0,69061.02484646894,False,True,0.917509048581231,1.0,768134.13,837195.1548464689,837195.1548464689,-69061.02484646894,8.99075072298492
PROJ_1749,Healthcare,Low,-1,3006.8030911688693,False,True,0.9956694933926246,0.9999999999999996,691323.76,694330.5630911689,694330.563091169,-3006.8030911689857,0.43493414593026364
PROJ_1750,Healthcare,High,3,66944.37171167834,True,True,0.9327307427807208,0.9999999999999996,928226.0,995170.3717116785,995170.3717116787,-66944.37171167869,7.212076769200462
PROJ_1751,Healthcare,Critical,1,73577.32999736967,True,True,0.9187461930248336,0.9999999999999996,831947.38,905524.7099973696,905524.7099973698,-73577.32999736979,8.843988425971098
PROJ_1752,Healthcare,Low,1,-10973.385931293946,True,False,1.016944485194598,1.0,658581.49,647608.104068706,647608.1040687062,10973.38593129383,-1.6662153579952315
PROJ_1753,Manufacturing,Critical,0,-2630.1564044439,False,False,1.004197938407057,1.0,629165.41,626535.2535955561,626535.2535955561,2630.1564044439,-0.41803893898806355
PROJ_1754,IT,Low,5,79037.03452849155,True,True,0.93390272046409,1.0,1116731.31,1195768.3445284916,1195768.3445284923,-79037.03452849225,7.077533675355825
PROJ_1755,IT,Medium,0,8392.368904021918,False,True,0.983486455834812,1.0000000000000002,499818.88,508211.2489040219,508211.2489040219,-8392.368904021918,1.6790820114722191
PROJ_1756,R&D,Critical,1,210301.2756734267,True,True,0.8939347747546998,0.9999999999999996,1772452.97,1982754.245673427,1982754.2456734271,-210301.27567342715,11.86498481104563
PROJ_1757,Construction,High,0,135266.42337783333,False,True,0.9181336486965004,0.9999999999999996,1517017.1,1652283.5233778334,1652283.523377834,-135266.4233778338,8.916605051969011
PROJ_1758,IT,High,2,224450.00520098675,True,True,0.8646657339583705,1.0,1434036.14,1658486.1452009866,1658486.1452009866,-224450.00520098675,15.651628221934963
PROJ_1759,IT,Medium,3,40350.64295909088,True,True,0.9544803290644188,1.0,846093.44,886444.0829590908,886444.0829590908,-40350.64295909088,4.769052808055205
PROJ_1760,Manufacturing,Medium,2,69211.99128862203,True,True,0.9161508297890312,1.0000000000000002,756222.43,825434.4212886221,825434.4212886223,-69211.99128862226,9.152332507331508
PROJ_1761,Healthcare,Medium,0,67883.81717563525,False,True,0.8883101519604191,0.9999999999999998,539904.79,607788.6071756353,607788.6071756353,-67883.81717563525,12.573294112770373
PROJ_1762,R&D,Medium,0,299194.27099712426,False,True,0.8625064701847607,1.0,1876866.46,2176060.730997124,2176060.7309971247,-299194.2709971247,15.941159233945964
PROJ_1763,Healthcare,High,-1,124902.41130905238,False,True,0.8230566189509244,0.9999999999999996,580986.73,705889.1413090524,705889.1413090524,-124902.41130905238,21.49832429202856
PROJ_1764,Manufacturing,Medium,-1,14953.306365766912,False,True,0.9802544389958102,1.0000000000000002,742346.34,757299.6463657669,757299.6463657665,-14953.306365766563,2.014330179868141
PROJ_1765,Healthcare,Medium,0,50707.18231224408,False,True,0.963369308058096,0.9999999999999996,1333574.13,1384281.312312244,1384281.3123122444,-50707.18231224455,3.8023519781569664
PROJ_1766,IT,Low,1,54811.73315543332,True,True,0.9452668315545918,1.0000000000000002,946623.68,1001435.4131554334,1001435.4131554334,-54811.73315543332,5.790234737782317
PROJ_1767,IT,Medium,0,7694.958530481206,False,True,0.9888163713466712,0.9999999999999994,680360.66,688055.6185304812,688055.6185304814,-7694.958530481323,1.1310116799641712
PROJ_1768,Marketing,Medium,2,104143.64443710864,True,True,0.9105702827802852,1.0000000000000002,1060386.98,1164530.6244371086,1164530.6244371084,-104143.64443710842,9.821286605868023
PROJ_1769,Construction,Critical,-2,127948.90313236276,False,True,0.904946288520702,0.9999999999999998,1218120.61,1346069.5131323629,1346069.5131323629,-127948.90313236276,10.503795936295893
PROJ_1770,IT,Critical,0,94937.99281627568,False,True,0.9307255816038896,1.0000000000000002,1275524.51,1370462.5028162757,1370462.5028162752,-94937.99281627522,7.443055156680228
PROJ_1771,IT,Medium,0,144630.0574645137,False,True,0.8443415436194213,0.9999999999999996,784519.96,929150.0174645137,929150.017464514,-144630.05746451404,18.435484734450103
PROJ_1772,Marketing,Medium,1,-20214.30458914733,True,False,1.0518898870468036,1.0000000000000002,409775.85,389561.5454108527,389561.5454108526,20214.30458914739,-4.933015107929711
PROJ_1773,Healthcare,High,1,88457.26868495223,True,True,0.8020884653273938,0.9999999999999996,358496.31,446953.5786849522,446953.5786849524,-88457.2686849524,24.674526966526493
PROJ_1774,Manufacturing,Medium,2,21630.26646236028,True,True,0.9672213754212364,0.9999999999999998,638259.12,659889.3864623603,659889.3864623604,-21630.266462360392,3.3889474955501444
PROJ_1775,Construction,Critical,1,103060.78749675094,True,True,0.9155296760206704,0.9999999999999998,1117021.99,1220082.777496751,1220082.777496751,-103060.78749675094,9.226388416646206
PROJ_1776,IT,Medium,0,54129.52310527116,False,True,0.91172606543011,1.0000000000000002,559069.87,613199.3931052712,613199.3931052709,-54129.52310527093,9.68206766450693
PROJ_1777,IT,Critical,-1,16862.017807412078,False,True,0.9708110623439332,1.0000000000000004,560823.2,577685.217807412,577685.2178074119,-16862.01780741196,3.0066548258723893
PROJ_1778,R&D,High,2,42925.02758012572,True,True,0.9756288249439692,1.0000000000000004,1718378.13,1761303.1575801256,1761303.157580125,-42925.027580125025,2.4979966184814644
PROJ_1779,Marketing,Medium,1,22201.02549042588,True,True,0.9544036048404496,1.0000000000000002,464702.06,486903.0854904259,486903.0854904258,-22201.025490425818,4.777475161273402
PROJ_1780,Construction,Medium,-1,66407.76705039386,False,True,0.9808918132594064,1.0,3408949.05,3475356.8170503937,3475356.8170503937,-66407.76705039386,1.9480422287447756
PROJ_1781,Manufacturing,Low,2,136786.61792324635,True,True,0.8806514560641495,0.9999999999999996,1009323.87,1146110.4879232463,1146110.4879232466,-136786.61792324658,13.55230189128952
PROJ_1782,Construction,Low,2,64452.00117669092,True,True,0.9672313129446812,0.9999999999999998,1902425.74,1966877.741176691,1966877.7411766911,-64452.00117669115,3.3878852573079223
PROJ_1783,Manufacturing,Low,0,-30373.43190244376,False,False,1.0454215631603565,1.0000000000000002,699074.15,668700.7180975563,668700.7180975561,30373.431902443874,-4.3448083300525235
PROJ_1784,IT,Low,1,29055.578395590303,True,True,0.9529096050303202,1.0,587961.51,617017.0883955903,617017.0883955902,-29055.578395590186,4.941748380024091
PROJ_1785,Construction,Low,0,-64264.85235264688,False,False,1.039982364819813,1.0000000000000002,1671594.8,1607329.9476473532,1607329.9476473527,64264.852352647344,-3.844523346964668
PROJ_1786,Construction,High,4,99289.19484518794,True,True,0.952894493590182,1.0000000000000002,2008515.23,2107804.424845188,2107804.424845188,-99289.19484518794,4.943412594645247
PROJ_1787,IT,Low,0,31894.40770863183,False,True,0.959776778476942,1.0000000000000002,761040.78,792935.1877086319,792935.187708632,-31894.407708631945,4.190893385323181
PROJ_1788,R&D,Medium,2,65872.67090351135,True,True,0.9596530617184164,0.9999999999999996,1566783.33,1632656.0009035114,1632656.0009035112,-65872.67090351111,4.20432548918625
PROJ_1789,IT,Medium,1,42432.52556223585,True,True,0.9471379510625916,1.0,760270.48,802703.0055622358,802703.0055622357,-42432.525562235736,5.581240713467625
PROJ_1790,Construction,Medium,1,26334.940870324263,True,True,0.9747385691688752,1.0,1016161.07,1042496.0108703242,1042496.0108703241,-26334.94087032415,2.591610882153176
PROJ_1791,IT,Medium,0,82220.8721982895,False,True,0.9303369495812966,1.0000000000000002,1098044.3,1180265.1721982895,1180265.172198289,-82220.87219828903,7.487937617661602
PROJ_1792,Marketing,Low,0,-19762.67292191193,False,False,1.0342190730844558,1.0000000000000002,597296.52,577533.8470780881,577533.847078088,19762.672921912046,-3.308687102665866
PROJ_1793,R&D,High,1,154379.622553193,True,True,0.9359737055460248,0.9999999999999996,2256811.34,2411190.962553193,2411190.9625531947,-154379.62255319487,6.84060824300869
PROJ_1794,IT,Low,2,93707.87395643722,True,True,0.9319898642441172,1.0000000000000002,1284143.72,1377851.5939564372,1377851.5939564367,-93707.87395643676,7.297304226697987
PROJ_1795,IT,Low,1,17369.204524401866,True,True,0.956408401945956,1.0000000000000002,381083.83,398453.0345244019,398453.0345244019,-17369.204524401866,4.557843486668502
PROJ_1796,Construction,High,0,201391.11346448815,False,True,0.9025949746457268,1.0,1866172.78,2067563.893464488,2067563.8934644884,-201391.11346448842,10.791664931715937
PROJ_1797,IT,Low,0,130548.19183269952,False,True,0.7800357635470971,1.0000000000000002,462949.16,593497.3518326995,593497.3518326996,-130548.19183269964,28.199250179587676
PROJ_1798,IT,Medium,0,57994.23595611076,False,True,0.956139621660984,1.0000000000000002,1264252.36,1322246.5959561109,1322246.595956111,-57994.23595611099,4.587235728483116
PROJ_1799,Marketing,Low,1,99700.59641457676,True,True,0.8999381137765472,1.0,896688.74,996389.3364145769,996389.3364145771,-99700.5964145771,11.118751911011742
PROJ_1800,IT,High,2,113279.32403697446,True,True,0.8937531171912383,1.0000000000000004,952910.3,1066189.6240369745,1066189.624036974,-113279.324036974,11.887721649873445
PROJ_1801,IT,Critical,0,-30820.989793232176,False,False,1.0339876294583894,1.0000000000000002,937650.63,906829.6402067678,906829.6402067678,30820.989793232176,-3.287044108660406
PROJ_1802,Construction,Medium,1,164452.02653743466,True,True,0.91085531466496,0.9999999999999998,1680324.54,1844776.5665374347,1844776.5665374354,-164452.02653743536,9.78692048010174
PROJ_1803,IT,Medium,0,143343.42219063174,False,True,0.8848523492051148,1.0000000000000004,1101522.81,1244866.2321906318,1244866.2321906313,-143343.42219063127,13.013205072950898
PROJ_1804,Construction,Medium,1,155855.36811839743,True,True,0.90519075638199,1.0000000000000002,1488028.31,1643883.6781183977,1643883.6781183975,-155855.36811839743,10.473951810661278
PROJ_1805,IT,Critical,-1,93968.12177170825,False,True,0.8565407058846141,1.0000000000000002,561047.8,655015.9217717083,655015.9217717082,-93968.12177170813,16.74868376129594
PROJ_1806,IT,High,0,92747.31605031248,False,True,0.9071032684797968,0.9999999999999992,905644.28,998391.5960503124,998391.5960503131,-92747.31605031306,10.241031506356233
PROJ_1807,Healthcare,Critical,0,14455.178011495853,False,True,0.9750785192635892,1.0000000000000002,565573.68,580028.8580114959,580028.8580114959,-14455.178011495853,2.5558434776342227
PROJ_1808,IT,High,0,35050.18845260216,False,True,0.8719181408548793,1.0000000000000002,238604.4,273654.5884526021,273654.58845260215,-35050.18845260216,14.689665594013421
PROJ_1809,IT,High,-2,26112.837056688848,False,True,0.9657461401038586,1.0,736219.85,762332.6870566888,762332.6870566888,-26112.837056688848,3.5468803315597706
PROJ_1810,IT,Medium,2,169583.04505327833,True,True,0.8801686892923334,1.0000000000000009,1245598.38,1415181.4250532782,1415181.4250532775,-169583.04505327763,13.614584586508347
PROJ_1811,IT,High,1,11315.672084640652,True,True,0.9785106686155188,1.0000000000000002,515255.95,526571.6220846407,526571.6220846407,-11315.672084640653,2.196126427000145
PROJ_1812,Manufacturing,High,1,15723.89118081727,True,True,0.9758778113519598,1.0000000000000002,636119.58,651843.4711808172,651843.471180817,-15723.891180817038,2.471845180558196
PROJ_1813,IT,Low,-1,21439.63903367927,False,True,0.971359334310585,0.9999999999999996,727133.71,748573.3490336792,748573.3490336793,-21439.639033679385,2.9485139718910003
PROJ_1814,Construction,Low,3,70249.76612321683,True,True,0.9527752445500606,1.0,1417312.54,1487562.3061232169,1487562.3061232169,-70249.76612321683,4.9565472780772
PROJ_1815,IT,Medium,0,1106.6344140786678,False,True,0.9989282352530588,1.0,1031428.18,1032534.8144140788,1032534.8144140785,-1106.634414078435,0.10729146590491981
PROJ_1816,R&D,Critical,1,-18119.17508375389,True,False,1.0091140439319677,1.0000000000000009,2006169.18,1988050.004916246,1988050.0049162447,18119.175083755283,-0.9031728362886765
PROJ_1817,R&D,Medium,-3,177029.45643852116,False,True,0.9132827090440586,1.0,1864425.65,2041455.106438521,2041455.1064385215,-177029.45643852162,9.495120196320064
PROJ_1818,IT,Medium,1,113409.16340360696,True,True,0.915790934220909,0.9999999999999998,1233348.01,1346757.173403607,1346757.173403607,-113409.16340360697,9.195228150050443
PROJ_1819,R&D,Critical,1,144929.8264804571,True,True,0.9423765370769916,0.9999999999999998,2370188.48,2515118.306480457,2515118.306480456,-144929.82648045616,6.1146962658622055
PROJ_1820,Manufacturing,Low,1,60888.16656844562,True,True,0.9377442015734332,1.0,917143.89,978032.0565684456,978032.0565684458,-60888.16656844574,6.6388891898353855
PROJ_1821,Manufacturing,Medium,0,91765.8554868648,False,True,0.9161441184963364,1.0,1002562.34,1094328.1954868648,1094328.1954868645,-91765.85548686457,9.153132112150212
PROJ_1822,IT,High,0,-135284.29206385068,False,False,1.1103252355305804,1.0000000000000002,1361515.91,1226231.6179361492,1226231.6179361495,135284.29206385044,-9.936299023038993
PROJ_1823,IT,High,2,-30995.66048294818,True,False,1.027873299606604,1.0000000000000004,1143015.44,1112019.7795170518,1112019.7795170515,30995.660482948413,-2.711744688501182
PROJ_1824,Manufacturing,Critical,5,167683.1509983918,True,True,0.8567638250995598,0.9999999999999998,1002992.84,1170675.9909983918,1170675.9909983918,-167683.1509983918,16.718279962835208
PROJ_1825,Marketing,High,1,133504.5007987779,True,True,0.8722136643604084,1.0,911243.36,1044747.860798778,1044747.860798778,-133504.50079877803,14.650806432079575
PROJ_1826,Construction,Low,4,35199.91867427179,True,True,0.97121368588894,1.0,1187600.56,1222800.4786742718,1222800.4786742723,-35199.91867427225,2.9639526840802644
PROJ_1827,IT,Critical,1,193685.1401953029,True,True,0.8984922589899603,0.9999999999999998,1714397.32,1908082.460195303,1908082.4601953044,-193685.1401953043,11.297564335629286
PROJ_1828,R&D,Medium,4,75012.2373272758,True,True,0.9566464660926798,1.0,1655232.81,1730245.047327276,1730245.047327276,-75012.23732727603,4.531823975098465
PROJ_1829,R&D,High,3,115697.51765725692,True,True,0.9168761801737784,1.0,1276172.08,1391869.597657257,1391869.5976572575,-115697.51765725738,9.065980949626901
PROJ_1830,IT,Medium,1,40958.786141708144,True,True,0.9358459648724116,0.9999999999999998,597485.64,638444.4261417082,638444.4261417082,-40958.786141708144,6.855191723387384
PROJ_1831,Marketing,Critical,-1,-17101.4567821658,False,False,1.0289933003357836,1.0,606943.13,589841.6732178342,589841.6732178342,17101.4567821658,-2.817637425464524
PROJ_1832,Marketing,Low,0,11241.762423618811,False,True,0.9819567764981276,1.0,611804.47,623046.2324236188,623046.2324236189,-11241.76242361893,1.8374763465881394
PROJ_1833,IT,High,1,171673.25374477834,True,True,0.8524900063229642,1.0,992134.36,1163807.6137447783,1163807.6137447783,-171673.25374477834,17.303427909177376
PROJ_1834,Construction,Low,-1,135025.63948297198,False,True,0.9211390105097615,0.9999999999999996,1577172.5,1712198.139482972,1712198.1394829724,-135025.63948297244,8.561247389424583
PROJ_1835,Marketing,High,4,35851.40853300516,True,True,0.953034502234535,0.9999999999999996,727504.89,763356.2985330052,763356.2985330055,-35851.40853300551,4.927995540071972
PROJ_1836,Construction,Low,2,46803.8122712092,True,True,0.9778676714280344,1.0000000000000004,2067922.26,2114726.072271209,2114726.0722712087,-46803.812271208735,2.2633255212992744
PROJ_1837,IT,High,1,74145.8879689459,True,True,0.9041583070406544,1.0,699482.85,773628.7379689459,773628.7379689458,-74145.88796894578,10.60010091297389
PROJ_1838,Manufacturing,High,1,143263.6869354637,True,True,0.8991019478748206,0.9999999999999998,1276621.87,1419885.5569354638,1419885.556935464,-143263.68693546392,11.22209248502565
PROJ_1839,IT,High,-1,43697.572235041065,False,True,0.9648254652437412,1.0,1198609.47,1242307.042235041,1242307.0422350415,-43697.57223504153,3.645688886059071
PROJ_1840,Manufacturing,Medium,0,36541.327096931054,False,True,0.9373646489135564,1.0000000000000002,546856.49,583397.817096931,583397.817096931,-36541.327096931054,6.682068836182424
PROJ_1841,IT,Low,2,12330.717694550867,True,True,0.9852966857982476,1.0,826304.54,838635.2576945509,838635.2576945507,-12330.717694550636,1.4922727756706549
PROJ_1842,Construction,Medium,1,40444.37154515833,True,True,0.981495972415798,1.0,2145262.03,2185706.401545158,2185706.401545158,-40444.37154515833,1.8852881829618888
PROJ_1843,R&D,High,4,232458.84919308824,True,True,0.9231611378595768,1.0000000000000004,2792818.24,3025277.0891930885,3025277.089193089,-232458.8491930887,8.323450694488757
PROJ_1844,Manufacturing,High,0,8577.965736682876,False,True,0.9838494546927992,1.0,522547.49,531125.4557366829,531125.455736683,-8577.965736682992,1.641566728544231
PROJ_1845,Marketing,Medium,1,6020.812513107521,True,True,0.972444246975629,1.0000000000000002,212474.85,218495.66251310756,218495.6625131075,-6020.812513107492,2.8336589074459835
PROJ_1846,Manufacturing,High,0,26532.03374407685,False,True,0.9663698146803672,1.0,762403.07,788935.1037440768,788935.103744077,-26532.03374407708,3.480053371778406
PROJ_1847,IT,Low,1,61963.52123166935,True,True,0.8815914589300321,0.9999999999999998,461339.28,523302.8012316694,523302.8012316694,-61963.52123166935,13.431225980078986
PROJ_1848,Construction,Low,2,109472.54005619686,True,True,0.8690918248912334,1.0,726781.88,836254.4200561969,836254.4200561966,-109472.54005619662,15.062640259577828
PROJ_1849,IT,Medium,-1,31114.192800468416,False,True,0.9669822631119092,1.0,911233.64,942347.8328004684,942347.8328004685,-31114.192800468532,3.4145131868121696
PROJ_1850,IT,High,1,104170.1290981652,True,True,0.9087761586094942,1.0000000000000002,1037747.68,1141917.8090981652,1141917.8090981648,-104170.12909816473,10.038097998750981
PROJ_1851,Manufacturing,High,0,26373.170138180256,False,True,0.9793783760641742,0.9999999999999998,1252535.33,1278908.5001381803,1278908.5001381806,-26373.17013818049,2.105582932992436
PROJ_1852,Marketing,Critical,-1,64264.23539108643,False,True,0.9414284503887766,1.0000000000000002,1032927.76,1097191.9953910864,1097191.9953910862,-64264.2353910862,6.221561456639155
PROJ_1853,R&D,High,2,164290.69601924345,True,True,0.8896289239526736,1.0000000000000004,1324239.65,1488530.3460192434,1488530.346019243,-164290.69601924298,12.406417223592648
PROJ_1854,Construction,Medium,0,-4046.1365543864663,False,False,1.001453159666542,1.0000000000000002,2788417.77,2784371.6334456136,2784371.6334456136,4046.1365543864667,-0.1451051057670769
PROJ_1855,Manufacturing,Critical,0,-24312.090320169984,False,False,1.0524617684814712,1.0,487737.0,463424.90967983,463424.9096798301,24312.090320169926,-4.984672132762109
PROJ_1856,IT,Low,1,6038.8434411297785,True,True,0.9909605745391298,1.0,662017.27,668056.1134411298,668056.1134411298,-6038.8434411297785,0.9121882033575618
PROJ_1857,Marketing,High,2,33935.88763406465,True,True,0.9630170706038522,1.0000000000000002,883673.62,917609.5076340646,917609.5076340645,-33935.88763406454,3.840319193195395
PROJ_1858,Healthcare,High,0,87952.07935522695,False,True,0.910751405360413,1.0,897520.91,985472.989355227,985472.9893552267,-87952.07935522671,9.799446271978967
PROJ_1859,Marketing,Medium,1,38849.32658046787,True,True,0.8904053297072989,1.0000000000000004,315632.57,354481.8965804679,354481.89658046776,-38849.32658046775,12.308402323774049
PROJ_1860,IT,Medium,2,127174.70993916925,True,True,0.9037990953311942,0.9999999999999996,1194795.29,1321969.9999391693,1321969.9999391693,-127174.70993916923,10.644058526475211
PROJ_1861,R&D,Critical,0,14803.419370516784,False,True,0.9855872905803814,1.0,1012305.29,1027108.7093705168,1027108.7093705168,-14803.419370516785,1.4623473290865432
PROJ_1862,R&D,Critical,2,111434.70201546817,True,True,0.9371225952544638,0.9999999999999996,1660818.82,1772253.5220154682,1772253.5220154687,-111434.70201546862,6.709624233151971
PROJ_1863,R&D,Critical,3,-92125.30129904998,True,False,1.055548334871202,1.0000000000000002,1750596.28,1658470.97870095,1658470.9787009496,92125.30129905045,-5.262509828882445
PROJ_1864,IT,Medium,0,5440.86182499089,False,True,0.9894166436411196,1.0000000000000002,508655.2,514096.0618249909,514096.0618249909,-5440.86182499089,1.0696561885125504
PROJ_1865,Construction,High,1,148892.29699539905,True,True,0.8842060389081198,0.9999999999999998,1136945.89,1285838.186995399,1285838.186995399,-148892.29699539905,13.095812061504445
PROJ_1866,IT,Critical,0,67976.27729590988,False,True,0.874135683652105,1.0000000000000002,472099.57,540075.8472959099,540075.8472959098,-67976.27729590976,14.398716206394715
PROJ_1867,IT,Medium,1,-65179.345847452176,True,False,1.0771502882193285,1.0000000000000002,910015.41,844836.0641525479,844836.0641525479,65179.345847452176,-7.162444188439861
PROJ_1868,R&D,High,2,22848.14195731096,True,True,0.9857250479571992,1.0,1577727.6,1600575.741957311,1600575.741957311,-22848.14195731096,1.4481677291638275
PROJ_1869,R&D,Medium,3,181386.2334934005,True,True,0.9175300814443612,0.9999999999999998,2018036.74,2199422.9734934005,2199422.973493402,-181386.2334934019,8.98825228986673
PROJ_1870,IT,Low,-1,124442.6710823602,False,True,0.8958378078396965,1.0000000000000004,1070258.29,1194700.9610823602,1194700.9610823602,-124442.6710823602,11.627349420704808
PROJ_1871,IT,Medium,1,132402.45276808552,True,True,0.9124416633378476,1.0,1379760.27,1512162.7227680855,1512162.722768085,-132402.45276808506,9.596047635730594
PROJ_1872,R&D,Low,3,126259.1716386124,True,True,0.9396522222888865,1.0000000000000002,1965933.39,2092192.5616386123,2092192.561638612,-126259.17163861217,6.422352470376028
PROJ_1873,Healthcare,Medium,2,69933.1766452191,True,True,0.9400402415648856,1.0000000000000002,1096402.02,1166335.196645219,1166335.1966452189,-69933.17664521886,6.378424644385356
PROJ_1874,IT,Critical,-3,232989.765112845,False,True,0.8660298559269066,1.0000000000000002,1506127.31,1739117.075112845,1739117.0751128446,-232989.76511284453,15.469460221981137
PROJ_1875,IT,High,0,61191.62341750832,False,True,0.937104744974664,1.0000000000000002,911721.57,972913.1934175084,972913.1934175082,-61191.623417508206,6.711656873217139
PROJ_1876,Construction,Low,-1,163134.64194164472,False,True,0.9102829762221422,1.0,1655189.63,1818324.2719416448,1818324.2719416444,-163134.64194164448,9.855948767733912
PROJ_1877,IT,Critical,0,-7664.067621801281,False,False,1.0042933688705016,1.0,1792758.21,1785094.142378199,1785094.1423781987,7664.067621801281,-0.42750146556580443
PROJ_1878,IT,Low,0,-72167.0552344158,False,False,1.097375135472079,1.0,813291.11,741124.0547655842,741124.0547655846,72167.05523441534,-8.873459250576996
PROJ_1879,Healthcare,Critical,-2,61327.77643000067,False,True,0.9409998114767106,1.0000000000000002,978122.74,1039450.5164300008,1039450.5164300005,-61327.77643000055,6.269946901551491
PROJ_1880,Construction,Critical,-1,96532.61029256484,False,True,0.9508991875176164,0.9999999999999998,1869475.8,1966008.410292565,1966008.4102925644,-96532.61029256438,5.16361914353555
PROJ_1881,Construction,Low,3,111402.46466711,True,True,0.9488046332766406,1.0000000000000004,2064623.84,2176026.30466711,2176026.3046671096,-111402.46466710954,5.395775371222563
PROJ_1882,Construction,High,0,160446.3251228854,False,True,0.9394143539830538,0.9999999999999996,2487810.08,2648256.405122885,2648256.4051228855,-160446.3251228854,6.44929958330603
PROJ_1883,R&D,Medium,4,100826.46793645225,True,True,0.9214738681233352,1.0,1183159.71,1283986.1779364522,1283986.1779364527,-100826.46793645271,8.521796937832908
PROJ_1884,IT,Medium,0,21421.580184215916,False,True,0.9817644050991264,0.9999999999999998,1153290.86,1174712.440184216,1174712.4401842162,-21421.580184216145,1.857430846561651
PROJ_1885,IT,High,0,116544.79210666427,False,True,0.8610690668702811,0.9999999999999996,722323.77,838868.5621066643,838868.5621066645,-116544.7921066645,16.134702601115354
PROJ_1886,Marketing,Critical,1,61718.92332944635,True,True,0.9022914665635056,0.9999999999999998,569944.67,631663.5933294464,631663.5933294465,-61718.923329446465,10.828932452240752
PROJ_1887,Construction,Medium,0,60731.66829139786,False,True,0.9588295745421248,1.0,1414396.84,1475128.508291398,1475128.5082913977,-60731.668291397626,4.293820982476008
PROJ_1888,IT,Medium,0,22463.356394746806,False,True,0.9591986287014518,1.0,528090.6,550553.9563947468,550553.9563947468,-22463.356394746806,4.253693664448261
PROJ_1889,R&D,Critical,-2,168137.7438763813,False,True,0.8905229736091343,1.0,1367688.99,1535826.7338763813,1535826.7338763815,-168137.74387638154,12.293565650212738
PROJ_1890,IT,High,1,-48587.88532583334,True,False,1.066366385900038,1.0000000000000002,780703.77,732115.8846741667,732115.8846741666,48587.88532583346,-6.223600703994737
PROJ_1891,R&D,Critical,-1,105241.01644535456,False,True,0.9364743340854416,1.0,1551428.22,1656669.2364453543,1656669.236445354,-105241.0164453541,6.783492467692389
PROJ_1892,Manufacturing,Low,0,-14673.21431313001,False,False,1.01653900314547,1.0,901861.77,887188.55568687,887188.5556868699,14673.214313130127,-1.6269914970594803
PROJ_1893,IT,Medium,1,53785.1338512167,True,True,0.9067207114175632,1.0,522818.04,576603.1738512167,576603.1738512166,-53785.13385121658,10.287543607182451
PROJ_1894,Construction,Low,-2,8326.542054215097,False,True,0.9915975769407605,0.9999999999999996,982642.61,990969.1520542152,990969.1520542154,-8326.542054215446,0.8473622016264332
PROJ_1895,Marketing,High,1,-7070.637756552169,True,False,1.028003397229427,1.0,259562.78,252492.14224344783,252492.14224344777,7070.637756552227,-2.7240568761639197
PROJ_1896,Construction,Medium,0,78248.12144471763,False,True,0.9062315037988437,1.0000000000000002,756233.87,834481.9914447176,834481.9914447174,-78248.1214447174,10.34707972610608
PROJ_1897,IT,High,1,24397.37829326722,True,True,0.9722151996607792,1.0000000000000002,853686.25,878083.6282932672,878083.628293267,-24397.378293266986,2.8578858208465916
PROJ_1898,IT,Critical,4,3808.588032639236,True,True,0.9949774140612744,1.0,754483.67,758292.2580326393,758292.2580326393,-3808.588032639236,0.5047939649428378
PROJ_1899,Construction,Medium,1,406385.1276131077,True,True,0.8753120785612712,1.0000000000000002,2852832.95,3259218.077613108,3259218.077613108,-406385.1276131077,14.244967537026929
PROJ_1900,IT,Critical,0,-37740.029275310575,False,False,1.043370957909587,1.0,907908.25,870168.2207246894,870168.2207246894,37740.029275310575,-4.1568109195296525
PROJ_1901,IT,Critical,0,27650.54585460003,False,True,0.9725338423132786,1.0,979062.74,1006713.2858546,1006713.2858545999,-27650.545854599914,2.824185287104268
PROJ_1902,Healthcare,Medium,2,-27975.90015206544,True,False,1.0597134681632774,0.9999999999999996,496478.25,468502.34984793456,468502.34984793473,27975.900152065267,-5.6348692318475715
PROJ_1903,Construction,Medium,1,619.4021667535417,True,True,0.9994134977375778,1.0,1055475.7,1056095.1021667535,1056095.1021667537,-619.4021667537745,0.05868464491923164
PROJ_1904,Healthcare,Medium,2,64275.21306877176,True,True,0.8982913932259914,0.9999999999999996,567679.3,631954.5130687718,631954.5130687718,-64275.21306877176,11.322451438474461
PROJ_1905,R&D,Critical,-1,210747.41153966423,False,True,0.864800467653387,0.9999999999999998,1348040.61,1558788.0215396644,1558788.0215396648,-210747.41153966472,15.63360999485503
PROJ_1906,Manufacturing,Low,0,-11261.470128590649,False,False,1.0260210114464026,1.0000000000000002,444045.19,432783.71987140935,432783.71987140935,11261.470128590649,-2.536109022730468
PROJ_1907,Healthcare,Medium,1,36453.68156766496,True,True,0.936964866798778,1.0,541853.68,578307.361567665,578307.3615676651,-36453.68156766507,6.727587707379798
PROJ_1908,Marketing,Medium,0,78293.84579941956,False,True,0.862002830523094,1.0000000000000002,489064.5,567358.3457994196,567358.3457994196,-78293.84579941956,16.008899807575393
PROJ_1909,IT,Low,1,-10916.72089175717,True,False,1.0132481859503688,0.9999999999999996,834933.0,824016.2791082428,824016.279108243,10916.720891757053,-1.3074966364674834
PROJ_1910,IT,Medium,0,150434.35979591997,False,True,0.8738137184430118,0.9999999999999998,1041726.61,1192160.96979592,1192160.96979592,-150434.35979591997,14.440867532021667
PROJ_1911,Construction,Critical,-3,-27909.85259833606,False,False,1.0155724967626354,1.0000000000000004,1820162.76,1792252.907401664,1792252.9074016637,27909.852598336292,-1.53337125732296
PROJ_1912,R&D,Critical,1,165309.48919739877,True,True,0.915739151755624,0.9999999999999998,1796568.33,1961877.8191973988,1961877.8191973993,-165309.48919739923,9.201402832109325
PROJ_1913,R&D,Critical,1,76401.87727948232,True,True,0.9682653731472308,0.9999999999999996,2331122.17,2407524.0472794822,2407524.0472794827,-76401.87727948278,3.277472037404319
PROJ_1914,Manufacturing,Low,0,10855.127518017136,False,True,0.9747297992418764,1.0,418707.25,429562.37751801714,429562.3775180172,-10855.127518017194,2.5925339286618976
PROJ_1915,IT,Medium,0,127235.11866480228,False,True,0.9030316426928348,0.9999999999999998,1184895.17,1312130.2886648022,1312130.2886648024,-127235.11866480252,10.73809075150526
PROJ_1916,Construction,Critical,3,27905.491463375976,True,True,0.977948555053956,1.0000000000000002,1237566.75,1265472.241463376,1265472.2414633767,-27905.491463376675,2.2548675829709124
PROJ_1917,Healthcare,Low,0,-2490.116927975323,False,False,1.004568995536318,1.0,547493.26,545003.1430720247,545003.1430720247,2490.116927975323,-0.4548214763365896
PROJ_1918,Healthcare,Medium,-1,-20714.95469062857,False,False,1.038852242196328,1.0,553887.65,533172.6953093715,533172.6953093713,20714.954690628685,-3.73991994416714
PROJ_1919,Manufacturing,High,2,98520.77221585345,True,True,0.8596364914155911,0.9999999999999996,603376.56,701897.3322158535,701897.3322158537,-98520.77221585368,16.32823989978226
PROJ_1920,Healthcare,High,0,193910.5138213603,False,True,0.805466103049245,1.0,802884.99,996795.5038213604,996795.5038213604,-193910.51382136042,24.151717398697468
PROJ_1921,Construction,Medium,5,81638.02755929902,True,True,0.9666760844621356,0.9999999999999992,2368194.96,2449832.987559299,2449832.9875593,-81638.02755929995,3.4472680221944203
PROJ_1922,IT,Medium,1,67371.48642664647,True,True,0.9108495116393042,1.0000000000000004,688333.7,755705.1864266464,755705.1864266462,-67371.48642664624,9.787619932983993
PROJ_1923,Construction,High,-2,89648.2807009921,False,True,0.9521194328707352,1.0,1782682.94,1872331.220700992,1872331.220700992,-89648.2807009921,5.02884044545757
PROJ_1924,R&D,Low,2,271903.8034062153,True,True,0.8559695135343194,1.0000000000000002,1615917.38,1887821.1834062152,1887821.1834062138,-271903.8034062139,16.826590689074333
PROJ_1925,Healthcare,High,2,123220.2599834432,True,True,0.8162392501060763,0.9999999999999998,547326.96,670547.2199834432,670547.2199834433,-123220.2599834433,22.51309893147659
PROJ_1926,Construction,Medium,3,69627.06183125591,True,True,0.9691546188250322,0.9999999999999996,2187665.9,2257292.961831256,2257292.961831257,-69627.0618312573,3.182710021272321
PROJ_1927,Construction,Critical,3,81916.87256067432,True,True,0.9679010457419296,0.9999999999999996,2470093.76,2552010.632560674,2552010.632560674,-81916.87256067432,3.3163466863976176
PROJ_1928,IT,Critical,3,102160.8764641462,True,True,0.9146222544242928,1.0,1094414.13,1196575.006464146,1196575.0064641458,-102160.87646414596,9.334754885168191
PROJ_1929,IT,Medium,-1,38530.647106037824,False,True,0.9578678115684592,0.9999999999999998,875987.41,914518.057106038,914518.0571060382,-38530.647106038174,4.398538913480294
PROJ_1930,IT,Medium,0,38337.06423657178,False,True,0.9262585064573552,1.0,481547.5,519884.5642365718,519884.5642365719,-38337.064236571896,7.9612217354615895
PROJ_1931,Marketing,Low,1,27944.68498294463,True,True,0.9536320351911756,0.9999999999999998,574727.55,602672.2349829447,602672.2349829448,-27944.684982944746,4.862249074878131
PROJ_1932,Manufacturing,Low,2,5813.957680496853,True,True,0.9945349161538524,1.0,1058022.91,1063836.8676804968,1063836.867680497,-5813.957680497086,0.5495115110973434
PROJ_1933,Construction,High,1,5643.540981699713,True,True,0.9976806386718012,0.9999999999999996,2427587.07,2433230.6109816995,2433230.6109817,-5643.540981700178,0.2324753271033108
PROJ_1934,IT,Medium,-1,24448.20688846568,False,True,0.978117108249962,1.0000000000000002,1092781.05,1117229.2568884655,1117229.2568884657,-24448.206888465676,2.2372466001735365
PROJ_1935,IT,Critical,1,32987.0035778702,True,True,0.9620242065789034,1.0000000000000002,835645.37,868632.3735778702,868632.37357787,-32987.00357786997,3.947488343993334
PROJ_1936,IT,Critical,0,45358.34437615844,False,True,0.9317847565704646,1.0,619571.4,664929.7443761585,664929.7443761585,-45358.344376158435,7.320922879293401
PROJ_1937,Construction,Low,0,180086.6022553856,False,True,0.915306033019321,1.0,1946234.89,2126321.492255385,2126321.4922553855,-180086.6022553856,9.25307644933781
PROJ_1938,Manufacturing,Low,1,42481.68104661908,True,True,0.9290945864283124,0.9999999999999998,556650.02,599131.7010466191,599131.7010466192,-42481.6810466192,7.631667927833577
PROJ_1939,Construction,High,1,75046.08681884513,True,True,0.9296329654043902,1.0000000000000002,991448.86,1066494.946818845,1066494.9468188446,-75046.08681884466,7.569335126255999
PROJ_1940,Marketing,Critical,3,-9687.476238558653,True,False,1.0115116234769994,1.0000000000000002,851226.14,841538.6637614414,841538.6637614411,9687.476238558884,-1.138061413217278
PROJ_1941,Construction,Low,1,41283.251390059246,True,True,0.966974679250313,0.9999999999999998,1208765.21,1250048.4613900592,1250048.4613900594,-41283.25139005948,3.415324253918549
PROJ_1942,Construction,Critical,-4,95133.72570397984,False,True,0.9713559508139916,1.0,3226105.01,3321238.73570398,3321238.735703981,-95133.72570398124,2.948872569525604
PROJ_1943,Construction,Low,9,93388.97768356744,True,True,0.9597478595491508,0.9999999999999996,2226710.69,2320099.6676835674,2320099.6676835674,-93388.97768356744,4.194032844184506
PROJ_1944,IT,Medium,1,11729.82293332438,True,True,0.9871657002639416,1.0,902213.53,913943.3529333244,913943.3529333245,-11729.822933324496,1.300116052718085
PROJ_1945,IT,High,0,-29038.409489877056,False,False,1.0523981854856033,1.0000000000000002,583225.72,554187.3105101229,554187.3105101229,29038.409489877056,-4.97893156870329
PROJ_1946,IT,High,1,45906.65763888077,True,True,0.9355002248788384,1.0,665826.95,711733.6076388807,711733.6076388808,-45906.65763888089,6.894683016192254
PROJ_1947,IT,High,0,-29.875979115488008,False,False,1.0000607102483716,0.9999999999999998,492137.55,492107.6740208845,492107.6740208846,29.875979115371592,-0.006070656286107734
PROJ_1948,R&D,Critical,2,393561.4668510244,True,True,0.8538585083630841,1.0,2299455.16,2693016.6268510246,2693016.6268510246,-393561.4668510244,17.115422544313688
PROJ_1949,Construction,Low,1,-17883.762040634174,True,False,1.0069842251673256,0.9999999999999998,2578477.33,2560593.567959366,2560593.5679593664,17883.76204063371,-0.6935784089532293
PROJ_1950,Construction,Critical,4,207100.59120666469,True,True,0.921987937293032,1.0,2447624.64,2654725.231206665,2654725.231206665,-207100.59120666469,8.461288868486987
PROJ_1951,Construction,Medium,3,10657.31226121867,True,True,0.9943944591967492,1.0,1890553.05,1901210.3622612187,1901210.3622612185,-10657.312261218438,0.5637140021655799
PROJ_1952,Healthcare,Medium,1,18995.527883745846,True,True,0.9586430931710104,1.0000000000000002,440311.74,459307.2678837458,459307.26788374584,-18995.527883745846,4.314108881981173
PROJ_1953,Marketing,Low,0,63765.75134695531,False,True,0.911143122799428,1.0,653857.39,717623.1413469553,717623.1413469551,-63765.751346955076,9.752241440133464
PROJ_1954,IT,Critical,4,125452.43715991126,True,True,0.9207170519013692,1.0000000000000002,1456885.76,1582338.1971599113,1582338.19715991,-125452.4371599101,8.611000299701612
PROJ_1955,Marketing,Critical,0,11063.321754359524,False,True,0.984502397670932,1.0000000000000004,702809.8,713873.1217543596,713873.1217543595,-11063.321754359407,1.5741558746561881
PROJ_1956,Construction,Critical,-2,206729.1242152094,False,True,0.8513981734435416,1.0,1184432.27,1391161.3942152094,1391161.3942152094,-206729.1242152094,17.45385780608708
PROJ_1957,Marketing,Medium,2,6104.981581297587,True,True,0.9907052361808902,1.0,650714.46,656819.4415812975,656819.4415812977,-6104.981581297703,0.9381966986407069
PROJ_1958,R&D,High,2,-32798.45767751918,True,False,1.023715270631939,1.0000000000000002,1415808.51,1383010.0523224808,1383010.0523224804,32798.45767751965,-2.316588539047533
PROJ_1959,IT,High,2,138710.6590838544,True,True,0.8939847186313234,1.0,1169691.84,1308402.4990838545,1308402.4990838545,-138710.6590838544,11.858735295943793
PROJ_1960,IT,Medium,1,-13386.096301052605,True,False,1.0156601893930182,0.9999999999999996,868171.18,854785.0836989474,854785.0836989477,13386.09630105237,-1.5418729173954344
PROJ_1961,IT,Medium,0,97126.18999841296,False,True,0.915917973550645,1.0,1058009.98,1155136.169998413,1155136.1699984132,-97126.1899984132,9.180082592265643
PROJ_1962,Marketing,High,1,84796.55362553569,True,True,0.9267391385192616,0.9999999999999996,1072663.95,1157460.5036255356,1157460.503625536,-84796.55362553615,7.905230116620975
PROJ_1963,IT,High,8,102528.8316008302,True,True,0.9336903899402116,1.0000000000000002,1443684.93,1546213.76160083,1546213.7616008297,-102528.83160082973,7.101884176406117
PROJ_1964,IT,Medium,2,7542.263964741491,True,True,0.9931971433170949,1.0,1101148.44,1108690.7039647414,1108690.7039647412,-7542.263964741258,0.6849452526801253
PROJ_1965,R&D,Critical,3,604.3270640927367,True,True,0.9996784117886048,1.0,1878591.0,1879195.3270640927,1879195.3270640927,-604.3270640927367,0.032169166364191926
PROJ_1966,Construction,Critical,-1,349.36400997661985,False,True,0.999811088007835,1.0,1848998.61,1849347.9740099767,1849347.9740099765,-349.364009976387,0.018894768664882176
PROJ_1967,Construction,Low,0,-16870.031335880514,False,False,1.0078683292381525,1.0000000000000002,2160912.41,2144042.37866412,2144042.378664119,16870.03133588098,-0.7806901963176276
PROJ_1968,IT,Low,1,18901.788917449885,True,True,0.9719813952908336,1.0,655713.85,674615.6389174499,674615.6389174497,-18901.78891744977,2.8826276763026693
PROJ_1969,Marketing,High,2,185346.7155676987,True,True,0.8513119887958018,1.0,1061201.1,1246547.8155676988,1246547.8155676988,-185346.7155676987,17.465748534156127
PROJ_1970,Manufacturing,Medium,2,32099.476234820904,True,True,0.9573653848570643,1.0000000000000002,720797.58,752897.0562348209,752897.0562348207,-32099.476234820788,4.453327414725892
PROJ_1971,IT,Low,0,5784.309261322254,False,True,0.98906939662649,1.0000000000000002,523400.5,529184.8092613223,529184.809261322,-5784.3092613220215,1.1051401864006667
PROJ_1972,Construction,Medium,0,156115.3944576322,False,True,0.9422118807194356,0.9999999999999998,2545398.28,2701513.674457632,2701513.6744576334,-156115.3944576336,6.133240353161298
PROJ_1973,Construction,Medium,-1,32529.792570712976,False,True,0.96742014955022,0.9999999999999998,965933.74,998463.532570713,998463.5325707129,-32529.79257071286,3.3677043490284193
PROJ_1974,Healthcare,Low,1,-3310.2755706140306,True,False,1.0053880624192806,1.0,617682.44,614372.1644293859,614372.1644293859,3310.2755706140306,-0.5359186786359073
PROJ_1975,Manufacturing,High,-1,-14892.470462004305,False,False,1.0194251354655333,1.0,781552.27,766659.7995379957,766659.7995379958,14892.470462004188,-1.9054989709138954
PROJ_1976,Construction,Critical,0,92901.95962856292,False,True,0.9652211519737598,1.0,2578318.19,2671220.149628563,2671220.1496285624,-92901.95962856244,3.60319994595246
PROJ_1977,IT,Critical,4,59766.728198381374,True,True,0.951355906226552,0.9999999999999996,1168886.61,1228653.3381983817,1228653.3381983822,-59766.72819838207,5.113133103507967
PROJ_1978,Healthcare,Low,1,66122.59312176052,True,True,0.8953774967257239,1.0000000000000004,565888.6,632011.1931217605,632011.1931217605,-66122.59312176052,11.684736734714312
PROJ_1979,Construction,High,1,161854.57193878246,True,True,0.8999233393346994,1.0,1455451.31,1617305.8819387823,1617305.8819387823,-161854.57193878223,11.120576196999831
PROJ_1980,Construction,Medium,0,31902.687696999405,False,True,0.9831364053057704,1.0,1859905.57,1891808.2576969997,1891808.257696999,-31902.68769699894,1.7152853462877118
PROJ_1981,R&D,Critical,0,-9175.617562422762,False,False,1.0064445943688596,1.0,1432945.22,1423769.6024375772,1423769.6024375772,9175.617562422762,-0.6403327520379852
PROJ_1982,IT,Low,-1,27719.695856452105,False,True,0.9651095978444062,1.0,766759.42,794479.1158564521,794479.1158564523,-27719.69585645222,3.6151751296974246
PROJ_1983,IT,Medium,2,-17396.806823788444,True,False,1.0131601827180372,1.0,1339324.26,1321927.4531762116,1321927.4531762116,17396.806823788444,-1.2989241920988157
PROJ_1984,Healthcare,High,0,86707.307482715,False,True,0.8866397617621272,1.0000000000000004,678175.59,764882.897482715,764882.897482715,-86707.307482715,12.785377232866049
PROJ_1985,R&D,High,0,106576.73498085514,False,True,0.9408403116374584,0.9999999999999996,1694932.67,1801509.404980855,1801509.404980855,-106576.73498085514,6.287962753166775
PROJ_1986,Construction,Medium,-1,28563.93055348692,False,True,0.9684688414556808,1.0000000000000002,877331.44,905895.3705534867,905895.3705534867,-28563.930553486804,3.2557741864906613
PROJ_1987,R&D,Medium,3,36251.49513439392,True,True,0.9722249617346348,0.9999999999999998,1268931.05,1305182.545134394,1305182.5451343947,-36251.495134394616,2.856853028727969
PROJ_1988,Construction,Medium,0,167288.71303980984,False,True,0.9402473093711904,0.9999999999999998,2632396.31,2799685.02303981,2799685.0230398094,-167288.71303980937,6.354997247348723
PROJ_1989,Manufacturing,High,0,25857.151656415663,False,True,0.9556630025520844,1.0000000000000002,557338.67,583195.8216564157,583195.8216564156,-25857.151656415546,4.639396662789529
PROJ_1990,Marketing,Critical,1,138627.90524882497,True,True,0.9040622651294392,1.0,1306349.98,1444977.885248825,1444977.8852488254,-138627.90524882544,10.611850374799673
PROJ_1991,Construction,Medium,1,78873.48861512425,True,True,0.954362864344898,1.0,1649400.81,1728274.2986151243,1728274.2986151248,-78873.48861512472,4.78194797389027
PROJ_1992,Healthcare,Critical,0,-6971.760793955065,False,False,1.00608989833311,0.9999999999999998,1151779.18,1144807.4192060449,1144807.419206045,6971.7607939548325,-0.6053035959509906
PROJ_1993,R&D,High,0,-28649.081718247267,False,False,1.0281283246527215,1.0,1047162.7,1018513.6182817528,1018513.6182817527,28649.081718247267,-2.735876833489893
PROJ_1994,Construction,Low,1,34195.876023762394,True,True,0.9725482887209296,1.0,1211477.87,1245673.7460237625,1245673.7460237625,-34195.876023762394,2.8226579181147065
PROJ_1995,R&D,Critical,2,91496.7317969217,True,True,0.951137052194008,1.0,1781020.91,1872517.6417969216,1872517.641796922,-91496.73179692216,5.1373193477510695
PROJ_1996,IT,Medium,1,25371.119710868108,True,True,0.9711108533086508,1.0,852852.11,878223.2297108681,878223.2297108677,-25371.11971086776,2.9748557121899784
PROJ_1997,Healthcare,Medium,0,71356.22560018499,False,True,0.8963359351596264,1.0,616984.77,688340.995600185,688340.9956001849,-71356.22560018487,11.5653139380061
PROJ_1998,IT,Medium,2,252905.44866154413,True,True,0.7944246275057374,1.0000000000000002,977326.78,1230232.2286615442,1230232.2286615437,-252905.44866154366,25.877265806790195
PROJ_1999,IT,Low,1,59171.08972751803,True,True,0.9238561792503124,1.0,717925.32,777096.409727518,777096.4097275179,-59171.089727517916,8.241956103110825
PROJ_2000,Healthcare,High,-1,62751.15067157632,False,True,0.8566868461392598,0.9999999999999996,375109.22,437860.3706715763,437860.3706715763,-62751.150671576324,16.728767869682418
PROJ_2001,IT,Critical,-1,20975.11278702342,False,True,0.9839290221610484,1.0000000000000002,1284179.62,1305154.7327870235,1305154.732787023,-20975.112787022954,1.6333472717019877
PROJ_2002,R&D,Medium,2,19484.843612998025,True,True,0.9826631643779576,1.0,1104413.66,1123898.503612998,1123898.503612998,-19484.843612998025,1.764270428618026
PROJ_2003,Healthcare,Medium,0,37532.594402757706,False,True,0.9284407758647748,1.0000000000000002,486964.35,524496.9444027577,524496.9444027577,-37532.594402757706,7.707462446225829
PROJ_2004,IT,High,1,38902.20552175003,True,True,0.9705900147304258,0.9999999999999996,1283852.81,1322755.01552175,1322755.01552175,-38902.20552175003,3.0301141391550974
PROJ_2005,Marketing,Medium,1,-12456.74268413434,True,False,1.03160822522272,1.0,406554.88,394098.13731586566,394098.13731586566,12456.74268413434,-3.063975688628886
PROJ_2006,Healthcare,Low,1,55119.91544087266,True,True,0.9285637533167334,1.0,716475.99,771595.9054408727,771595.9054408727,-55119.91544087266,7.693197847547224
PROJ_2007,Healthcare,Medium,0,16391.194644354633,False,True,0.97509481093046,1.0,641752.56,658143.7546443547,658143.7546443547,-16391.194644354633,2.5541299974486478
PROJ_2008,IT,High,2,98454.2545643074,True,True,0.9050200763343288,1.0,938125.38,1036579.6345643074,1036579.6345643073,-98454.25456430728,10.494786375389106
PROJ_2009,Manufacturing,Medium,4,202927.8288625914,True,True,0.8671732775475179,0.9999999999999992,1324835.75,1527763.5788625914,1527763.578862592,-202927.8288625921,15.317206594296092
PROJ_2010,IT,Medium,0,24975.36561318225,False,True,0.94398307567028,1.0,420878.56,445853.9256131823,445853.92561318225,-24975.36561318225,5.934102609831741
PROJ_2011,Marketing,High,1,18180.87969222723,True,True,0.9732769768903454,1.0,662164.29,680345.1696922273,680345.1696922273,-18180.87969222723,2.7456750487446597
PROJ_2012,Manufacturing,High,2,59871.314216888975,True,True,0.9601057989058822,0.9999999999999996,1440880.99,1500752.304216889,1500752.3042168892,-59871.31421688921,4.155188015693732
PROJ_2013,IT,Low,-1,-2518.891519622528,False,False,1.0032079901325888,1.0000000000000002,787711.93,785193.0384803775,785193.0384803776,2518.8915196224116,-0.3197731840398065
PROJ_2014,IT,High,2,59210.94137433532,True,True,0.9396228166578368,0.9999999999999998,921473.12,980684.0613743352,980684.0613743355,-59210.941374335554,6.425682973187059
PROJ_2015,Construction,Low,4,117188.90568405949,True,True,0.9448058263312682,1.0000000000000002,2006022.62,2123211.52568406,2123211.525684059,-117188.90568405902,5.8418536518825
PROJ_2016,R&D,Critical,-1,46030.95477546961,False,True,0.9770516270371172,1.0000000000000002,1959817.34,2005848.2947754697,2005848.29477547,-46030.95477546984,2.348736988696602
PROJ_2017,R&D,Critical,1,102435.08650734252,True,True,0.9506064052881178,1.0000000000000004,1971418.56,2073853.6465073423,2073853.6465073428,-102435.08650734276,5.196009035612546
PROJ_2018,IT,Medium,0,42638.35386666656,False,True,0.9607002529385622,1.0000000000000002,1042314.02,1084952.3738666666,1084952.3738666666,-42638.353866666555,4.090739743351677
PROJ_2019,Construction,High,1,185089.98662059568,True,True,0.9305686571969348,1.0000000000000004,2480708.76,2665798.7466205955,2665798.746620596,-185089.98662059614,7.461173580916293
PROJ_2020,Construction,Low,-3,160806.87640933204,False,True,0.9173805179395288,1.0000000000000002,1785548.54,1946355.416409332,1946355.4164093318,-160806.8764093318,9.006020996176996
PROJ_2021,IT,Medium,0,25167.60939174809,False,True,0.9718998537036432,0.9999999999999998,870472.19,895639.799391748,895639.7993917477,-25167.60939174774,2.8912594429636793
PROJ_2022,Construction,Medium,-1,9480.91237418889,False,True,0.9951158372444728,1.0000000000000002,1931673.15,1941154.0623741888,1941154.062374188,-9480.912374188192,0.4908134885132194
PROJ_2023,Construction,Critical,2,104711.1044437075,True,True,0.9540482207473026,0.9999999999999998,2174005.98,2278717.0844437075,2278717.0844437075,-104711.1044437075,4.816504894973081
PROJ_2024,Construction,High,4,75970.8261473889,True,True,0.960318319821103,1.0000000000000002,1838535.46,1914506.2861473889,1914506.2861473884,-75970.82614738843,4.1321382045787916
PROJ_2025,IT,Medium,4,66612.73583741602,True,True,0.9626028073223826,1.0,1714610.16,1781222.895837416,1781222.8958374155,-66612.73583741556,3.885007647301913
PROJ_2026,Manufacturing,Critical,-1,10973.885288907912,False,True,0.9796300901850846,1.0,527756.3,538730.185288908,538730.1852889077,-10973.88528890768,2.079347094275839
PROJ_2027,Healthcare,Medium,2,97716.3695740318,True,True,0.9148728674954334,1.0000000000000004,1050171.11,1147887.479574032,1147887.4795740317,-97716.36957403156,9.304804583134224
PROJ_2028,Marketing,High,1,37276.82099300274,True,True,0.9516725191876482,1.0,734061.15,771337.9709930028,771337.9709930028,-37276.82099300274,5.07816290141533
PROJ_2029,Manufacturing,High,0,39780.233288588,False,True,0.9400561927083296,1.0,623845.17,663625.403288588,663625.4032885882,-39780.23328858812,6.3766195847261455
PROJ_2030,IT,Medium,2,4597.583058797638,True,True,0.9932523613143756,1.0000000000000004,676764.19,681361.7730587976,681361.7730587971,-4597.583058797172,0.6793478624803084
PROJ_2031,Manufacturing,Low,1,-10660.143849409127,True,False,1.0355564686842318,1.0,310468.99,299808.84615059086,299808.84615059086,10660.143849409127,-3.4335615448773575
PROJ_2032,Healthcare,Critical,0,37112.76172403409,False,True,0.9671433693034392,1.0,1092423.68,1129536.441724034,1129536.4417240338,-37112.76172403386,3.397286456115073
PROJ_2033,Construction,Low,2,42822.51083047828,True,True,0.967807097059082,1.0,1287362.31,1330184.8208304783,1330184.820830478,-42822.510830478044,3.3263759935987283
PROJ_2034,R&D,High,1,488.1115952620749,True,True,0.99962062990692,1.0000000000000004,1286148.88,1286636.991595262,1286636.9915952615,-488.1115952616092,0.037951406936777746
PROJ_2035,Manufacturing,Medium,-1,53087.56345655769,False,True,0.9228688659391812,1.0000000000000002,635189.15,688276.7134565577,688276.7134565576,-53087.563456557575,8.357756655093617
PROJ_2036,R&D,High,1,-3319.792823970318,True,False,1.002037360721272,1.0000000000000002,1632777.35,1629457.5571760298,1629457.5571760298,3319.792823970318,-0.20332183221247632
PROJ_2037,Construction,High,2,179983.12546698586,True,True,0.8955345383931885,1.0,1542912.87,1722895.995466986,1722895.9954669857,-179983.12546698563,11.665151608138807
PROJ_2038,R&D,Critical,1,-83664.41663751914,True,False,1.0565245251788244,1.0,1563808.06,1480143.643362481,1480143.6433624807,83664.41663751937,-5.350043830668028
PROJ_2039,R&D,Critical,4,75759.63812165591,True,True,0.9403431804588972,1.0000000000000002,1194164.55,1269924.188121656,1269924.188121655,-75759.63812165498,6.344154004710237
PROJ_2040,Construction,High,0,73516.27753964742,False,True,0.935916574412212,1.0,1073680.16,1147196.437539647,1147196.4375396473,-73516.27753964742,6.847130111787426
PROJ_2041,Construction,Medium,-2,156062.46718416316,False,True,0.9311083208787228,1.0,2109268.69,2265331.157184163,2265331.157184163,-156062.46718416316,7.398889858084565
PROJ_2042,Manufacturing,Low,1,-7245.486034009547,True,False,1.01424127176214,1.0,516012.27,508766.7839659905,508766.78396599035,7245.486034009664,-1.404130571160578
PROJ_2043,Manufacturing,High,1,51339.96143112413,True,True,0.9174118885001578,1.0,570298.68,621638.6414311242,621638.6414311242,-51339.96143112413,9.002293575556607
PROJ_2044,Healthcare,High,3,19614.27413436817,True,True,0.975488566892079,1.0000000000000004,780594.92,800209.1941343682,800209.194134368,-19614.274134367937,2.512734022707698
PROJ_2045,IT,Critical,0,546.6106324113207,False,True,0.9990316114396832,1.0,563907.22,564453.8306324113,564453.8306324114,-546.6106324114371,0.09693272457327948
PROJ_2046,IT,Critical,3,179064.13682773605,True,True,0.8306596769437223,1.0000000000000004,878357.59,1057421.726827736,1057421.7268277358,-179064.1368277358,20.38624574619271
PROJ_2047,Marketing,Low,2,62023.040484729805,True,True,0.92698723086768,1.0000000000000002,787459.06,849482.1004847299,849482.1004847299,-62023.040484729805,7.876351119095613
PROJ_2048,IT,Medium,2,-14543.097885377822,True,False,1.015380969555576,1.0,960068.53,945525.4321146222,945525.4321146222,14543.097885377822,-1.5147978952479384
PROJ_2049,Healthcare,Medium,-1,92933.84091965503,False,True,0.8849302728760527,1.0,714696.83,807630.670919655,807630.6709196551,-92933.84091965517,13.003253550131902
PROJ_2050,Healthcare,Low,1,63635.298422740365,True,True,0.8678574057147472,0.9999999999999996,417930.08,481565.3784227404,481565.37842274044,-63635.29842274042,15.226302548680012
PROJ_2051,Construction,Low,0,162492.1228872016,False,True,0.9333388398689484,0.9999999999999998,2275091.06,2437583.1828872017,2437583.182887202,-162492.12288720207,7.142225018773625
PROJ_2052,Construction,High,-2,104676.8520240616,False,True,0.9491800132433068,1.0000000000000002,1955080.71,2059757.5620240616,2059757.5620240613,-104676.85202406137,5.354093643738185
PROJ_2053,R&D,High,5,213157.0282282452,True,True,0.9124211444421668,0.9999999999999998,2220729.86,2433886.888228245,2433886.8882282455,-213157.02822824568,9.598512275970645
PROJ_2054,R&D,High,4,23853.67753665475,True,True,0.9727363577894336,0.9999999999999998,851072.62,874926.2975366547,874926.297536655,-23853.677536654985,2.802778162062714
PROJ_2055,Construction,Critical,2,165900.14161544177,True,True,0.9235075746954364,1.0000000000000002,2002943.91,2168844.0516154417,2168844.051615441,-165900.1416154413,8.282815149598537
PROJ_2056,IT,Medium,1,109977.443286226,True,True,0.8979755278892384,1.0,967974.16,1077951.603286226,1077951.6032862263,-109977.44328622625,11.36160941385318
PROJ_2057,Marketing,Low,2,6267.227645418025,True,True,0.9886548657441996,1.0,546148.24,552415.467645418,552415.467645418,-6267.227645418025,1.1475323339718215
PROJ_2058,R&D,High,2,453482.5666068671,True,True,0.8422131209818658,1.0000000000000002,2420536.93,2874019.4966068678,2874019.496606867,-453482.56660686666,18.73479230936033
PROJ_2059,Healthcare,Medium,0,203262.37744034035,False,True,0.7970143625089587,1.0000000000000002,798100.97,1001363.3474403404,1001363.3474403406,-203262.37744034058,25.46825340161416
PROJ_2060,Construction,Medium,-2,81366.13182279374,False,True,0.966128611434358,1.0000000000000002,2320842.2,2402208.331822794,2402208.3318227925,-81366.13182279235,3.505888156583517
PROJ_2061,IT,Medium,0,12655.62025303091,False,True,0.9674024292286616,1.0000000000000002,375582.52,388238.1402530309,388238.140253031,-12655.620253030967,3.3695977792126657
PROJ_2062,Construction,Critical,1,622.2235395630123,True,True,0.9993858854582424,1.0000000000000002,1012582.15,1013204.373539563,1013204.3735395632,-622.2235395631287,0.061449191017551384
PROJ_2063,IT,Critical,3,94726.43601034372,True,True,0.924599202132622,0.9999999999999996,1161579.05,1256305.4860103438,1256305.486010344,-94726.43601034395,8.154971115426363
PROJ_2064,Construction,Medium,0,282953.89697512053,False,True,0.8932838122866414,1.0000000000000004,2368507.92,2651461.8169751205,2651461.8169751195,-282953.8969751196,11.946504150812364
PROJ_2065,IT,Medium,0,-8406.64208859927,False,False,1.010167736465042,1.0000000000000009,835202.47,826795.8279114007,826795.8279114006,8406.642088599387,-1.0065394189506391
PROJ_2066,IT,Critical,2,67576.86326784908,True,True,0.9011957103014224,0.9999999999999996,616369.79,683946.6532678491,683946.6532678492,-67576.8632678492,10.963688416307555
PROJ_2067,Marketing,Critical,1,15085.948907673244,True,True,0.9768623896426544,1.0000000000000004,636923.86,652009.8089076732,652009.8089076731,-15085.948907673126,2.3685639454099157
PROJ_2068,Manufacturing,Low,0,43926.500590543495,False,True,0.9308921234190182,1.0000000000000002,591695.7,635622.2005905434,635622.2005905433,-43926.50059054338,7.423832992286979
PROJ_2069,IT,Medium,-1,77071.13585298462,False,True,0.9097771333402782,1.0,777159.49,854230.6258529846,854230.6258529845,-77071.1358529845,9.91702949583547
PROJ_2070,Marketing,High,2,78143.92343774508,True,True,0.8450815465636932,1.0,426275.8,504419.72343774507,504419.72343774507,-78143.92343774508,18.33177568084913
PROJ_2071,R&D,High,3,172522.20799840754,True,True,0.9395318249008604,1.0000000000000002,2680585.36,2853107.5679984074,2853107.567998408,-172522.207998408,6.435990085330019
PROJ_2072,Manufacturing,Medium,1,89310.36284010496,True,True,0.9003521450554753,1.0,806949.4,896259.762840105,896259.7628401049,-89310.36284010485,11.067653416695626
PROJ_2073,Healthcare,Low,1,50693.84473999229,True,True,0.94333527692931,1.0000000000000002,843934.1,894627.9447399923,894627.9447399923,-50693.84473999229,6.00684872669469
PROJ_2074,Construction,Medium,0,26432.75045504514,False,True,0.973940127246112,1.0000000000000002,987875.75,1014308.5004550453,1014308.5004550454,-26432.750455045374,2.675716096386147
PROJ_2075,Manufacturing,High,1,49485.9250579701,True,True,0.9242425094031208,0.9999999999999998,603729.02,653214.9450579701,653214.9450579701,-49485.925057970104,8.196711342113403
PROJ_2076,R&D,Critical,4,98670.0351671169,True,True,0.9389814431039905,1.0000000000000002,1518379.6,1617049.635167117,1617049.6351671163,-98670.0351671162,6.49837729426266
PROJ_2077,Construction,Medium,0,195803.63343493151,False,True,0.8825088781668854,1.0000000000000002,1470736.19,1666539.8234349317,1666539.8234349308,-195803.63343493082,13.313307632345051
PROJ_2078,Marketing,Medium,2,36800.421650856384,True,True,0.9533901559415664,1.0,752741.41,789541.8316508564,789541.8316508565,-36800.4216508565,4.888853085796954
PROJ_2079,Construction,Critical,3,76998.58019443043,True,True,0.9495992667326344,0.9999999999999996,1450728.8,1527727.3801944305,1527727.3801944307,-76998.58019443066,5.3075792108373845
PROJ_2080,IT,High,1,-15927.077684748105,True,False,1.0348759543739725,1.0000000000000004,472604.98,456677.9023152519,456677.90231525176,15927.07768474822,-3.3700613321400508
PROJ_2081,Construction,Critical,0,133108.94618262816,False,True,0.9233271755107972,0.9999999999999996,1602955.26,1736064.2061826282,1736064.2061826277,-133108.9461826277,8.303971389858237
PROJ_2082,Manufacturing,Low,0,24434.04124866554,False,True,0.9562921455789132,0.9999999999999998,534596.86,559030.9012486655,559030.9012486656,-24434.041248665657,4.57055457614653
PROJ_2083,Manufacturing,High,-1,78232.33533763268,False,True,0.914114193689399,1.0,832655.49,910887.8253376328,910887.8253376324,-78232.33533763245,9.395522671403086
PROJ_2084,Manufacturing,High,1,44004.25716104114,True,True,0.9242819237502892,1.0,537154.95,581159.2071610411,581159.2071610412,-44004.257161041256,8.19209748714803
PROJ_2085,IT,High,3,139854.4317898833,True,True,0.8544506836580104,0.9999999999999996,821018.73,960873.1617898832,960873.1617898835,-139854.43178988353,17.034255940772937
PROJ_2086,Construction,Critical,-1,217192.6446146667,False,True,0.9145260757562734,1.0,2323847.17,2541039.8146146666,2541039.814614667,-217192.64461466717,9.346253377525992
PROJ_2087,Healthcare,Medium,2,73910.40597063291,True,True,0.9021395643078371,1.0000000000000002,681353.0,755263.4059706329,755263.405970633,-73910.40597063303,10.847593827374801
PROJ_2088,R&D,Low,1,18039.465722886147,True,True,0.9854274646728424,0.9999999999999998,1219869.06,1237908.5257228862,1237908.5257228864,-18039.46572288638,1.478803448206677
PROJ_2089,Construction,Medium,2,150816.3347212926,True,True,0.906859355590926,1.0,1468415.91,1619232.2447212923,1619232.2447212925,-150816.3347212926,10.270682420029937
PROJ_2090,IT,Medium,0,20934.062194575148,False,True,0.9551073204078766,1.0,445379.43,466313.4921945752,466313.4921945752,-20934.062194575206,4.700275941027453
PROJ_2091,IT,High,2,41600.7285967333,True,True,0.9441279096642332,1.0,702970.1,744570.8285967333,744570.8285967334,-41600.72859673342,5.917851782989549
PROJ_2092,R&D,Critical,1,240440.5708430652,True,True,0.8831884968165148,1.0,1817923.24,2058363.810843065,2058363.8108430654,-240440.5708430654,13.22611238762014
PROJ_2093,Construction,High,2,175828.38114904985,True,True,0.9301887486553544,1.0,2342796.88,2518625.2611490497,2518625.2611490497,-175828.38114904985,7.505062971957255
PROJ_2094,IT,Critical,2,110107.57326193377,True,True,0.90274511694851,1.0,1022047.13,1132154.7032619338,1132154.7032619338,-110107.57326193375,10.773238339990618
PROJ_2095,Marketing,Medium,1,120132.15563058318,True,True,0.8245870431463219,1.0,564721.22,684853.3756305831,684853.3756305833,-120132.1556305833,21.272824780797738
PROJ_2096,IT,High,2,-25220.11755821668,True,False,1.0296372917534278,1.0000000000000004,876179.03,850958.9124417834,850958.9124417834,25220.117558216676,-2.878420584685378
PROJ_2097,R&D,High,2,-48124.1221512272,True,False,1.019562473963472,1.0000000000000002,2508146.42,2460022.2978487727,2460022.2978487727,48124.1221512272,-1.9187126304702418
PROJ_2098,R&D,Critical,0,-34328.46272565052,False,False,1.0296792580770926,0.9999999999999998,1190976.74,1156648.2772743497,1156648.27727435,34328.46272565005,-2.8823789392939827
PROJ_2099,IT,Medium,4,63457.459722854896,True,True,0.9488531658779747,0.9999999999999996,1177234.38,1240691.8397228548,1240691.839722855,-63457.45972285513,5.390384514836811
PROJ_2100,IT,Low,1,-32862.386609663256,True,False,1.0624261334545273,1.0,559282.73,526420.3433903367,526420.3433903367,32862.386609663256,-5.875809290528827
PROJ_2101,Manufacturing,Medium,0,-58545.79034722166,False,False,1.0770805004528403,1.0000000000000002,818086.66,759540.8696527784,759540.8696527784,58545.79034722166,-7.1564289224837925
PROJ_2102,IT,Critical,1,109701.95206230658,True,True,0.8883806475834957,1.0,873120.02,982821.9720623066,982821.9720623064,-109701.95206230634,12.564361090048804
PROJ_2103,Marketing,Low,0,47817.76457500481,False,True,0.9555049199683496,1.0,1026857.56,1074675.3245750049,1074675.3245750046,-47817.76457500458,4.6567086261705635
PROJ_2104,Construction,Low,2,134479.14608621737,True,True,0.945965390638031,0.9999999999999998,2354280.33,2488759.476086217,2488759.4760862174,-134479.14608621737,5.712112715405364
PROJ_2105,Construction,Medium,0,83916.80391270621,False,True,0.9446538600264224,1.0000000000000002,1432301.02,1516217.8239127062,1516217.823912706,-83916.80391270597,5.85888041277147
PROJ_2106,IT,High,1,-24382.92906139558,True,False,1.026816279833556,0.9999999999999998,933641.38,909258.4509386044,909258.4509386047,24382.92906139535,-2.611594728309423
PROJ_2107,Manufacturing,Critical,1,90981.75510729768,True,True,0.8965045058704004,1.0000000000000002,788107.29,879089.0451072977,879089.0451072976,-90981.75510729756,11.54433619149717
PROJ_2108,Construction,Medium,1,-71578.79574952926,True,False,1.035232325236482,1.0000000000000002,2103201.61,2031622.8142504704,2031622.8142504706,71578.79574952926,-3.4033254543547664
PROJ_2109,Construction,High,0,211001.5435851498,False,True,0.9048202333977932,1.0000000000000002,2005872.39,2216873.9335851497,2216873.9335851506,-211001.54358515074,10.51919078387388
PROJ_2110,IT,Low,1,23344.820263725123,True,True,0.955756162379078,1.0000000000000004,504295.22,527640.0402637251,527640.040263725,-23344.820263725007,4.62919721184845
PROJ_2111,Healthcare,Low,2,22863.78983871161,True,True,0.9660471448515444,0.9999999999999998,650534.36,673398.1498387116,673398.1498387117,-22863.78983871173,3.5146167896053537
PROJ_2112,IT,Medium,3,92367.02907081926,True,True,0.9145434814426926,0.9999999999999998,988498.78,1080865.8090708193,1080865.8090708195,-92367.0290708195,9.344172288287448
PROJ_2113,Healthcare,Medium,-2,46815.40381466376,False,True,0.956937683104888,1.0,1040339.38,1087154.7838146638,1087154.783814664,-46815.403814663994,4.500012660739998
PROJ_2114,R&D,Medium,0,48770.766399457934,False,True,0.9513732512671816,1.0,954190.93,1002961.696399458,1002961.6963994578,-48770.7663994577,5.111216724671413
PROJ_2115,Marketing,Medium,0,64650.0913116294,False,True,0.9113692376542613,1.0,664781.65,729431.7413116294,729431.7413116294,-64650.091311629396,9.725011409630424
PROJ_2116,R&D,Medium,1,55733.04297046736,True,True,0.9539507254271916,1.0000000000000002,1154558.4,1210291.4429704673,1210291.4429704675,-55733.04297046759,4.827217312737718
PROJ_2117,IT,Medium,0,-81.81012954376638,False,False,1.0001020323812386,1.0,801887.36,801805.5498704562,801805.5498704563,81.81012954364996,-0.010202197169394212
PROJ_2118,IT,Critical,1,67770.67121978314,True,True,0.9268464713043668,1.0000000000000002,858646.31,926416.9812197832,926416.9812197833,-67770.67121978325,7.892734229508684
PROJ_2119,Healthcare,Low,1,3555.4477104755933,True,True,0.9878001941346624,1.0,287879.33,291434.7777104756,291434.77771047567,-3555.4477104756515,1.2350479315328584
PROJ_2120,Manufacturing,High,2,-2099.8641545033897,True,False,1.0046990011694676,0.9999999999999998,448974.44,446874.5758454966,446874.57584549667,2099.8641545033315,-0.46770238290253935
PROJ_2121,IT,Medium,1,2598.186275262735,True,True,0.9960121208557592,1.0000000000000002,648922.63,651520.8162752627,651520.8162752629,-2598.1862752628513,0.40038459981937313
PROJ_2122,IT,Medium,3,130147.70976212132,True,True,0.9035001802794592,1.0,1218535.74,1348683.4497621213,1348683.4497621218,-130147.70976212178,10.680664135638876
PROJ_2123,IT,High,2,37200.94026933133,True,True,0.9341818466238628,0.9999999999999998,528006.96,565207.9002693313,565207.9002693313,-37200.94026933133,7.045539753743271
PROJ_2124,IT,Low,1,9277.888982948032,True,True,0.9834999388758976,0.9999999999999998,553016.33,562294.218982948,562294.218982948,-9277.888982948032,1.6776880680807442
PROJ_2125,IT,High,2,11523.29545154306,True,True,0.9896998492564332,1.0,1107226.88,1118750.175451543,1118750.1754515427,-11523.295451542828,1.0407347996774454
PROJ_2126,IT,Low,2,191603.43956298984,True,True,0.8330096765965647,1.0000000000000002,955789.03,1147392.46956299,1147392.4695629901,-191603.4395629901,20.046624678564275
PROJ_2127,IT,High,1,-1177.057440345874,True,False,1.00146041572149,1.0,807151.29,805974.2325596542,805974.2325596542,1177.057440345874,-0.14582860176632734
PROJ_2128,Marketing,Medium,0,50665.91447704809,False,True,0.932509072813693,1.0,700041.13,750707.0444770481,750707.0444770482,-50665.91447704821,7.237562523940301
PROJ_2129,R&D,Medium,1,152214.09007928355,True,True,0.9187213197397556,0.9999999999999998,1720529.04,1872743.130079284,1872743.1300792834,-152214.09007928334,8.846935247270418
PROJ_2130,Marketing,Medium,0,-21095.637947504525,False,False,1.0207375198089828,1.0,1038364.73,1017269.0920524956,1017269.0920524955,21095.637947504525,-2.0316211960998065
PROJ_2131,IT,Medium,0,68044.77490372455,False,True,0.893631361417693,0.9999999999999998,571662.34,639707.1149037245,639707.1149037246,-68044.77490372467,11.902966164208872
PROJ_2132,R&D,Medium,0,118736.46210288396,False,True,0.937212716698478,1.0000000000000002,1772354.47,1891090.932102884,1891090.9321028828,-118736.4621028828,6.699363141667863
PROJ_2133,R&D,Critical,6,139995.99781586626,True,True,0.9326060214548588,1.0,1937281.54,2077277.5378158663,2077277.5378158663,-139995.99781586626,7.2264146911690625
PROJ_2134,Healthcare,Critical,0,36054.34904645023,False,True,0.9541873335034208,1.0,750940.86,786995.2090464502,786995.2090464507,-36054.34904645069,4.801223500669638
PROJ_2135,R&D,Medium,4,158965.09378460795,True,True,0.9334288540879137,1.0000000000000004,2228932.72,2387897.813784608,2387897.813784607,-158965.09378460702,7.131892872235595
PROJ_2136,IT,Medium,2,227772.2146032052,True,True,0.7491551223673619,1.0,680247.98,908020.1946032052,908020.1946032052,-227772.2146032052,33.48370319353322
PROJ_2137,Healthcare,Medium,0,23666.62706548255,False,True,0.9208916798355696,0.9999999999999998,275500.73,299167.35706548253,299167.35706548265,-23666.627065482666,8.590404484765854
PROJ_2138,Construction,High,1,26345.20914876461,True,True,0.9791462033734312,0.9999999999999998,1236983.94,1263329.1491487646,1263329.1491487646,-26345.20914876461,2.1297939526009215
PROJ_2139,Marketing,Critical,2,162584.7773914598,True,True,0.9013834452486094,1.0000000000000002,1486071.25,1648656.0273914598,1648656.02739146,-162584.77739146003,10.940577539028498
PROJ_2140,Marketing,Critical,0,-317.7140863407403,False,False,1.000584005682833,1.0,544343.39,544025.6759136593,544025.6759136594,317.7140863406239,-0.058366481926165004
PROJ_2141,Manufacturing,High,3,109167.8055016622,True,True,0.9196405771323004,1.0000000000000002,1249326.34,1358494.1455016625,1358494.1455016623,-109167.8055016622,8.738133665032803
PROJ_2142,IT,Critical,1,157199.45425177692,True,True,0.8950882715429589,1.0,1341197.88,1498397.3342517768,1498397.3342517766,-157199.45425177668,11.720824838447903
PROJ_2143,IT,Medium,1,36108.67564466573,True,True,0.962397724977438,1.0,924170.34,960279.0156446656,960279.0156446658,-36108.67564466584,3.907145044783177
PROJ_2144,Healthcare,High,3,54913.35186278797,True,True,0.9561607423658268,1.0000000000000002,1197693.44,1252606.791862788,1252606.791862788,-54913.35186278797,4.584925493353956
PROJ_2145,R&D,High,1,238572.7351294239,True,True,0.8899586723306565,1.0000000000000002,1929455.77,2168028.505129424,2168028.505129424,-238572.7351294239,12.364768285381524
PROJ_2146,IT,Low,0,-20304.48843849264,False,False,1.0354038249879003,1.0000000000000002,593815.64,573511.1515615074,573511.1515615073,20304.488438492757,-3.419325304145367
PROJ_2147,R&D,Critical,1,-20681.1469209739,True,False,1.012758563511371,1.0000000000000004,1641643.17,1620962.023079026,1620962.0230790258,20681.146920974134,-1.2597833255672812
PROJ_2148,Manufacturing,High,0,45354.94076772733,False,True,0.9511121552110904,1.0,882379.57,927734.5107677272,927734.5107677276,-45354.940767727676,5.140071496411423
PROJ_2149,Marketing,Medium,-1,55838.77848650259,False,True,0.9442950842411008,1.0,946564.29,1002403.0684865026,1002403.0684865027,-55838.778486502706,5.899100470661396
PROJ_2150,Construction,High,1,88764.26696458901,True,True,0.932008054704188,0.9999999999999996,1216747.24,1305511.506964589,1305511.5069645895,-88764.26696458948,7.295210052384378
PROJ_2151,Manufacturing,Medium,3,-37133.724816898,True,False,1.0430669702079147,0.9999999999999998,899365.84,862232.115183102,862232.115183102,37133.724816898,-4.128878723801429
PROJ_2152,Manufacturing,Critical,0,132585.47493268352,False,True,0.8849145213423378,1.0000000000000002,1019475.38,1152060.8549326835,1152060.8549326833,-132585.47493268328,13.005265015098576
PROJ_2153,R&D,High,2,63659.44943646295,True,True,0.973700369790506,0.9999999999999996,2356885.97,2420545.419436463,2420545.4194364636,-63659.449436463416,2.7009982768264096
PROJ_2154,Construction,High,2,49110.61427444941,True,True,0.9705869157248026,1.0,1620575.36,1669685.9742744495,1669685.9742744495,-49110.614274449414,3.0304431059873336
PROJ_2155,Healthcare,Medium,1,4661.277901819092,True,True,0.995534445896204,1.0000000000000002,1039168.4,1043829.6779018192,1043829.6779018185,-4661.27790181851,0.44855847250729625
PROJ_2156,IT,Medium,2,5774.290175252303,True,True,0.98618872974503,1.0000000000000002,412311.09,418085.3801752523,418085.3801752523,-5774.290175252303,1.4004692852797878
PROJ_2157,Manufacturing,Critical,1,118744.30916591243,True,True,0.905518527280708,1.0000000000000009,1138055.63,1256799.9391659123,1256799.9391659119,-118744.30916591198,10.433963510721528
PROJ_2158,R&D,Medium,0,-89206.94096753886,False,False,1.0424552598300625,0.9999999999999998,2190405.74,2101198.7990324614,2101198.799032462,89206.9409675384,-4.072621767670239
PROJ_2159,Marketing,Medium,-1,128964.7515018296,False,True,0.9021883419420756,1.0000000000000002,1189536.07,1318500.8215018297,1318500.8215018294,-128964.75150182936,10.84160075127687
PROJ_2160,R&D,High,4,286138.206052969,True,True,0.8737849596598106,1.0000000000000002,1980930.8,2267069.006052969,2267069.0060529686,-286138.2060529685,14.44463411104358
PROJ_2161,Healthcare,Medium,1,3529.675825450337,True,True,0.9926069798481636,1.0000000000000002,473903.87,477433.54582545033,477433.5458254503,-3529.6758254502784,0.7448083986843742
PROJ_2162,R&D,Critical,-1,313728.82723075314,False,True,0.7874872661943898,1.0,1162553.66,1476282.487230753,1476282.487230753,-313728.82723075314,26.98618033947381
PROJ_2163,IT,Critical,2,31587.873988201027,True,True,0.9650613642394326,1.0,872507.93,904095.8039882012,904095.8039882012,-31587.873988201143,3.6203537987558625
PROJ_2164,Marketing,High,0,-10216.936061588116,False,False,1.0162690511830774,1.0,638215.21,627998.2739384118,627998.2739384116,10216.936061588349,-1.6008606347047654
PROJ_2165,IT,Low,2,56507.78636966436,True,True,0.9298819108243924,0.9999999999999992,749386.77,805894.5563696644,805894.5563696648,-56507.78636966483,7.540536960595771
PROJ_2166,IT,Low,0,-28578.02402882744,False,False,1.0284283978100188,0.9999999999999996,1033841.29,1005263.2659711726,1005263.2659711728,28578.024028827203,-2.764256400402348
PROJ_2167,IT,Medium,1,85775.78795349132,True,True,0.9180888167274828,1.0,961404.64,1047180.4279534912,1047180.4279534915,-85775.78795349144,8.921923650534017
PROJ_2168,IT,Medium,-1,4644.134398109163,False,True,0.9954890968601098,0.9999999999999996,1024891.25,1029535.3843981092,1029535.3843981095,-4644.134398109512,0.45313435919269607
PROJ_2169,Healthcare,High,-1,-93132.69499938936,False,False,1.124601999742432,1.0000000000000002,840574.11,747441.4150006106,747441.4150006109,93132.69499938912,-11.079653048008952
PROJ_2170,IT,High,3,-5984.552826727042,True,False,1.0038451089535012,1.0,1562391.12,1556406.567173273,1556406.567173274,5984.552826726111,-0.38303807222906583
PROJ_2171,R&D,Low,-1,8884.25220723031,False,True,0.9928818903320492,1.0,1239235.35,1248119.6022072304,1248119.6022072302,-8884.252207230078,0.716914039551089
PROJ_2172,Construction,Low,0,-1485.1107061468065,False,False,1.0010068930603668,1.0000000000000002,1476428.94,1474943.8292938531,1474943.8292938531,1485.1107061468065,-0.10058802465270063
PROJ_2173,Construction,Critical,3,86947.90431630332,True,True,0.9710224667643168,0.9999999999999992,2913580.25,3000528.154316304,3000528.154316304,-86947.90431630379,2.984228916169506
PROJ_2174,Construction,High,2,383972.5812614071,True,True,0.856902716175583,1.0,2299324.9,2683297.481261407,2683297.4812614066,-383972.58126140665,16.699361680526604
PROJ_2175,R&D,High,5,78601.80673226854,True,True,0.9481508745171844,1.0,1437369.89,1515971.6967322684,1515971.6967322682,-78601.8067322683,5.468446728925726
PROJ_2176,Construction,High,0,106760.88916214788,False,True,0.9196515927385186,1.0000000000000009,1221963.51,1328724.399162148,1328724.3991621474,-106760.88916214742,8.736831197369177
PROJ_2177,Construction,Medium,0,26592.295118148904,False,True,0.9758690618982792,1.0000000000000002,1075407.76,1102000.055118149,1102000.055118149,-26592.295118148904,2.4727639233465175
PROJ_2178,Manufacturing,Low,1,38212.7458154902,True,True,0.9045002677346398,1.0000000000000004,361921.84,400134.5858154902,400134.58581549017,-38212.74581549014,10.55828678796785
PROJ_2179,Healthcare,Medium,0,-63578.55879332614,False,False,1.0856157829770017,1.0,806181.81,742603.2512066739,742603.2512066737,63578.558793326374,-7.8863797228724835
PROJ_2180,IT,Medium,2,178852.58297952497,True,True,0.8297582244058366,1.0,871727.29,1050579.872979525,1050579.872979525,-178852.58297952497,20.51703382826583
PROJ_2181,Construction,Medium,0,-31330.505587960128,False,False,1.0137103805670535,1.0,2316497.24,2285166.73441204,2285166.73441204,31330.505587960128,-1.3524948377646295
PROJ_2182,Construction,Low,1,81098.0211545981,True,True,0.952726237390172,1.0000000000000002,1634399.47,1715497.491154598,1715497.4911545978,-81098.02115459787,4.961946124138052
PROJ_2183,Manufacturing,Critical,0,16531.73624326475,False,True,0.9753685819496888,1.0000000000000004,654632.88,671164.6162432648,671164.6162432645,-16531.736243264517,2.5253446241906636
PROJ_2184,Manufacturing,Medium,3,47955.49752130511,True,True,0.9348368647099146,0.9999999999999998,687974.37,735929.8675213051,735929.8675213055,-47955.49752130546,6.970535475224965
PROJ_2185,IT,High,1,229047.05127857323,True,True,0.8490021941898508,1.0000000000000004,1287842.88,1516889.931278573,1516889.9312785724,-229047.05127857253,17.78532574397372
PROJ_2186,Manufacturing,High,1,80928.22270816378,True,True,0.92909998233273,0.9999999999999998,1060513.28,1141441.5027081638,1141441.502708164,-80928.22270816402,7.631042838818955
PROJ_2187,IT,Critical,2,161684.21673808945,True,True,0.8790361054545254,1.0,1174947.82,1336632.0367380895,1336632.0367380893,-161684.21673808922,13.760969975508292
PROJ_2188,Marketing,Low,1,75655.72772884171,True,True,0.8949544988624333,0.9999999999999998,644562.91,720218.6377288417,720218.6377288419,-75655.72772884183,11.737524228448363
PROJ_2189,Marketing,Medium,7,218772.43032586455,True,True,0.84622266139403,0.9999999999999996,1203884.72,1422657.1503258646,1422657.1503258648,-218772.4303258648,18.172207578634676
PROJ_2190,IT,Medium,4,204450.65590664416,True,True,0.8878103986756898,1.0000000000000002,1617916.6,1822367.2559066445,1822367.2559066436,-204450.6559066435,12.63666223009539
PROJ_2191,R&D,Medium,2,-60046.906231271336,True,False,1.0448922972407513,1.0000000000000002,1397623.95,1337577.0437687286,1337577.0437687289,60046.9062312711,-4.296356414847578
PROJ_2192,Construction,Medium,3,104159.0354951641,True,True,0.9253238760350184,0.9999999999999998,1290651.38,1394810.415495164,1394810.4154951642,-104159.03549516434,8.070268789017554
PROJ_2193,IT,High,2,19745.735460517928,True,True,0.9775982571262708,1.0,861691.73,881437.4654605179,881437.465460518,-19745.735460518044,2.291508061765667
PROJ_2194,R&D,Medium,3,89321.22129861987,True,True,0.9257884635703924,1.0000000000000002,1114281.69,1203602.9112986198,1203602.9112986194,-89321.2212986194,8.016035989841978
PROJ_2195,Healthcare,Low,0,-3547.043249323848,False,False,1.005446411537292,0.9999999999999996,654809.48,651262.4367506761,651262.4367506761,3547.0432493238477,-0.5416908822584315
PROJ_2196,Manufacturing,Low,1,-48791.07609905745,True,False,1.0491494946652145,0.9999999999999998,1041498.66,992707.5839009426,992707.5839009427,48791.07609905733,-4.6846988837275445
PROJ_2197,Manufacturing,Critical,-1,5666.513116006041,False,True,0.987646776993429,1.0000000000000002,453040.75,458707.2631160061,458707.26311600587,-5666.513116005866,1.2507733831903347
PROJ_2198,Construction,Critical,-2,-17317.89211062272,False,False,1.0131892892757095,1.0,1330344.83,1313026.9378893774,1313026.937889378,17317.892110622022,-1.301759643071039
PROJ_2199,IT,Critical,0,130739.02133005344,False,True,0.9027023589885912,1.0000000000000002,1212962.84,1343701.8613300535,1343701.8613300535,-130739.02133005345,10.778485293914976
PROJ_2200,IT,Critical,-2,84549.70325880242,False,True,0.9449255467449564,1.0000000000000004,1450639.45,1535189.1532588024,1535189.1532588017,-84549.70325880172,5.828443674188078
PROJ_2201,R&D,High,0,26746.43444194435,False,True,0.9767144227662076,0.9999999999999996,1121880.21,1148626.6444419443,1148626.6444419448,-26746.434441944817,2.3840722212173455
PROJ_2202,IT,Medium,0,815.4921174717601,False,True,0.9985669033713488,1.0000000000000004,568226.47,569041.9621174717,569041.9621174716,-815.4921174716437,0.14351533420673693
PROJ_2203,Construction,Low,0,51551.659762809984,False,True,0.9677707841878128,0.9999999999999996,1547980.27,1599531.92976281,1599531.9297628098,-51551.65976280975,3.3302530246596587
PROJ_2204,IT,Medium,2,18011.552034259308,True,True,0.9838908874716789,0.9999999999999998,1100085.55,1118097.1020342594,1118097.1020342598,-18011.552034259774,1.6372864850610729
PROJ_2205,Marketing,Critical,0,139646.78005275223,False,True,0.8532260609417454,1.0000000000000002,811794.47,951441.2500527522,951441.2500527522,-139646.78005275223,17.202233473301714
PROJ_2206,Manufacturing,Medium,0,190987.59997206772,False,True,0.8278365346742409,1.0,918351.13,1109338.7299720678,1109338.7299720678,-190987.59997206775,20.796794791559492
PROJ_2207,IT,Medium,1,25518.229482758907,True,True,0.9619750199340612,1.0,645572.97,671091.1994827589,671091.1994827589,-25518.229482758907,3.9528032722248128
PROJ_2208,IT,Medium,2,60817.5561889658,True,True,0.9344120382763044,1.0000000000000004,866449.5,927267.0561889658,927267.0561889658,-60817.5561889658,7.0191691713095565
PROJ_2209,Manufacturing,High,0,62089.53858128947,False,True,0.9091490701586548,1.0000000000000002,621332.62,683422.1585812895,683422.1585812895,-62089.53858128947,9.992962961012648
PROJ_2210,IT,High,2,70851.74858537177,True,True,0.9565597160489242,0.9999999999999996,1560163.11,1631014.858585372,1631014.8585853723,-70851.74858537223,4.541303927213882
PROJ_2211,IT,Medium,4,269393.5301167567,True,True,0.8300259429312271,0.9999999999999998,1315516.16,1584909.6901167566,1584909.6901167566,-269393.5301167567,20.47816197991492
PROJ_2212,R&D,Critical,-1,155196.3365979928,False,True,0.908062948894498,1.0,1532875.39,1688071.7265979927,1688071.7265979925,-155196.33659799257,10.124523990041524
PROJ_2213,IT,Critical,1,-11412.251373868205,True,False,1.0193079409507326,0.9999999999999998,602477.42,591065.1686261318,591065.1686261318,11412.251373868203,-1.8942205956645148
PROJ_2214,IT,High,2,41287.24909458892,True,True,0.9485856991585564,1.0,761743.2,803030.4490945889,803030.4490945888,-41287.2490945888,5.420100776034338
PROJ_2215,Marketing,Medium,1,17909.235293094884,True,True,0.9770342515341895,1.0000000000000002,761914.48,779823.7152930949,779823.715293095,-17909.235293095,2.3505571508622594
PROJ_2216,IT,Critical,2,40877.899003061466,True,True,0.942812231799541,0.9999999999999998,673923.54,714801.4390030615,714801.4390030616,-40877.89900306158,6.065658279730306
PROJ_2217,IT,High,-1,-13304.92020728276,False,False,1.0158151392889585,0.9999999999999998,854582.38,841277.4597927172,841277.459792717,13304.920207282994,-1.5568914733864503
PROJ_2218,Construction,Medium,3,122373.15170566272,True,True,0.9506710093193976,0.9999999999999998,2358382.08,2480755.231705663,2480755.231705664,-122373.15170566412,5.188860309931803
PROJ_2219,Construction,Low,-1,-2740.4633621412795,False,False,1.001947423488179,1.0000000000000002,1409965.64,1407225.1766378586,1407225.1766378586,2740.4633621412795,-0.19436384011040722
PROJ_2220,Healthcare,Medium,1,16677.342294192873,True,True,0.9589836238891142,1.0,389924.7,406602.0422941929,406602.04229419294,-16677.34229419293,4.277067416912273
PROJ_2221,IT,Low,1,154801.92150458274,True,True,0.8761366025421332,1.0,1094977.47,1249779.3915045827,1249779.391504583,-154801.92150458298,14.137452664170613
PROJ_2222,R&D,Medium,0,373042.97816333664,False,True,0.8171671569596205,1.0,1667306.95,2040349.9281633368,2040349.9281633368,-373042.97816333687,22.373983276644825
PROJ_2223,IT,Medium,0,13872.591108051012,False,True,0.9732735813490742,0.9999999999999998,505186.52,519059.11110805103,519059.1111080512,-13872.591108051187,2.7460335062089913
PROJ_2224,IT,Medium,1,-52323.0883087602,True,False,1.0769188279924726,1.0,732560.81,680237.7216912399,680237.7216912401,52323.088308759965,-7.1424907795381465
PROJ_2225,Construction,High,-1,129254.52227553655,False,True,0.9369719115448996,1.0,1921490.24,2050744.7622755363,2050744.7622755363,-129254.52227553632,6.726785262023309
PROJ_2226,Construction,Critical,-1,163256.82330439286,False,True,0.9483119510209148,1.0000000000000002,2995245.51,3158502.3333043926,3158502.333304392,-163256.8233043924,5.450532277215313
PROJ_2227,Construction,Medium,1,211923.7268117983,True,True,0.8836262503421652,1.0000000000000002,1609137.53,1821061.2568117983,1821061.256811798,-211923.72681179806,13.170019520444473
PROJ_2228,IT,Critical,4,111532.89535864652,True,True,0.9313873138620984,0.9999999999999996,1514010.45,1625543.3453586465,1625543.3453586474,-111532.89535864745,7.366718991843646
PROJ_2229,Construction,Critical,2,43932.88606768148,True,True,0.9698513506495158,1.0000000000000004,1413276.21,1457209.0960676814,1457209.0960676805,-43932.88606768055,3.108584560952919
PROJ_2230,R&D,High,1,178458.11991394986,True,True,0.8443110238514981,0.9999999999999998,967789.51,1146247.62991395,1146247.6299139496,-178458.11991394963,18.43976588607058
PROJ_2231,R&D,Critical,3,130242.0926829446,True,True,0.933726580932947,1.0000000000000002,1834981.59,1965223.6826829447,1965223.682682944,-130242.09268294391,7.09773293599877
PROJ_2232,R&D,Critical,2,-17373.167742051417,True,False,1.01181612585013,1.0000000000000002,1487666.22,1470293.0522579486,1470293.0522579483,17373.16774205165,-1.1678135531000797
PROJ_2233,IT,Medium,0,138885.04284172098,False,True,0.8791619824943209,1.0,1010463.86,1149348.902841721,1149348.902841721,-138885.04284172098,13.744681857470981
PROJ_2234,R&D,Low,1,40585.77632441721,True,True,0.9593477167973654,1.0,957778.23,998364.0063244172,998364.0063244171,-40585.77632441709,4.237492047028161
PROJ_2235,IT,Medium,0,3878.049968155625,False,True,0.9917441976466872,1.0000000000000002,465858.24,469736.2899681556,469736.2899681555,-3878.0499681555084,0.8324528011258335
PROJ_2236,IT,Low,0,41366.83355195529,False,True,0.9218276465015364,1.0000000000000004,487807.89,529174.7235519553,529174.7235519552,-41366.83355195518,8.48014851747379
PROJ_2237,IT,High,1,-5.374521363875829,True,False,1.0000088899962971,1.0000000000000004,604563.71,604558.3354786361,604558.3354786362,5.374521363759413,-0.0008889917265724424
PROJ_2238,Construction,Medium,0,5421.705889453413,False,True,0.9961286890247644,0.9999999999999998,1395061.47,1400483.1758894534,1400483.1758894536,-5421.705889453646,0.38863562689131154
PROJ_2239,IT,Low,2,-13420.836636560038,True,False,1.016738462019631,1.0000000000000002,815217.12,801796.28336344,801796.2833634398,13420.836636560154,-1.6462898419699716
PROJ_2240,Healthcare,Medium,1,77498.42695775104,True,True,0.9011676315174688,1.0000000000000002,706641.71,784140.136957751,784140.1369577509,-77498.42695775093,10.967145847893827
PROJ_2241,Manufacturing,Medium,1,36030.13529442251,True,True,0.8916232981887008,1.0000000000000002,296422.64,332452.7752944225,332452.7752944225,-36030.13529442251,12.154987653582232
PROJ_2242,IT,Medium,0,1956.156422224769,False,True,0.995456478698894,1.0,428581.37,430537.5264222248,430537.5264222249,-1956.1564222248853,0.4564259109594253
PROJ_2243,IT,Low,1,-103273.09551035496,True,False,1.0928758590711156,1.0000000000000002,1215220.77,1111947.674489645,1111947.674489645,103273.09551035496,-8.498299079463147
PROJ_2244,IT,High,0,25429.09549247753,False,True,0.9584328471108324,1.0,586330.28,611759.3754924776,611759.3754924776,-25429.09549247753,4.33699168538209
PROJ_2245,Construction,High,1,308514.00091394247,True,True,0.8717512561854842,1.0,2097076.82,2405590.8209139425,2405590.820913943,-308514.00091394293,14.711621337455005
PROJ_2246,R&D,Medium,2,137923.19117383193,True,True,0.9208933604130952,1.0000000000000004,1605586.48,1743509.671173832,1743509.6711738312,-137923.19117383123,8.590206313510516
PROJ_2247,Marketing,Medium,1,13293.119514948106,True,True,0.9662769061689912,1.0,380891.34,394184.4595149481,394184.45951494813,-13293.119514948106,3.4900030845931296
PROJ_2248,Construction,Low,2,77843.9543749583,True,True,0.9671558184761784,0.9999999999999996,2292254.82,2370098.774374958,2370098.774374958,-77843.9543749583,3.3959555323329322
PROJ_2249,IT,Critical,1,-24675.383058172767,True,False,1.0372332521050511,1.0000000000000004,687399.74,662724.3569418272,662724.3569418271,24675.383058172883,-3.5896701180266497
PROJ_2250,Healthcare,Medium,1,50801.90675242746,True,True,0.941805192287879,1.0,822160.97,872962.8767524274,872962.8767524275,-50801.906752427574,6.179070596409797
PROJ_2251,R&D,Critical,4,185685.47031717887,True,True,0.9098368973884138,0.9999999999999998,1873754.2,2059439.6703171788,2059439.670317179,-185685.4703171791,9.909809425226591
PROJ_2252,IT,Medium,-1,122422.6955154885,False,True,0.9114887175779032,0.9999999999999998,1260708.27,1383130.9655154883,1383130.965515489,-122422.69551548897,9.710628416476476
PROJ_2253,IT,Medium,1,141567.63225747086,True,True,0.8146161523889202,1.0,622078.36,763645.9922574708,763645.9922574708,-141567.63225747086,22.75720252629763
PROJ_2254,IT,Medium,1,30171.1222508254,True,True,0.9694575129394504,0.9999999999999996,957669.92,987841.0422508254,987841.0422508258,-30171.12225082575,3.1504719549743974
PROJ_2255,IT,Medium,1,50306.99309316091,True,True,0.935610602154172,1.0,730986.12,781293.1130931609,781293.113093161,-50306.99309316103,6.882072274253447
PROJ_2256,Manufacturing,Medium,2,83490.7541880277,True,True,0.9104817678792476,1.0000000000000002,849176.84,932667.5941880275,932667.5941880275,-83490.75418802758,9.831963173657396
PROJ_2257,Marketing,Low,0,-6614.257142593036,False,False,1.0098172053900407,1.0,680355.6,673741.3428574069,673741.3428574069,6614.257142593036,-0.9721764827970898
PROJ_2258,Marketing,Medium,1,80224.27747686813,True,True,0.932314523251736,1.0000000000000002,1105026.7,1185250.977476868,1185250.9774768676,-80224.27747686766,7.259940187587111
PROJ_2259,Construction,High,1,-10803.749572667992,True,False,1.0088023360208398,0.9999999999999998,1238176.75,1227373.000427332,1227373.0004273322,10803.749572667759,-0.872553096532281
PROJ_2260,R&D,Low,1,45110.40241313144,True,True,0.9651354328125756,1.0,1248764.9,1293875.302413131,1293875.3024131316,-45110.40241313167,3.6124015347589986
PROJ_2261,Construction,Critical,2,-16069.288558449014,True,False,1.019297896468134,1.0,848765.67,832696.381441551,832696.3814415511,16069.288558448898,-1.8932538304063236
PROJ_2262,Manufacturing,Critical,3,142401.53462620336,True,True,0.8797890776299396,1.0,1042195.77,1184597.3046262034,1184597.3046262034,-142401.53462620336,13.663607042485248
PROJ_2263,Construction,High,0,125297.64414965478,False,True,0.923990070141596,1.0,1523140.19,1648437.8341496547,1648437.8341496547,-125297.64414965478,8.226271289555742
PROJ_2264,R&D,Critical,-2,-4420.615881135454,False,False,1.00297294018047,1.0,1491371.45,1486950.8341188645,1486950.8341188647,4420.615881135222,-0.29641280052231267
PROJ_2265,Healthcare,Low,0,13774.668916368277,False,True,0.9762781069993236,1.0,566898.59,580673.2589163682,580673.2589163681,-13774.668916368159,2.4298294543946843
PROJ_2266,IT,High,1,25071.16442115128,True,True,0.964549307135986,1.0000000000000004,682141.09,707212.2544211512,707212.2544211511,-25071.16442115116,3.675363467864275
PROJ_2267,IT,High,2,48959.63657960878,True,True,0.9696158546171312,0.9999999999999994,1562395.1,1611354.7365796089,1611354.7365796093,-48959.63657960924,3.1336271202853387
PROJ_2268,Construction,Medium,-1,-4870.421905993251,False,False,1.0043675358837478,1.0000000000000002,1120012.24,1115141.8180940067,1115141.8180940065,4870.421905993484,-0.43485434641263243
PROJ_2269,IT,High,3,41860.85452847544,True,True,0.9562906542727004,1.0000000000000002,915848.62,957709.4745284754,957709.4745284755,-41860.85452847555,4.57071765074839
PROJ_2270,IT,High,3,52609.41775114206,True,True,0.9325134796831136,1.0000000000000002,726945.04,779554.4577511421,779554.4577511419,-52609.417751141824,7.237055740987216
PROJ_2271,Healthcare,Low,1,-12770.05124904227,True,False,1.0405360272880757,1.0,327799.72,315029.6687509577,315029.6687509577,12770.05124904227,-3.895687052155588
PROJ_2272,Marketing,High,0,8066.954319461132,False,True,0.9917261208811023,1.0,966923.64,974990.5943194611,974990.5943194614,-8066.954319461365,0.8342907325609874
PROJ_2273,Healthcare,Low,2,786.4503311704611,True,True,0.9977958902754296,1.0,356024.43,356810.88033117045,356810.88033117045,-786.4503311704611,0.22089785556863645
PROJ_2274,Healthcare,Low,2,120774.4740273219,True,True,0.9039080030503174,0.9999999999999998,1136088.51,1256862.984027322,1256862.9840273224,-120774.47402732237,10.63072753260416
PROJ_2275,IT,Medium,2,117188.70884310151,True,True,0.8781253559843255,1.0,844362.48,961551.1888431016,961551.1888431016,-117188.70884310163,13.878957393168587
PROJ_2276,IT,Critical,1,47891.14124868636,True,True,0.9269502270209444,1.0000000000000009,607704.89,655596.0312486864,655596.0312486864,-47891.141248686356,7.880657542295958
PROJ_2277,Marketing,Medium,0,13873.660360385316,False,True,0.965341187321742,0.9999999999999996,386418.77,400292.4303603853,400292.4303603852,-13873.660360385198,3.5903174062650214
PROJ_2278,Construction,Medium,4,208951.72780816024,True,True,0.9156733212721054,1.0000000000000002,2268932.27,2477883.9978081603,2477883.99780816,-208951.72780815978,9.209253646348808
PROJ_2279,Construction,Critical,-2,146505.2493022778,False,True,0.9230688011934408,0.9999999999999998,1757861.92,1904367.1693022775,1904367.1693022777,-146505.2493022778,8.334286534990063
PROJ_2280,Manufacturing,Medium,2,59756.00503547606,True,True,0.954929669700769,1.0000000000000002,1266083.07,1325839.075035476,1325839.075035476,-59756.00503547583,4.719753896991595
PROJ_2281,IT,Medium,0,40712.01914189255,False,True,0.921936884703182,1.0,480814.94,521526.95914189256,521526.95914189244,-40712.01914189244,8.46729495175263
PROJ_2282,IT,Critical,2,260150.38094266108,True,True,0.8792374100663775,1.0,1894079.51,2154229.890942661,2154229.890942661,-260150.38094266108,13.73492398651528
PROJ_2283,IT,Medium,0,26060.35079315107,False,True,0.9423236353711124,1.0,425777.26,451837.6107931511,451837.6107931512,-26060.350793151185,6.120653506284292
PROJ_2284,R&D,Medium,0,73219.7051967415,False,True,0.9445165426516412,1.0000000000000002,1246447.61,1319667.3151967416,1319667.3151967416,-73219.7051967415,5.874270575779875
PROJ_2285,Manufacturing,Medium,0,27096.759843563777,False,True,0.9695834351287708,1.0,863758.6,890855.3598435638,890855.359843564,-27096.75984356401,3.137075549067067
PROJ_2286,IT,Critical,2,113973.98231198476,True,True,0.8997075110693756,1.0,1022441.95,1136415.9323119847,1136415.932311985,-113973.98231198499,11.147232594670534
PROJ_2287,IT,Low,1,119510.13782516518,True,True,0.8762126653651955,1.0000000000000004,845937.08,965447.2178251653,965447.2178251647,-119510.13782516471,14.127544548013512
PROJ_2288,Manufacturing,High,0,21759.29091585963,False,True,0.9754399741382556,0.9999999999999996,864204.39,885963.6809158596,885963.6809158599,-21759.290915859863,2.517840821875467
PROJ_2289,Manufacturing,Medium,1,23831.317464464693,True,True,0.963747077516716,1.0000000000000002,633531.34,657362.6574644647,657362.6574644648,-23831.31746446481,3.7616635452422624
PROJ_2290,IT,Critical,-1,21830.977169929534,False,True,0.9845278150757956,0.9999999999999998,1389151.2,1410982.1771699295,1410982.1771699297,-21830.97716992977,1.5715335501225332
PROJ_2291,Construction,High,3,114145.42308102176,True,True,0.9658363456441884,1.0,3226990.8,3341136.2230810216,3341136.2230810216,-114145.42308102176,3.537209436141614
PROJ_2292,IT,Medium,0,3375.487315991195,False,True,0.9928260873066732,1.0000000000000002,467147.01,470522.4973159912,470522.49731599103,-3375.4873159910203,0.7225749590029529
PROJ_2293,IT,High,0,68187.12075511215,False,True,0.9186350842746864,0.9999999999999994,769853.7,838040.8207551121,838040.8207551123,-68187.12075511238,8.857153087023208
PROJ_2294,IT,High,0,28507.23774349969,False,True,0.9548599452370718,1.0,603021.41,631528.6477434997,631528.6477434996,-28507.237743499572,4.727400598181012
PROJ_2295,Healthcare,Medium,0,20703.187643853715,False,True,0.963942160969541,1.0,553462.88,574166.0676438537,574166.0676438537,-20703.187643853715,3.7406641695381118
PROJ_2296,IT,Critical,2,8332.91095566377,True,True,0.9898907426103482,1.0,815952.26,824285.1709556638,824285.170955664,-8332.910955664003,1.021249816216454
PROJ_2297,Construction,Medium,1,58333.42444123165,True,True,0.9232557813594212,1.0000000000000002,701768.45,760101.8744412316,760101.8744412316,-58333.42444123165,8.312346393063361
PROJ_2298,Healthcare,Low,0,46383.79294080299,False,True,0.9509396812866032,1.0,899060.39,945444.182940803,945444.1829408028,-46383.792940802756,5.159140971698548
PROJ_2299,Construction,High,-3,113627.30660712325,False,True,0.946076752642546,1.0,1993577.14,2107204.446607123,2107204.4466071227,-113627.30660712277,5.6996694197207125
PROJ_2300,IT,Low,1,22639.98972207296,True,True,0.966486237411147,1.0000000000000004,652903.07,675543.0597220729,675543.0597220728,-22639.989722072845,3.4675881861105124
PROJ_2301,Healthcare,High,2,18244.898083799693,True,True,0.9653275919466012,1.0000000000000004,507963.09,526207.9880837997,526207.9880837995,-18244.89808379946,3.591776340245403
PROJ_2302,Construction,Low,1,18084.389356686268,True,True,0.9869945826993812,1.0000000000000004,1372443.03,1390527.4193566863,1390527.4193566863,-18084.389356686268,1.3176786913105067
PROJ_2303,IT,High,1,-7863.721836452722,True,False,1.0143308624832226,1.0,556590.07,548726.3481635472,548726.3481635472,7863.721836452722,-1.4128390462396718
PROJ_2304,IT,Low,1,23214.58509800362,True,True,0.9667414553009545,1.0000000000000004,674789.05,698003.6350980037,698003.6350980033,-23214.58509800327,3.440272941299695
PROJ_2305,R&D,Critical,1,22675.761933263857,True,True,0.980193392731734,1.0000000000000002,1122182.7,1144858.4619332638,1144858.461933263,-22675.76193326316,2.0206836135740787
PROJ_2306,IT,Critical,-1,202231.7983644039,False,True,0.8745359297167163,1.0,1409638.42,1611870.2183644038,1611870.2183644031,-202231.7983644032,14.346359711478579
PROJ_2307,R&D,High,0,96502.8769220186,False,True,0.942641602651066,1.0,1585951.33,1682454.206922019,1682454.206922019,-96502.87692201883,6.084857403664388
PROJ_2308,R&D,High,2,317879.89556872565,True,True,0.8059233234300149,0.9999999999999998,1320028.9,1637908.7955687256,1637908.795568725,-317879.8955687252,24.081283036206646
PROJ_2309,IT,Low,4,-2288.562760855537,True,False,1.002649412974224,1.0,866088.5,863799.9372391445,863799.9372391447,2288.562760855304,-0.2642412133235003
PROJ_2310,IT,Medium,0,-28619.946928184014,False,False,1.0362414617032485,1.0000000000000002,818321.73,789701.783071816,789701.7830718157,28619.946928184247,-3.4973954471652915
PROJ_2311,Healthcare,Low,1,-2239.712597824866,True,False,1.0040042166383016,0.9999999999999998,561578.23,559338.5174021751,559338.5174021752,2239.7125978247495,-0.3988246833971376
PROJ_2312,IT,Medium,4,62850.18294530013,True,True,0.9615214142245604,0.9999999999999994,1570530.61,1633380.7929453002,1633380.7929453014,-62850.18294530129,4.0018438701619
PROJ_2313,IT,Critical,-1,148831.46842022636,False,True,0.8912962190710714,1.0000000000000002,1220315.65,1369147.1184202265,1369147.118420226,-148831.46842022613,12.196145187536203
PROJ_2314,Construction,Critical,-2,330219.37986248964,False,True,0.886848197646557,1.0000000000000002,2588155.52,2918374.8998624897,2918374.8998624897,-330219.37986248964,12.75886929169116
PROJ_2315,Manufacturing,Low,1,62678.99327845685,True,True,0.9137788400578054,1.0000000000000002,664277.05,726956.0432784569,726956.0432784568,-62678.993278456735,9.435670444802621
PROJ_2316,Healthcare,Low,1,75430.12096941972,True,True,0.9159408950902584,1.0,821916.11,897346.2309694197,897346.2309694196,-75430.1209694196,9.177350346548092
PROJ_2317,R&D,High,3,225260.95013076396,True,True,0.9281269632122492,0.9999999999999996,2908890.05,3134151.000130764,3134151.000130764,-225260.9501307644,7.743879839348497
PROJ_2318,Construction,High,4,200497.77349619052,True,True,0.9252854355430032,0.9999999999999994,2483018.82,2683516.5934961904,2683516.5934961913,-200497.77349619148,8.074758510939981
PROJ_2319,Marketing,Low,0,56286.08679644263,False,True,0.9200555973180996,0.9999999999999996,647779.3,704065.3867964427,704065.3867964428,-56286.086796442745,8.689083889596771
PROJ_2320,IT,Low,0,69013.97711444949,False,True,0.8903738569269534,0.9999999999999998,560525.43,629539.4071144495,629539.4071144497,-69013.9771144496,12.312372181659912
PROJ_2321,IT,Medium,1,83047.77104394574,True,True,0.8471791103299849,1.0000000000000004,460384.29,543432.0610439457,543432.0610439457,-83047.77104394574,18.038793427105375
PROJ_2322,Healthcare,Low,2,8391.354318025056,True,True,0.9892350849887044,1.0000000000000004,771118.22,779509.574318025,779509.5743180247,-8391.354318024707,1.0882059456492557
PROJ_2323,Construction,Medium,-2,-23654.76508864062,False,False,1.0184500757502082,0.9999999999999998,1305750.59,1282095.8249113597,1282095.82491136,23654.765088640153,-1.8115837181923198
PROJ_2324,IT,High,2,53590.42943433905,True,True,0.9587402193717928,1.0,1245263.53,1298853.959434339,1298853.9594343393,-53590.42943433928,4.303541229890454
PROJ_2325,Construction,Medium,1,113280.31387736836,True,True,0.9400345274576836,1.0000000000000002,1775812.01,1889092.3238773684,1889092.323877369,-113280.31387736904,6.379071277785144
PROJ_2326,Healthcare,Medium,1,72697.9574893536,True,True,0.9137906878403856,1.0,770574.72,843272.6774893536,843272.6774893535,-72697.95748935349,9.434251553094485
PROJ_2327,Healthcare,Critical,0,32483.23433360597,False,True,0.9309952438733964,1.0,438255.83,470739.064333606,470739.06433360605,-32483.23433360603,7.4119343337899295
PROJ_2328,Construction,High,5,222548.2056039744,True,True,0.9003418077219886,0.9999999999999998,2010566.81,2233115.0156039745,2233115.0156039754,-222548.20560397534,11.0689286472393
PROJ_2329,Manufacturing,Medium,4,41608.016079026274,True,True,0.9591753600207812,1.0000000000000002,977580.79,1019188.8060790264,1019188.8060790262,-41608.01607902616,4.2562227597604645
PROJ_2330,Healthcare,Medium,0,79658.22536118666,False,True,0.9207243640395084,1.0000000000000002,925167.84,1004826.0653611866,1004826.0653611865,-79658.22536118655,8.610137741189376
PROJ_2331,IT,Medium,1,33041.80457663228,True,True,0.9404414208667072,1.0,521736.45,554778.2545766323,554778.2545766324,-33041.80457663239,6.3330450798736395
PROJ_2332,IT,Medium,1,29524.714040972467,True,True,0.935947587062796,0.9999999999999998,431421.45,460946.1640409725,460946.16404097254,-29524.714040972525,6.843589729016145
PROJ_2333,R&D,Medium,4,121506.89785775125,True,True,0.9147157201572348,0.9999999999999998,1303221.06,1424727.9578577513,1424727.957857752,-121506.89785775193,9.323583050273292
PROJ_2334,IT,Low,0,-28709.470068995608,False,False,1.041484903857369,1.0,720755.67,692046.1999310044,692046.1999310048,28709.47006899526,-3.9832458160190756
PROJ_2335,Construction,High,1,85147.65041407407,True,True,0.9489371905597233,1.0000000000000002,1582360.49,1667508.140414074,1667508.140414074,-85147.65041407407,5.381052607934749
PROJ_2336,Healthcare,Medium,2,99954.64763188853,True,True,0.9215559913319497,1.0,1174261.82,1274216.4676318886,1274216.4676318883,-99954.64763188828,8.51212616551633
PROJ_2337,IT,Critical,-2,29062.257554078707,False,True,0.9797299710383192,1.0,1404692.85,1433755.1075540788,1433755.107554079,-29062.25755407894,2.0689403775408226
PROJ_2338,Construction,Medium,-2,59562.51929687499,False,True,0.9566239489909792,0.9999999999999996,1313603.5,1373166.019296875,1373166.0192968752,-59562.51929687522,4.534284454698486
PROJ_2339,Construction,Critical,0,173333.041154481,False,True,0.9221011076874668,0.9999999999999992,2051769.73,2225102.771154481,2225102.7711544824,-173333.0411544824,8.44797730564445
PROJ_2340,Construction,Low,-1,-68305.79035641579,False,False,1.0461202516450985,1.0000000000000002,1549342.6,1481036.8096435843,1481036.809643584,68305.79035641602,-4.408695039845675
PROJ_2341,IT,Medium,0,73335.2152505368,False,True,0.9188629382194518,0.9999999999999996,830508.4,903843.6152505368,903843.6152505369,-73335.21525053692,8.830159363895286
PROJ_2342,IT,Medium,1,21362.93833439588,True,True,0.9455159399422776,1.0,370732.26,392095.1983343959,392095.1983343958,-21362.938334395818,5.762362933939393
PROJ_2343,Manufacturing,Low,1,84239.22915899951,True,True,0.9018718634685856,1.0,774222.29,858461.5191589996,858461.5191589998,-84239.22915899975,10.880496499138477
PROJ_2344,Healthcare,Medium,0,36225.00998727535,False,True,0.9546635965477808,1.0,762801.98,799026.9899872753,799026.9899872754,-36225.009987275465,4.748940214769168
PROJ_2345,R&D,High,0,183994.237568368,False,True,0.8842156038607367,0.9999999999999996,1405116.59,1589110.827568368,1589110.8275683685,-183994.23756836844,13.094588653911519
PROJ_2346,R&D,Medium,1,262679.1126117776,True,True,0.8109399463709102,1.0,1126715.99,1389395.1026117776,1389395.1026117774,-262679.1126117774,23.313693507782503
PROJ_2347,IT,Critical,-1,35248.54922093754,False,True,0.9562335079611244,1.0000000000000002,770128.98,805377.5292209375,805377.5292209374,-35248.54922093742,4.576966993364855
PROJ_2348,IT,Low,1,6621.4243512711255,True,True,0.9847724018146476,0.9999999999999996,428209.09,434830.5143512712,434830.51435127127,-6621.424351271242,1.546306350309201
PROJ_2349,IT,Medium,1,-47062.69664571341,True,False,1.038973568006731,1.0000000000000004,1254616.92,1207554.2233542865,1207554.2233542865,47062.69664571341,-3.75116068462662
PROJ_2350,R&D,Low,3,275643.070647666,True,True,0.8507592368421075,1.0000000000000002,1571325.98,1846969.050647666,1846969.0506476657,-275643.07064766577,17.54206791945652
PROJ_2351,IT,High,3,-16298.03577821108,True,False,1.025251340258827,1.0,661730.54,645432.504221789,645432.5042217888,16298.035778211197,-2.4629414532101235
PROJ_2352,IT,Low,1,-15894.252636378164,True,False,1.0141123693204488,0.9999999999999998,1142158.19,1126263.9373636218,1126263.9373636218,15894.252636378165,-1.391598184519271
PROJ_2353,R&D,Medium,6,297307.0337193473,True,True,0.8539015445131113,1.0000000000000002,1737670.22,2034977.2537193475,2034977.253719347,-297307.0337193471,17.109519993923076
PROJ_2354,Marketing,Low,0,-14380.926162282003,False,False,1.025492589640388,1.0000000000000002,578502.75,564121.823837718,564121.8238377179,14380.926162282121,-2.485887260221688
PROJ_2355,Construction,Low,-2,66643.36513500847,False,True,0.9593449151083404,1.0,1572594.76,1639238.1251350085,1639238.1251350087,-66643.3651350087,4.237796464170382
PROJ_2356,Healthcare,Critical,0,20842.562210268923,False,True,0.9758957756954,1.0000000000000002,843842.48,864685.0422102689,864685.0422102688,-20842.562210268807,2.469958873161826
PROJ_2357,Healthcare,High,0,-34665.624875031644,False,False,1.0343176573803805,1.0,1044805.23,1010139.6051249685,1010139.6051249685,34665.62487503153,-3.317903077019583
PROJ_2358,Healthcare,Low,0,113926.59557788887,False,True,0.8787161793594644,1.0,825412.18,939338.7755778888,939338.775577889,-113926.595577889,13.80238847188916
PROJ_2359,IT,High,1,-15659.796235193617,True,False,1.017875631775565,1.0000000000000002,891701.35,876041.5537648064,876041.5537648064,15659.796235193615,-1.7561705200057862
PROJ_2360,IT,High,-1,11064.383235610903,False,True,0.9893667756506808,1.0,1029483.89,1040548.2732356108,1040548.273235611,-11064.383235611022,1.0747504980977431
PROJ_2361,Construction,Low,0,56452.91447235108,False,True,0.9642801084379684,1.0000000000000002,1523980.62,1580433.5344723512,1580433.5344723507,-56452.91447235062,3.704306585758985
PROJ_2362,Construction,Medium,2,162159.40009262413,True,True,0.898392950949045,1.0,1433786.96,1595946.360092624,1595946.3600926243,-162159.40009262436,11.309867129257778
PROJ_2363,Healthcare,Medium,1,8497.012154677883,True,True,0.9726937118536676,1.0000000000000002,302677.18,311174.1921546779,311174.1921546778,-8497.012154677825,2.807285357514506
PROJ_2364,Construction,Critical,-2,36277.97374043614,False,True,0.9721425366364828,1.0000000000000002,1265993.28,1302271.2537404362,1302271.253740436,-36277.973740435904,2.865573957899358
PROJ_2365,IT,High,2,174289.57541372709,True,True,0.8179769392037897,1.0,783224.13,957513.7054137272,957513.7054137276,-174289.57541372755,22.25283526616162
PROJ_2366,Marketing,High,-2,101223.30124032123,False,True,0.9325536496619478,1.0,1399574.01,1500797.3112403213,1500797.3112403215,-101223.30124032148,7.232436478319677
PROJ_2367,Healthcare,Medium,-1,56957.91316013527,False,True,0.9352354188328948,0.9999999999999996,822502.93,879460.8431601353,879460.8431601353,-56957.91316013527,6.924949575576013
PROJ_2368,Construction,Low,0,167841.58011191455,False,True,0.8739414833689592,0.9999999999999998,1163616.1,1331457.6801119146,1331457.6801119149,-167841.58011191478,14.424136973690443
PROJ_2369,R&D,Medium,-1,431482.214928692,False,True,0.8025238239516553,0.9999999999999998,1753501.43,2184983.644928692,2184983.6449286924,-431482.21492869244,24.606892674657953
PROJ_2370,Manufacturing,High,0,-22867.57129348512,False,False,1.031346614607069,1.0,752374.46,729506.8887065148,729506.888706515,22867.571293485,-3.039386968755559
PROJ_2371,R&D,High,5,-42569.696110495366,True,False,1.0312953094559356,1.0,1402827.73,1360258.0338895046,1360258.0338895053,42569.69611049467,-3.0345633465981363
PROJ_2372,R&D,Critical,3,-39213.02308435575,True,False,1.035410193289056,0.9999999999999996,1146606.67,1107393.6469156442,1107393.6469156442,39213.02308435575,-3.4199193245889417
PROJ_2373,Construction,Critical,5,115426.81490628654,True,True,0.951181445979932,1.0000000000000002,2248977.81,2364404.6249062866,2364404.624906286,-115426.81490628608,5.13241235164904
PROJ_2374,R&D,Critical,2,36707.55763524957,True,True,0.9687979901295848,0.9999999999999996,1139740.94,1176448.4976352495,1176448.4976352502,-36707.55763525027,3.22069308445218
PROJ_2375,IT,High,0,134281.45034010243,False,True,0.8998875929740291,1.0000000000000002,1207025.33,1341306.7803401025,1341306.780340103,-134281.4503401029,11.12499025518403
PROJ_2376,IT,High,0,43497.00781597151,False,True,0.9500003495328952,1.0000000000000002,826449.23,869946.2378159715,869946.2378159714,-43497.00781597139,5.2631191653444205
PROJ_2377,IT,High,-1,156620.63295933325,False,True,0.8775534434046137,0.9999999999999998,1122473.18,1279093.8129593332,1279093.8129593334,-156620.63295933348,13.953173737240965
PROJ_2378,Manufacturing,Medium,2,50316.96240683226,True,True,0.9555804801007812,1.0000000000000002,1082449.95,1132766.9124068322,1132766.9124068317,-50316.96240683179,4.648433159134221
PROJ_2379,IT,High,1,-14016.329481653986,True,False,1.0254440564563498,1.0000000000000002,564884.84,550868.510518346,550868.5105183459,14016.329481654102,-2.481272020267724
PROJ_2380,IT,Critical,0,-7667.864267672761,False,False,1.0175807113318829,1.0,443819.97,436152.1057323272,436152.1057323271,7667.864267672878,-1.7276969911184659
PROJ_2381,IT,Low,1,59349.53057616053,True,True,0.9302797192319292,1.0000000000000002,791902.5,851252.0305761605,851252.0305761603,-59349.530576160294,7.49455022255395
PROJ_2382,Healthcare,Medium,-1,160162.8902669854,False,True,0.8781792159995407,0.9999999999999996,1154579.02,1314741.9102669854,1314741.9102669857,-160162.89026698563,13.871973030220627
PROJ_2383,Healthcare,Critical,2,74364.59491121757,True,True,0.8707416349289979,1.0000000000000002,500952.87,575317.4649112176,575317.4649112176,-74364.59491121757,14.84462897901305
PROJ_2384,R&D,Critical,0,153033.55080652237,False,True,0.9026674616961836,1.0000000000000002,1419241.8,1572275.3508065224,1572275.3508065222,-153033.55080652214,10.782768010815502
PROJ_2385,IT,Medium,1,44619.19369373494,True,True,0.9353640408724708,1.0000000000000002,645696.14,690315.333693735,690315.333693735,-44619.19369373494,6.910246310863021
PROJ_2386,Manufacturing,High,1,34366.62717147218,True,True,0.9467181272128214,1.0,610629.98,644996.6071714722,644996.6071714722,-34366.62717147218,5.62806090383446
PROJ_2387,Healthcare,Low,1,-20213.49493857863,True,False,1.0530905454911912,1.0,400949.74,380736.24506142136,380736.2450614213,20213.49493857869,-5.041403677822235
PROJ_2388,Construction,Low,0,125830.70746608358,False,True,0.9163726393510644,0.9999999999999996,1378828.85,1504659.5574660837,1504659.5574660841,-125830.70746608404,9.12591199887383
PROJ_2389,Marketing,Medium,-1,47186.08385057602,False,True,0.9123852957712236,1.0000000000000004,491377.44,538563.523850576,538563.5238505758,-47186.083850575786,9.602818527968191
PROJ_2390,R&D,Critical,2,311182.7508326103,True,True,0.8614147226734072,1.0,1934241.56,2245424.3108326104,2245424.310832611,-311182.75083261076,16.08810177941843
PROJ_2391,Manufacturing,Low,1,-536.3406034796499,True,False,1.0015395727930254,1.0000000000000004,348906.1,348369.7593965203,348369.75939652027,536.3406034797081,-0.15372061522561747
PROJ_2392,IT,Low,0,-4378.507240766659,False,False,1.0115063690124917,1.0000000000000002,384907.52,380529.01275923336,380529.0127592331,4378.507240766892,-1.137547855850385
PROJ_2393,IT,High,4,80963.59547207016,True,True,0.9505786954573148,1.0000000000000002,1557269.07,1638232.6654720702,1638232.6654720702,-80963.59547207016,5.199075550384504
PROJ_2394,Marketing,Medium,0,4678.365049830172,False,True,0.992574748282364,1.0,625383.11,630061.4750498302,630061.47504983,-4678.365049830056,0.7480798529768506
PROJ_2395,IT,High,1,30878.726149187016,True,True,0.9422241492142516,1.0,503578.59,534457.316149187,534457.316149187,-30878.726149187016,6.131858415423701
PROJ_2396,Manufacturing,Medium,0,95311.46336573469,False,True,0.8975597496659801,0.9999999999999996,835098.83,930410.2933657346,930410.2933657347,-95311.46336573479,11.413195653230025
PROJ_2397,IT,High,2,67167.3871096489,True,True,0.9505301243617832,0.9999999999999992,1290575.81,1357743.197109649,1357743.1971096492,-67167.38710964913,5.204451113154611
PROJ_2398,Marketing,Critical,2,103778.97150077391,True,True,0.9231467374556304,1.0000000000000002,1246573.22,1350352.191500774,1350352.191500774,-103778.97150077391,8.325140459922114
PROJ_2399,Construction,Low,3,142972.3772355211,True,True,0.9423631266165806,1.0,2337598.98,2480571.357235521,2480571.3572355206,-142972.37723552063,6.1162063492824
PROJ_2400,Construction,High,3,145453.20880268514,True,True,0.9322423464998842,1.0,2001215.12,2146668.3288026853,2146668.328802685,-145453.20880268468,7.268244545478182
PROJ_2401,Healthcare,High,1,4435.106692256581,True,True,0.9912789227349365,1.0000000000000002,504115.22,508550.32669225655,508550.32669225644,-4435.106692256464,0.8797803589934192
PROJ_2402,R&D,Medium,5,57650.35313821491,True,True,0.9762369379901188,1.0,2368398.66,2426049.013138215,2426049.0131382146,-57650.35313821444,2.4341490354590234
PROJ_2403,Manufacturing,High,1,-9178.098204381417,True,False,1.0199579829339207,1.0,469049.13,459871.0317956186,459871.03179561853,9178.098204381473,-1.9567455981384023
PROJ_2404,Construction,Medium,1,229405.7761177027,True,True,0.8999756016785747,0.9999999999999998,2064092.41,2293498.1861177026,2293498.1861177036,-229405.77611770364,11.114123331217698
PROJ_2405,R&D,High,4,170953.24557734933,True,True,0.9404739860325642,0.9999999999999998,2700954.92,2871908.1655773493,2871908.16557735,-170953.24557735026,6.329363156396192
PROJ_2406,IT,Low,0,132983.74656929565,False,True,0.8221248190339796,0.9999999999999998,614640.21,747623.9565692956,747623.9565692956,-132983.74656929565,21.636031031763387
PROJ_2407,IT,High,2,-23542.853439613245,True,False,1.0199669172069348,1.0,1202635.91,1179093.056560387,1179093.056560387,23542.853439613013,-1.957604395798643
PROJ_2408,IT,Low,1,49506.13522994239,True,True,0.9569496491189518,1.0000000000000009,1100452.79,1149958.9252299424,1149958.9252299422,-49506.135229942156,4.498705958112219
PROJ_2409,IT,Low,0,5804.3002915791,False,True,0.9926837992080484,1.0,787544.66,793348.9602915791,793348.9602915792,-5804.300291579217,0.7370122084986541
PROJ_2410,R&D,Medium,1,159981.40888122516,True,True,0.9409472070401844,1.0000000000000004,2549143.78,2709125.188881225,2709125.188881224,-159981.40888122423,6.2758880113551
PROJ_2411,Construction,High,-1,162800.05345425964,False,True,0.9105666633098044,1.0000000000000002,1657550.83,1820350.88345426,1820350.88345426,-162800.05345425988,9.82172314162214
PROJ_2412,R&D,Medium,2,31108.10154263861,True,True,0.9754662640663408,0.9999999999999998,1236864.36,1267972.4615426387,1267972.461542639,-31108.101542638848,2.515077849170045
PROJ_2413,IT,Low,1,26641.311766019207,True,True,0.9688261837440232,1.0,827964.09,854605.4017660192,854605.4017660191,-26641.31176601909,3.21768927998062
PROJ_2414,Marketing,High,1,43051.25784436264,True,True,0.9674496076888592,1.0000000000000004,1279552.09,1322603.3478443627,1322603.3478443623,-43051.257844362175,3.3645568774274888
PROJ_2415,Construction,High,2,159688.64436114184,True,True,0.9151138349453836,1.0,1721520.67,1881209.3143611415,1881209.3143611415,-159688.6443611416,9.276022480818751
PROJ_2416,IT,Low,1,17978.070600228617,True,True,0.9852214911955324,0.9999999999999996,1198522.92,1216500.9906002283,1216500.990600229,-17978.070600229083,1.5000189233117946
PROJ_2417,Marketing,Medium,1,58480.37475024897,True,True,0.91996712436647,0.9999999999999998,672224.03,730704.404750249,730704.4047502493,-58480.37475024932,8.699536484919964
PROJ_2418,R&D,Critical,4,147145.24761077575,True,True,0.926583423407538,1.0,1857105.76,2004251.007610776,2004251.0076107758,-147145.24761077575,7.923363912821839
PROJ_2419,IT,Medium,1,39462.729030386894,True,True,0.9476335948564276,1.0000000000000002,714125.93,753588.659030387,753588.6590303867,-39462.72903038666,5.5260182234786885
PROJ_2420,IT,Low,2,-19939.30307729565,True,False,1.020131556280678,1.0000000000000004,1010389.46,990450.1569227044,990450.1569227041,19939.30307729589,-1.9734274620497219
PROJ_2421,IT,Low,0,73246.77327192994,False,True,0.9031186547132424,1.0,682799.43,756046.20327193,756046.2032719301,-73246.77327193005,10.727421560959717
PROJ_2422,IT,Medium,1,162313.89209366287,True,True,0.8999062252264983,1.0,1459304.36,1621618.252093663,1621618.2520936627,-162313.89209366264,11.122689450037868
PROJ_2423,R&D,Critical,4,92832.81347691454,True,True,0.9559865398828457,1.0000000000000004,2016358.63,2109191.4434769144,2109191.4434769144,-92832.81347691454,4.603983244633151
PROJ_2424,R&D,Medium,2,85735.56221116241,True,True,0.9568761725100892,1.0000000000000002,1902389.5,1988125.0622111624,1988125.0622111624,-85735.56221116241,4.506730204890345
PROJ_2425,IT,Critical,1,-4830.852334956813,True,False,1.015703277620989,1.0,312464.23,307633.3776650432,307633.3776650432,4830.852334956755,-1.5460497142206502
PROJ_2426,Construction,Low,-2,52567.46405000938,False,True,0.9722179805260942,1.0000000000000002,1839572.31,1892139.7740500092,1892139.7740500092,-52567.46405000915,2.857591613238033
PROJ_2427,Marketing,High,2,122545.62804613728,True,True,0.8995341907368404,1.0,1097228.83,1219774.4580461374,1219774.4580461371,-122545.62804613705,11.168648206786276
PROJ_2428,IT,High,0,170063.6883252262,False,True,0.7911938042225557,0.9999999999999998,644393.41,814457.0983252262,814457.0983252265,-170063.68832522642,26.391282978084213
PROJ_2429,IT,High,2,-8828.924578202306,True,False,1.0124930934853025,1.0000000000000002,715533.36,706704.4354217977,706704.4354217976,8828.924578202423,-1.2338941930258043
PROJ_2430,IT,Medium,1,40158.64174288744,True,True,0.9700829852079306,1.0000000000000002,1302175.88,1342334.521742887,1342334.5217428873,-40158.64174288744,3.0839644904870642
PROJ_2431,Marketing,Critical,3,95641.03588465578,True,True,0.8999160782842271,1.0000000000000009,859967.36,955608.3958846558,955608.3958846551,-95641.03588465508,11.121472782950168
PROJ_2432,Healthcare,Low,0,38464.8917148934,False,True,0.9572378206415838,0.9999999999999998,861042.39,899507.2817148934,899507.2817148938,-38464.89171489375,4.467247160141993
PROJ_2433,IT,High,-1,66648.33403047977,False,True,0.922924187515248,0.9999999999999996,798063.07,864711.4040304797,864711.4040304798,-66648.33403047989,8.35126151501784
PROJ_2434,Marketing,High,0,38235.37703913066,False,True,0.9436023642816246,0.9999999999999998,639725.26,677960.6370391307,677960.6370391307,-38235.37703913066,5.9768434091739095
PROJ_2435,Manufacturing,Medium,0,29646.540135043266,False,True,0.940209391329001,1.0,466192.87,495839.41013504326,495839.4101350433,-29646.540135043324,6.359286476226744
PROJ_2436,R&D,Medium,5,86946.5062910465,True,True,0.9536078315564666,0.9999999999999992,1787216.94,1874163.4462910464,1874163.4462910474,-86946.50629104744,4.8649105961947425
PROJ_2437,Manufacturing,Low,0,-243.4455897796433,False,False,1.0008482135557846,0.9999999999999998,287253.23,287009.78441022034,287009.7844102204,243.44558977958513,-0.08474946992922765
PROJ_2438,IT,Critical,1,2946.7961909605656,True,True,0.9960738766504792,0.9999999999999992,747614.49,750561.2861909606,750561.2861909607,-2946.796190960682,0.39415985516287705
PROJ_2439,IT,Medium,0,-195.13328083977103,False,False,1.000152090899693,1.0,1283199.45,1283004.3167191602,1283004.3167191602,195.13328083977103,-0.01520677715687698
PROJ_2440,Manufacturing,Medium,1,63873.91579407442,True,True,0.8883755706424,1.0,508347.74,572221.6557940744,572221.6557940745,-63873.915794074535,12.565004379497102
PROJ_2441,R&D,Medium,2,-19302.004270263016,True,False,1.0082338991923476,0.9999999999999998,2363513.88,2344211.875729737,2344211.875729737,19302.004270263016,-0.8166655771982612
PROJ_2442,IT,Medium,-1,-16945.80360105046,False,False,1.034177800041795,1.0,512758.98,495813.1763989495,495813.17639894946,16945.803601050517,-3.304828245241169
PROJ_2443,IT,High,2,75058.32934495178,True,True,0.9451999726557052,1.0000000000000009,1294618.53,1369676.8593449518,1369676.859344951,-75058.32934495108,5.797717830050762
PROJ_2444,R&D,Critical,1,154277.5256679661,True,True,0.910264860085358,1.0000000000000004,1564976.78,1719254.305667966,1719254.3056679657,-154277.52566796564,9.858135126322171
PROJ_2445,Healthcare,Low,1,4350.085445989971,True,True,0.9937579787256922,1.0,692553.25,696903.33544599,696903.33544599,-4350.085445989971,0.6281228838345602
PROJ_2446,IT,Low,2,-23014.74125570047,True,False,1.033966937804078,1.0,700577.77,677563.0287442995,677563.0287442998,23014.74125570024,-3.285108697596876
PROJ_2447,R&D,High,2,254901.51181451697,True,True,0.9186940717118042,1.0000000000000009,2880189.83,3135091.341814517,3135091.3418145147,-254901.51181451464,8.850163595450049
PROJ_2448,IT,Low,-1,-23641.028464655043,False,False,1.0243765900828516,1.0000000000000002,993466.11,969825.081535345,969825.0815353447,23641.028464655275,-2.3796512258133573
PROJ_2449,Healthcare,Medium,0,40809.73318129731,False,True,0.941010515427016,1.0000000000000002,651003.96,691813.6931812973,691813.6931812972,-40809.7331812972,6.268738085909216
PROJ_2450,Marketing,Low,0,12506.515786036383,False,True,0.9847188839648954,1.0,805922.96,818429.4757860363,818429.4757860362,-12506.515786036267,1.5518252248374047
PROJ_2451,Construction,Medium,2,88447.10900106304,True,True,0.9266349304956676,0.9999999999999998,1117128.1,1205575.2090010631,1205575.2090010631,-88447.10900106304,7.917364982678624
PROJ_2452,Manufacturing,Critical,1,4314.601584201329,True,True,0.9953639964926686,1.0,926358.03,930672.6315842014,930672.6315842017,-4314.601584201679,0.4657596139369223
PROJ_2453,Construction,Critical,2,195092.756388268,True,True,0.917811489931592,0.9999999999999992,2178630.24,2373722.996388268,2373722.996388269,-195092.7563882689,8.954835602955226
PROJ_2454,Construction,Medium,1,68462.06130058784,True,True,0.9396479692324152,1.0,1065916.69,1134378.7513005878,1134378.7513005873,-68462.06130058737,6.422834161700515
PROJ_2455,Construction,Medium,2,122976.2623204342,True,True,0.9099600361299066,1.0000000000000002,1242820.18,1365796.442320434,1365796.442320434,-122976.26232043398,9.894936073570513
PROJ_2456,IT,Low,1,87957.59665689303,True,True,0.8897842785015405,1.0000000000000002,710091.86,798049.456656893,798049.456656893,-87957.59665689303,12.386791288790866
PROJ_2457,Healthcare,High,-1,196143.1087753008,False,True,0.8389708575265126,0.9999999999999996,1021916.59,1218059.6987753008,1218059.6987753012,-196143.10877530125,19.19365148728051
PROJ_2458,Marketing,Medium,0,22192.484748131246,False,True,0.9679389677779344,1.0000000000000002,670002.47,692194.9547481312,692194.954748131,-22192.484748131013,3.3122989454249345
PROJ_2459,Marketing,Medium,0,30995.590577249182,False,True,0.9294480976614492,0.9999999999999996,408334.74,439330.3305772492,439330.33057724935,-30995.590577249357,7.590730726768277
PROJ_2460,Marketing,Medium,0,-22688.976939053624,False,False,1.0381018300491498,1.0,618171.58,595482.6030609463,595482.6030609465,22688.976939053508,-3.6703364685664632
PROJ_2461,Construction,Critical,3,150185.87129444536,True,True,0.9143429158291854,0.9999999999999996,1603152.72,1753338.591294445,1753338.5912944458,-150185.87129444582,9.36815747001607
PROJ_2462,IT,High,-1,80423.64150680439,False,True,0.9414736645208128,1.0000000000000002,1293720.85,1374144.4915068045,1374144.4915068045,-80423.64150680439,6.216460182024923
PROJ_2463,Manufacturing,Medium,1,35852.13809790788,True,True,0.9633391123865586,1.0000000000000002,942087.58,977939.7180979078,977939.718097908,-35852.138097908,3.8056056420898785
PROJ_2464,Healthcare,Medium,1,9645.783971509663,True,True,0.9838545754634268,1.0000000000000009,587785.64,597431.4239715097,597431.4239715094,-9645.78397150943,1.6410377040700468
PROJ_2465,IT,Low,2,5055.620677518193,True,True,0.9960792257803438,0.9999999999999996,1284388.86,1289444.4806775183,1289444.4806775185,-5055.6206775184255,0.39362071993667286
PROJ_2466,Manufacturing,Critical,0,580.6597738807322,False,True,0.9989240883020156,1.0,539110.26,539690.9197738807,539690.9197738806,-580.6597738806158,0.10770705307678913
PROJ_2467,Construction,Low,1,4776.033980841981,True,True,0.9960054180690934,1.0,1190851.96,1195627.993980842,1195627.993980842,-4776.033980841981,0.4010602611631072
PROJ_2468,IT,Medium,1,24369.670310012763,True,True,0.9675502475635988,1.0000000000000009,726627.44,750997.1103100127,750997.1103100126,-24369.670310012647,3.3538053985427045
PROJ_2469,IT,Critical,1,32008.78723250329,True,True,0.979958389079078,1.0,1565107.7,1597116.4872325032,1597116.4872325035,-32008.787232503528,2.045149176155962
PROJ_2470,Healthcare,Medium,1,154665.95054530015,True,True,0.8708193959136818,1.0000000000000002,1042618.67,1197284.6205453002,1197284.6205453002,-154665.95054530015,14.834373773999285
PROJ_2471,Construction,High,1,191954.57197564607,True,True,0.942116699380696,1.0,3124279.47,3316234.0419756463,3316234.0419756463,-191954.57197564607,6.143962914292237
PROJ_2472,Construction,Medium,0,-62084.73484451207,False,False,1.03788763925647,1.0,1700738.82,1638654.085155488,1638654.085155488,62084.73484451207,-3.6504567376495864
PROJ_2473,Marketing,High,1,159237.3007122255,True,True,0.8522992162078953,1.0000000000000002,918870.05,1078107.3507122255,1078107.3507122253,-159237.30071222526,17.3296866855357
PROJ_2474,Construction,Critical,0,-44022.539588443935,False,False,1.0386354154428707,1.0,1183457.41,1139434.870411556,1139434.8704115557,44022.53958844417,-3.7198245764031483
PROJ_2475,IT,Low,0,-10019.672974117915,False,False,1.013475589382535,1.0,753562.14,743542.4670258821,743542.4670258822,10019.672974117799,-1.329641238892097
PROJ_2476,IT,Low,3,42469.643063038704,True,True,0.9334250557981464,1.0000000000000002,595452.68,637922.3230630388,637922.3230630386,-42469.64306303859,7.13232881293583
PROJ_2477,IT,Low,3,55154.33145267074,True,True,0.9636016376882588,0.9999999999999996,1460142.73,1515297.0614526707,1515297.0614526712,-55154.331452671206,3.7773246628205457
PROJ_2478,R&D,Medium,1,99584.0924935164,True,True,0.9369887479699764,1.0,1480833.52,1580417.6124935164,1580417.612493517,-99584.09249351709,6.7248675255215105
PROJ_2479,IT,Critical,2,82517.71010458109,True,True,0.9000036014073131,0.9999999999999996,742689.11,825206.8201045811,825206.8201045814,-82517.71010458143,11.110666494703475
PROJ_2480,IT,Medium,1,125270.6659183252,True,True,0.8923017838434159,1.0000000000000009,1037893.13,1163163.7959183252,1163163.7959183247,-125270.66591832472,12.0697075929508
PROJ_2481,IT,High,2,59928.48191791854,True,True,0.9122761714019908,1.0000000000000002,623220.93,683149.4119179186,683149.4119179182,-59928.481917918194,9.615928964054238
PROJ_2482,Manufacturing,High,0,100440.25256640464,False,True,0.8523164835293391,1.0000000000000004,579664.44,680104.6925664046,680104.6925664042,-100440.25256640429,17.327309670126446
PROJ_2483,R&D,Medium,0,127240.1705244251,False,True,0.9334093734976028,0.9999999999999998,1783541.83,1910782.0005244247,1910782.0005244254,-127240.17052442534,7.134128753482913
PROJ_2484,IT,Medium,2,995.7088872033636,True,True,0.998770056228728,1.0000000000000009,808560.72,809556.4288872033,809556.428887203,-995.7088872030145,0.12314583958555575
PROJ_2485,IT,Low,2,68407.7538473166,True,True,0.907483249006964,0.9999999999999996,671001.63,739409.3838473166,739409.3838473164,-68407.75384731637,10.194871485977817
PROJ_2486,Marketing,Low,-1,59446.11817954481,False,True,0.9520658780351918,1.0000000000000004,1180716.75,1240162.8681795448,1240162.8681795446,-59446.118179544574,5.034748442379984
PROJ_2487,IT,Low,1,41489.53172742354,True,True,0.90856441431072,1.0,412267.41,453756.9417274235,453756.94172742346,-41489.531727423484,10.06374278467063
PROJ_2488,Manufacturing,Low,1,56033.83623452042,True,True,0.953879772075014,0.9999999999999998,1158917.58,1214951.4162345205,1214951.4162345207,-56033.836234520655,4.835014775987837
PROJ_2489,Construction,Critical,0,195352.44064245163,False,True,0.8866143241532247,1.0000000000000002,1527549.85,1722902.2906424515,1722902.2906424517,-195352.44064245163,12.788613127254186
PROJ_2490,R&D,High,1,180193.41851713555,True,True,0.9326111661889482,1.0000000000000009,2493742.43,2673935.848517136,2673935.8485171353,-180193.41851713508,7.225823178424047
PROJ_2491,R&D,Critical,2,112168.25686273212,True,True,0.9316702682562044,0.9999999999999996,1529404.95,1641573.206862732,1641573.2068627328,-112168.25686273281,7.334111012438714
PROJ_2492,Marketing,Medium,0,39783.04152769153,False,True,0.9337678492421948,1.0,560877.53,600660.5715276916,600660.5715276916,-39783.04152769153,7.092999701323661
PROJ_2493,IT,Critical,1,-66948.98286413471,True,False,1.0697778198403418,1.0000000000000002,1026408.35,959459.3671358651,959459.3671358651,66948.98286413483,-6.522645968744782
PROJ_2494,IT,Medium,1,20065.47478242184,True,True,0.9811973944145522,1.0,1047099.11,1067164.5847824218,1067164.584782422,-20065.47478242207,1.9162918381643994
PROJ_2495,Marketing,High,1,7887.979195896303,True,True,0.9873350325338144,0.9999999999999998,614930.77,622818.7491958963,622818.7491958964,-7887.97919589642,1.2827426404270548
PROJ_2496,IT,High,0,109480.96791938762,False,True,0.903578993923688,1.0000000000000004,1025966.3,1135447.2679193877,1135447.2679193872,-109480.96791938716,10.671010141306509
PROJ_2497,IT,Critical,1,-10234.54835823318,True,False,1.009472053702836,1.0,1090733.95,1080499.4016417668,1080499.4016417668,10234.54835823318,-0.9383175758151822
PROJ_2498,Healthcare,Low,2,49069.368725704495,True,True,0.9178226372483068,1.0000000000000002,548046.03,597115.3987257045,597115.3987257042,-49069.368725704146,8.953512303647951
PROJ_2499,Construction,Medium,0,40071.99075625511,False,True,0.9765037138538644,1.0,1665388.63,1705460.620756255,1705460.620756255,-40071.99075625511,2.4061645452842506
PROJ_2500,Construction,Low,-1,23223.173354106955,False,True,0.988510544359909,1.0,1998036.5,2021259.673354107,2021259.6733541067,-23223.173354106722,1.1622997554902887
PROJ_2501,R&D,Critical,2,10953.477817262525,True,True,0.991287496265726,0.9999999999999998,1246260.08,1257213.5578172626,1257213.5578172628,-10953.477817262756,0.8789078614523829
PROJ_2502,Marketing,Medium,0,10875.12061770918,False,True,0.9703697164493514,1.0,356152.1,367027.2206177092,367027.22061770916,-10875.12061770918,3.0535045610314193
PROJ_2503,Healthcare,High,0,25998.6942735184,False,True,0.968836199487757,1.0,808260.73,834259.4242735184,834259.4242735186,-25998.69427351863,3.2166222245535336
PROJ_2504,Construction,Critical,-1,-2797.0493341450347,False,False,1.0027976755919634,1.0,1002573.2,999776.1506658548,999776.1506658549,2797.0493341450347,-0.2789870439530036
PROJ_2505,IT,Low,1,213678.29820181525,True,True,0.8494792283784526,1.0000000000000004,1205915.13,1419593.428201815,1419593.4282018149,-213678.298201815,17.71918212866398
PROJ_2506,IT,Low,0,-4702.182637315244,False,False,1.0090557338762212,0.9999999999999998,523951.39,519249.2073626848,519249.20736268477,4702.1826373152435,-0.8974463522876126
PROJ_2507,Marketing,Medium,0,29985.75577723363,False,True,0.9550389536866511,0.9999999999999998,636941.69,666927.4457772336,666927.4457772336,-29985.75577723363,4.707770938534991
PROJ_2508,IT,Medium,2,-1685.9454907432664,True,False,1.0017064657162211,0.9999999999999996,989660.96,987975.0145092568,987975.0145092568,1685.94549074315,-0.17035586517863147
PROJ_2509,IT,Critical,0,12824.661494316708,False,True,0.9736715272911244,1.0,474277.71,487102.3714943167,487102.3714943167,-12824.661494316708,2.704040528136291
PROJ_2510,IT,High,-1,-3995.400240904361,False,False,1.007776279225546,1.0000000000000002,517788.71,513793.30975909566,513793.30975909584,3995.400240904186,-0.7716275314122213
PROJ_2511,IT,Medium,0,-19736.348481412395,False,False,1.0307648102405311,1.0000000000000002,661259.84,641523.4915185876,641523.4915185877,19736.34848141228,-2.984658569528777
PROJ_2512,IT,Low,1,-42168.85182664334,True,False,1.070941921136695,0.9999999999999996,636582.58,594413.7281733566,594413.7281733567,42168.85182664322,-6.624254755234304
PROJ_2513,R&D,High,1,79863.12456064764,True,True,0.9470206885013592,1.0,1427576.71,1507439.8345606476,1507439.834560648,-79863.12456064811,5.594314056906134
PROJ_2514,Manufacturing,Medium,0,46385.834645931725,False,True,0.9452329698185332,0.9999999999999996,800580.57,846966.4046459317,846966.4046459321,-46385.83464593219,5.794024534711378
PROJ_2515,Construction,Critical,-1,345693.09229858965,False,True,0.8844258520213422,0.9999999999999994,2645400.49,2991093.58229859,2991093.5822985913,-345693.09229859104,13.067703495382318
PROJ_2516,R&D,High,2,47387.12264741305,True,True,0.972610918398837,1.0,1682759.34,1730146.4626474131,1730146.4626474136,-47387.12264741352,2.816036822437932
PROJ_2517,R&D,High,2,322389.8588404623,True,True,0.8842142962646187,1.0000000000000002,2461976.85,2784366.7088404624,2784366.7088404605,-322389.8588404604,13.09475590074945
PROJ_2518,R&D,Low,2,66327.44173764647,True,True,0.941968925644226,0.9999999999999998,1076636.78,1142964.2217376465,1142964.2217376467,-66327.4417376467,6.160614514548416
PROJ_2519,Marketing,Medium,1,96042.0307327722,True,True,0.8859653468682812,1.0,746175.91,842217.9407327722,842217.9407327722,-96042.0307327722,12.871231762597668
PROJ_2520,Construction,High,2,73986.00330856582,True,True,0.9539956234122184,1.0000000000000009,1534252.36,1608238.363308566,1608238.3633085648,-73986.00330856466,4.8222838196295585
PROJ_2521,Construction,Low,0,48752.38763507456,False,True,0.9615234987561112,1.0000000000000002,1218316.76,1267069.1476350746,1267069.147635074,-48752.38763507409,4.001618399723409
PROJ_2522,IT,Low,1,149216.90403951262,True,True,0.836961968103148,0.9999999999999996,766010.68,915227.5840395128,915227.5840395129,-149216.90403951285,19.47974198473484
PROJ_2523,R&D,Medium,3,-31656.63942834153,True,False,1.0172100966875752,1.0,1871079.16,1839422.5205716584,1839422.5205716584,31656.63942834153,-1.691892043110647
PROJ_2524,IT,Medium,1,32546.316182254348,True,True,0.954253327618634,0.9999999999999998,678900.32,711446.6361822543,711446.6361822544,-32546.316182254464,4.793975672636959
PROJ_2525,Marketing,Critical,0,18220.15897281666,False,True,0.9690450470067538,1.0000000000000009,570382.22,588602.3789728166,588602.3789728164,-18220.158972816425,3.194377092051787
PROJ_2526,Manufacturing,Critical,3,55921.28848914313,True,True,0.9102841791838252,1.0000000000000002,567394.51,623315.7984891431,623315.7984891429,-55921.2884891429,9.855803590546355
PROJ_2527,Marketing,Medium,1,82191.39098064648,True,True,0.893091114413196,1.0000000000000002,686607.11,768798.5009806465,768798.5009806463,-82191.39098064636,11.970658296947487
PROJ_2528,Manufacturing,Medium,1,60133.19522288861,True,True,0.9349492360196012,0.9999999999999996,864270.94,924404.1352228886,924404.1352228887,-60133.195222888724,6.957678713909868
PROJ_2529,IT,High,0,110833.78338367282,False,True,0.8762633032337077,1.0000000000000002,784889.04,895722.8233836729,895722.8233836727,-110833.78338367271,14.12094929796353
PROJ_2530,IT,Low,1,-12703.482010305976,True,False,1.0205204661333134,0.9999999999999998,631767.49,619064.007989694,619064.0079896942,12703.482010305743,-2.010784380548886
PROJ_2531,IT,Medium,3,28688.8902605928,True,True,0.9733838160591004,1.0000000000000002,1049185.02,1077873.9102605928,1077873.9102605926,-28688.89026059257,2.734397624223854
PROJ_2532,Healthcare,Medium,2,-9856.820543288835,True,False,1.019574402510469,1.0,513413.47,503556.6494567112,503556.6494567112,9856.820543288777,-1.919860135981391
PROJ_2533,Manufacturing,Critical,0,-4752.905907294364,False,False,1.0078021132726485,1.0000000000000004,613934.77,609181.8640927057,609181.8640927055,4752.90590729448,-0.7741711562116738
PROJ_2534,Construction,Low,0,36387.08525692078,False,True,0.9564955062759258,0.9999999999999996,800011.23,836398.3152569208,836398.3152569209,-36387.085256920895,4.548321810047703
PROJ_2535,Construction,High,-1,103407.37252429409,False,True,0.9230210064641836,0.9999999999999992,1239911.99,1343319.362524294,1343319.3625242948,-103407.37252429477,8.339896166686376
PROJ_2536,IT,Low,1,36051.88893361093,True,True,0.924497347767191,0.9999999999999998,441439.8,477491.6889336109,477491.6889336111,-36051.8889336111,8.166886840201338
PROJ_2537,IT,Critical,-1,3578.876286442392,False,True,0.9957831440490644,1.0000000000000002,845128.39,848707.2662864424,848707.2662864423,-3578.876286442275,0.4234713126182254
PROJ_2538,IT,Medium,2,28144.56465951586,True,True,0.978563940831636,1.0000000000000004,1284809.67,1312954.2346595158,1312954.2346595153,-28144.564659515396,2.190562953928841
PROJ_2539,Construction,Medium,0,130845.9758514664,False,True,0.9441159556149828,0.9999999999999998,2210537.46,2341383.4358514664,2341383.4358514673,-130845.97585146734,5.919192875902105
PROJ_2540,IT,High,2,66469.28857730515,True,True,0.95300015174589,0.9999999999999998,1347775.46,1414244.748577305,1414244.748577305,-66469.28857730515,4.931777625429176
PROJ_2541,IT,High,2,-28069.113496849663,True,False,1.0584035966205207,1.0000000000000002,508675.02,480605.9065031504,480605.9065031503,28069.11349684972,-5.518083726000487
PROJ_2542,Construction,High,0,-211.31314393493813,False,False,1.0002246323515278,1.0000000000000002,940917.95,940706.636856065,940706.6368560651,211.3131439348217,-0.02245819031668189
PROJ_2543,Marketing,High,0,46542.71662923833,False,True,0.9442542669380796,1.0000000000000002,788368.12,834910.8366292383,834910.8366292382,-46542.71662923822,5.903678173749367
PROJ_2544,Marketing,Medium,1,548.1295620891033,True,True,0.9992072976364872,1.0,690921.44,691469.569562089,691469.569562089,-548.1295620891033,0.07933312390611345
PROJ_2545,R&D,High,0,148384.86723390454,False,True,0.9511587351942042,1.0,2889719.65,3038104.5172339045,3038104.5172339054,-148384.86723390548,5.134922594788927
PROJ_2546,Construction,Low,1,118076.16310632252,True,True,0.9085345288012568,1.0,1172860.86,1290937.0231063226,1290937.0231063226,-118076.16310632252,10.06736324258638
PROJ_2547,R&D,Critical,0,161380.90582951903,False,True,0.9223380911066924,0.9999999999999996,1916612.13,2077993.035829519,2077993.0358295196,-161380.90582951973,8.420112932788323
PROJ_2548,Construction,Low,-1,120205.4577448056,False,True,0.9518191451660428,1.0,2374674.68,2494880.137744806,2494880.137744806,-120205.45774480561,5.0619758048207935
PROJ_2549,IT,High,2,61990.9508329645,True,True,0.8755154548450266,1.0,435990.15,497981.1008329645,497981.1008329646,-61990.95083296456,14.218429208312289
PROJ_2550,IT,Critical,1,-33410.811401598854,True,False,1.0333682859037634,1.0,1034685.24,1001274.4285984013,1001274.4285984013,33410.81140159874,-3.2290797345866014
PROJ_2551,IT,Medium,1,48621.588018619805,True,True,0.9358378875300648,1.0,709171.23,757792.8180186198,757792.8180186198,-48621.588018619805,6.856114004881417
PROJ_2552,R&D,High,2,86429.15947768884,True,True,0.9635950459124708,1.0000000000000004,2287675.18,2374104.339477689,2374104.3394776895,-86429.1594776893,3.778034584336807
PROJ_2553,Construction,High,1,239201.20616297144,True,True,0.910808489482121,1.0,2442681.91,2681883.116162972,2681883.116162972,-239201.2061629719,9.792564688169811
PROJ_2554,IT,Medium,-1,171847.23944874282,False,True,0.795894760007271,1.0000000000000002,670106.84,841954.0794487428,841954.0794487428,-171847.23944874282,25.644752327665067
PROJ_2555,Construction,Medium,-2,9741.48333811108,False,True,0.9911833373463732,0.9999999999999998,1095153.16,1104894.643338111,1104894.6433381112,-9741.483338111313,0.8895087640628562
PROJ_2556,IT,Low,-1,13595.834361890564,False,True,0.9861040149223216,1.0000000000000002,964804.35,978400.1843618904,978400.1843618907,-13595.83436189068,1.4091804583893803
PROJ_2557,IT,Low,2,102851.17433617054,True,True,0.919846688775834,1.0000000000000002,1180329.43,1283180.6043361705,1283180.6043361705,-102851.17433617054,8.713768522756443
PROJ_2558,Manufacturing,Low,0,-573.6550743838307,False,False,1.0005070783784522,0.9999999999999996,1131868.34,1131294.6849256165,1131294.6849256165,573.6550743835978,-0.050682138028845095
PROJ_2559,Marketing,High,-1,61730.84611493279,False,True,0.9554534490320268,1.0000000000000002,1324029.55,1385760.3961149328,1385760.3961149326,-61730.84611493256,4.662346555251169
PROJ_2560,Construction,Medium,2,102411.43150417204,True,True,0.9443520670041148,0.9999999999999994,1737934.22,1840345.651504172,1840345.651504173,-102411.43150417297,5.8927104562204295
PROJ_2561,Marketing,Medium,2,7276.194635810098,True,True,0.990193644478566,0.9999999999999996,734711.45,741987.64463581,741987.6446358102,-7276.194635810214,0.9903472493603053
PROJ_2562,IT,Medium,2,2630.8564035168383,True,True,0.9919328505703312,1.0000000000000002,323488.85,326119.7064035168,326119.7064035169,-2630.8564035168965,0.8132757600507394
PROJ_2563,IT,Medium,0,39468.9176979023,False,True,0.9602090384401156,0.9999999999999998,952437.69,991906.6076979022,991906.6076979025,-39468.917697902536,4.143989482178361
PROJ_2564,Marketing,Medium,0,98734.3989347804,False,True,0.8956861228832056,1.0000000000000002,847778.2,946512.5989347805,946512.5989347803,-98734.39893478039,11.64625357608634
PROJ_2565,IT,Low,2,6597.91813795839,True,True,0.9903492678737296,0.9999999999999996,677072.3,683670.2181379584,683670.2181379583,-6597.918137958273,0.9744776352478566
PROJ_2566,Construction,High,2,79880.03031060915,True,True,0.9429171331288084,0.9999999999999998,1319489.6,1399369.6303106092,1399369.6303106092,-79880.03031060915,6.0538582729723025
PROJ_2567,IT,Medium,1,83570.98050009459,True,True,0.922524012118718,1.0,995098.46,1078669.4405000946,1078669.4405000946,-83570.98050009459,8.398262469433888
PROJ_2568,R&D,Medium,-2,264933.67074419186,False,True,0.904914135537501,1.0000000000000002,2521323.49,2786257.160744192,2786257.1607441898,-264933.6707441895,10.507722305168762
PROJ_2569,IT,High,3,7230.561194080394,True,True,0.9909778950837996,1.0000000000000002,794196.74,801427.3011940804,801427.3011940803,-7230.561194080277,0.9104244364035387
PROJ_2570,Construction,Critical,2,72904.31432741368,True,True,0.9378352548762322,1.0,1099855.49,1172759.8043274137,1172759.8043274134,-72904.31432741345,6.628535747674764
PROJ_2571,IT,Critical,1,2719.9545097738737,True,True,0.9955941861172224,1.0,614635.79,617355.7445097739,617355.7445097737,-2719.954509773641,0.44253109793258877
PROJ_2572,R&D,High,1,125391.39842594438,True,True,0.941263539908364,1.0000000000000002,2009422.28,2134813.6784259444,2134813.6784259444,-125391.39842594438,6.240171599269038
PROJ_2573,Construction,Medium,2,249600.051962778,True,True,0.9139562835084946,0.9999999999999998,2651251.54,2900851.591962778,2900851.5919627775,-249600.0519627775,9.414423648492345
PROJ_2574,Healthcare,Medium,1,25782.568532791687,True,True,0.9780398393901092,1.0,1148278.45,1174061.0185327916,1174061.018532792,-25782.568532792153,2.245323730737275
PROJ_2575,R&D,Medium,4,260423.83732817508,True,True,0.8987503788888354,0.9999999999999996,2311673.07,2572096.907328175,2572096.907328176,-260423.837328176,11.265599824986326
PROJ_2576,Construction,High,0,65606.02106607938,False,True,0.9591768687557292,1.0000000000000002,1541473.57,1607079.5910660794,1607079.5910660797,-65606.02106607961,4.2560587701857004
PROJ_2577,IT,Low,2,11611.857311965316,True,True,0.9853584308219628,0.9999999999999996,781462.79,793074.6473119654,793074.6473119656,-11611.857311965548,1.485913016020321
PROJ_2578,IT,High,3,20444.007234379184,True,True,0.9884117173942492,1.0,1743752.46,1764196.4672343791,1764196.4672343791,-20444.007234379184,1.1724145314971588
PROJ_2579,Construction,Critical,-5,169473.62553037866,False,True,0.9193556265116823,1.0000000000000002,1932019.86,2101493.4855303788,2101493.4855303783,-169473.6255303782,8.771836617164908
PROJ_2580,IT,Medium,-1,46844.36922863452,False,True,0.958936000160112,1.0,1093920.52,1140764.8892286343,1140764.8892286345,-46844.36922863452,4.282246138744569
PROJ_2581,IT,Critical,1,19161.2227630266,True,True,0.9854182730355986,0.9999999999999998,1294895.94,1314057.1627630263,1314057.1627630263,-19161.222763026366,1.479750007018044
PROJ_2582,Construction,Medium,2,13237.2564104083,True,True,0.9897345785466904,0.9999999999999998,1276262.3,1289499.5564104083,1289499.5564104086,-13237.256410408532,1.0371893309399276
PROJ_2583,Construction,Medium,-2,152646.71302958555,False,True,0.9063474846921268,0.9999999999999996,1477279.75,1629926.4630295855,1629926.463029586,-152646.713029586,10.33295914532004
PROJ_2584,Healthcare,Medium,1,26.51027095410973,True,True,0.9999529392135272,1.0000000000000002,563293.25,563319.7602709541,563319.760270954,-26.510270953993313,0.004706300129460687
PROJ_2585,Construction,High,1,-21742.962974141585,True,False,1.0188749565987487,0.9999999999999998,1173690.67,1151947.7070258583,1151947.7070258588,21742.96297414112,-1.8525292506705469
PROJ_2586,Manufacturing,Critical,2,13323.643595541129,True,True,0.989961644863414,0.9999999999999994,1313949.94,1327273.583595541,1327273.583595541,-13323.643595541129,1.0140145518436667
PROJ_2587,Healthcare,High,1,-5327.069236141222,True,False,1.0229911172168744,1.0000000000000002,237028.26,231701.1907638588,231701.19076385876,5327.069236141251,-2.2474405525067986
PROJ_2588,Construction,Critical,0,92243.47170592051,False,True,0.9584831029324848,0.9999999999999998,2129586.15,2221829.6217059204,2221829.621705921,-92243.471705921,4.331521019044991
PROJ_2589,Marketing,Medium,1,63070.26195610745,True,True,0.9200355344030337,1.0000000000000002,725658.35,788728.6119561074,788728.6119561071,-63070.261956107104,8.691454037028183
PROJ_2590,Construction,Medium,5,165077.4699479821,True,True,0.9334280056535744,1.0,2314605.94,2479683.409947982,2479683.4099479825,-165077.46994798258,7.131990249190434
PROJ_2591,Marketing,High,0,37355.35683867568,False,True,0.9353102899725452,1.0,540099.03,577454.3868386757,577454.3868386757,-37355.35683867568,6.916390284699396
PROJ_2592,IT,Medium,1,83312.40539825882,True,True,0.8618412302020152,1.0000000000000002,519706.9,603019.3053982588,603019.3053982587,-83312.4053982587,16.030652161489236
PROJ_2593,IT,Low,3,23094.96956835338,True,True,0.9832563477806068,1.0,1356231.91,1379326.8795683533,1379326.8795683533,-23094.96956835338,1.7028776124544496
PROJ_2594,Manufacturing,Low,0,18149.32705668884,False,True,0.9774140633628002,1.0000000000000002,785418.28,803567.6070566889,803567.6070566886,-18149.327056688606,2.310784905170351
PROJ_2595,Construction,Low,-1,116927.58706401242,False,True,0.9522380771623448,0.9999999999999998,2331206.41,2448133.9970640126,2448133.997064012,-116927.58706401195,5.015754356303951
PROJ_2596,IT,Critical,0,258052.77592597948,False,True,0.80703237302982,0.9999999999999992,1079232.55,1337285.3259259795,1337285.3259259802,-258052.77592598018,23.910766583715453
PROJ_2597,Marketing,Medium,0,40270.93733308697,False,True,0.9424448670011708,1.0,659422.3,699693.237333087,699693.2373330873,-40270.937333087204,6.107002649605147
PROJ_2598,Construction,High,0,361537.80965657113,False,True,0.8549251682131702,1.0000000000000002,2130540.28,2492078.089656571,2492078.089656571,-361537.80965657113,16.969301779949035
PROJ_2599,IT,Medium,0,36218.42055442964,False,True,0.9637451074062706,1.0,962775.59,998994.0105544296,998994.0105544297,-36218.42055442976,3.7618756572785315
PROJ_2600,Construction,High,0,102083.0407283809,False,True,0.9276122978279928,1.0000000000000002,1308143.25,1410226.290728381,1410226.2907283804,-102083.04072838044,7.803659173288585
PROJ_2601,R&D,High,1,158719.88579826686,True,True,0.901242027855778,1.0000000000000002,1448440.35,1607160.235798267,1607160.2357982665,-158719.8857982664,10.957985656659343
PROJ_2602,R&D,Low,2,90628.9125070324,True,True,0.9098054789635232,1.0,914187.25,1004816.1625070324,1004816.1625070325,-90628.91250703251,9.91360495424023
PROJ_2603,R&D,High,4,103296.59023288894,True,True,0.948359731594688,1.0000000000000002,1897014.28,2000310.870232889,2000310.8702328897,-103296.59023288963,5.445219433608567
PROJ_2604,Manufacturing,Critical,1,27767.63536856626,True,True,0.9547017722668888,1.0,585228.43,612996.0653685663,612996.0653685665,-27767.635368566494,4.744751612386038
PROJ_2605,Manufacturing,High,1,13213.571285686688,True,True,0.9844640834135392,0.9999999999999996,837304.08,850517.6512856866,850517.651285687,-13213.571285687038,1.5781090288831554
PROJ_2606,R&D,Medium,2,85777.78234532336,True,True,0.9365836066908884,1.0000000000000002,1266834.34,1352612.1223453234,1352612.1223453234,-85777.78234532336,6.771033878456702
PROJ_2607,Construction,Critical,0,114866.19593209168,False,True,0.9127324632751482,1.0000000000000002,1201387.25,1316253.4459320917,1316253.4459320914,-114866.19593209145,9.561129929761735
PROJ_2608,Marketing,Low,1,19074.551180843497,True,True,0.9767759958137372,1.0000000000000002,802254.58,821329.1311808435,821329.1311808435,-19074.551180843497,2.377618234456636
PROJ_2609,Marketing,Medium,3,4677.017466890393,True,True,0.991794601795066,1.0,565315.73,569992.7474668904,569992.7474668903,-4677.017466890276,0.8273283792917413
PROJ_2610,IT,Medium,2,62650.17216441524,True,True,0.9430713026557788,1.0,1037852.3,1100502.4721644153,1100502.4721644153,-62650.17216441524,6.036521012133926
PROJ_2611,R&D,High,0,21894.26341442368,False,True,0.9892587029276202,1.0000000000000002,2016431.58,2038325.843414424,2038325.8434144235,-21894.263414423447,1.0857925273330349
PROJ_2612,IT,Critical,0,151039.98298157402,False,True,0.882680732041108,0.9999999999999998,1136386.93,1287426.912981574,1287426.9129815744,-151039.9829815745,13.291246053100462
PROJ_2613,Construction,Low,0,169295.77171141468,False,True,0.92592160287189,1.0000000000000004,2116063.77,2285359.5417114147,2285359.541711414,-169295.77171141375,8.00050424337702
PROJ_2614,R&D,Critical,-2,163689.26485040085,False,True,0.9047115973200456,1.0,1554140.61,1717829.874850401,1717829.8748504007,-163689.26485040062,10.532461721748627
PROJ_2615,Construction,Medium,1,97347.50902817772,True,True,0.9374364987742524,1.0000000000000009,1458631.73,1555979.2390281777,1555979.2390281772,-97347.50902817724,6.673892184436249
PROJ_2616,Marketing,Medium,1,118150.63081171818,True,True,0.8484423112319026,1.0,661424.67,779575.3008117182,779575.3008117183,-118150.63081171829,17.863051708022667
PROJ_2617,Construction,High,-3,174017.384304279,False,True,0.9399678971258648,0.9999999999999998,2724721.39,2898738.774304279,2898738.774304279,-174017.384304279,6.386612038314824
PROJ_2618,Construction,Medium,0,-17942.481255691615,False,False,1.019564992191561,1.0,935013.19,917070.7087443084,917070.7087443082,17942.48125569173,-1.9189548818762368
PROJ_2619,R&D,Critical,3,214421.4320365782,True,True,0.9010718979586726,1.0,1953025.71,2167447.142036578,2167447.142036578,-214421.4320365782,10.978935450705265
PROJ_2620,R&D,Low,2,128522.68802344728,True,True,0.9293206306249956,1.0,1689867.73,1818390.4180234475,1818390.418023448,-128522.68802344799,7.605488035649274
PROJ_2621,Construction,High,-1,160552.9710948998,False,True,0.9314032642615824,0.9999999999999998,2179980.72,2340533.6910949,2340533.6910949005,-160552.97109490028,7.36488032311131
PROJ_2622,IT,Critical,4,109797.44532798605,True,True,0.913384902385904,1.0000000000000004,1157850.44,1267647.885327986,1267647.8853279857,-109797.4453279858,9.482869422063336
PROJ_2623,IT,Medium,1,7062.172172216233,True,True,0.9937658116541238,1.0000000000000002,1125751.24,1132813.4121722162,1132813.4121722162,-7062.172172216233,0.6273297262560629
PROJ_2624,IT,High,1,59917.280517561245,True,True,0.8916310221482032,1.0000000000000002,492983.39,552900.6705175613,552900.6705175611,-59917.28051756113,12.15401608511823
PROJ_2625,Marketing,Medium,0,20557.664035747992,False,True,0.9730414259698612,1.0000000000000002,742007.3,762564.964035748,762564.9640357479,-20557.664035747875,2.770547410483411
PROJ_2626,IT,Critical,0,-1071.1989798371214,False,False,1.0007495730250189,1.0,1430150.08,1429078.881020163,1429078.8810201632,1071.1989798368886,-0.07490115861384901
PROJ_2627,IT,Medium,4,200046.57569107576,True,True,0.8557370833242149,0.9999999999999994,1186633.94,1386680.5156910757,1386680.5156910764,-200046.57569107646,16.858322431859353
PROJ_2628,IT,Low,4,62739.61636254331,True,True,0.9518265914557692,0.9999999999999996,1239630.68,1302370.2963625432,1302370.2963625437,-62739.61636254378,5.061153888393903
PROJ_2629,Construction,High,1,194677.18003648007,True,True,0.8724104577333756,1.0000000000000002,1331131.1,1525808.2800364802,1525808.2800364802,-194677.18003648007,14.62494415737714
PROJ_2630,IT,Medium,1,43006.445222438895,True,True,0.95409154818446,1.0,893780.65,936787.0952224388,936787.095222439,-43006.44522243901,4.811744942390397
PROJ_2631,Construction,Low,3,212853.0179457711,True,True,0.9181402246898284,0.9999999999999996,2387362.01,2600215.027945771,2600215.0279457723,-212853.0179457725,8.915824958853749
PROJ_2632,IT,Medium,6,113954.50995531584,True,True,0.9176716421907454,1.0000000000000004,1270192.01,1384146.519955316,1384146.5199553159,-113954.50995531585,8.971439676692333
PROJ_2633,IT,High,2,121916.18209303867,True,True,0.9326257109609508,1.0000000000000002,1687619.53,1809535.7120930387,1809535.712093038,-121916.18209303799,7.224150937210237
PROJ_2634,R&D,Medium,-2,243156.9428676397,False,True,0.8518462985804822,0.9999999999999996,1398090.9,1641247.8428676396,1641247.8428676398,-243156.94286763994,17.392069633500938
PROJ_2635,Construction,Critical,-3,160730.33176207473,False,True,0.9147658563235904,1.0,1725020.2,1885750.531762075,1885750.5317620744,-160730.3317620745,9.317591281660034
PROJ_2636,Construction,Medium,0,139092.3460463609,False,True,0.9367859170614468,1.0,2061245.61,2200337.956046361,2200337.9560463615,-139092.34604636137,6.747975368464769
PROJ_2637,Marketing,High,1,153101.03038521297,True,True,0.8838865053664514,0.9999999999999994,1165445.37,1318546.400385213,1318546.4003852133,-153101.0303852132,13.136697294117972
PROJ_2638,Construction,Low,1,67019.32902894751,True,True,0.9630226710787124,0.9999999999999996,1745424.43,1812443.7590289477,1812443.7590289481,-67019.32902894821,3.839715308038184
PROJ_2639,Healthcare,Low,1,4105.083347662585,True,True,0.9945334777814918,1.0000000000000002,746844.64,750949.7233476626,750949.7233476626,-4105.083347662585,0.5496569336914013
PROJ_2640,Construction,Low,0,48448.42789279495,False,True,0.9267705504870264,1.0,613149.17,661597.597892795,661597.5978927951,-48448.427892795065,7.901572775968215
PROJ_2641,Marketing,High,-1,-54643.48021165788,False,False,1.1042662546180562,1.0,578719.85,524076.3697883421,524076.36978834216,54643.48021165782,-9.442129937595508
PROJ_2642,R&D,Critical,2,178655.0653270732,True,True,0.8895828669983925,0.9999999999999996,1439346.24,1618001.3053270732,1618001.3053270741,-178655.06532707415,12.412236914383724
PROJ_2643,Marketing,Low,2,179517.71211896557,True,True,0.845717395844855,1.0,984046.47,1163564.1821189655,1163564.1821189653,-179517.71211896534,18.242808403038662
PROJ_2644,IT,Low,0,-7731.034828413511,False,False,1.0117784383294657,1.0,664102.84,656371.8051715865,656371.8051715863,7731.034828413627,-1.1641321739286083
PROJ_2645,Construction,Low,-3,112949.21720746718,False,True,0.962739070006426,1.0,2918355.08,3031304.2972074677,3031304.2972074677,-112949.21720746765,3.870304130622366
PROJ_2646,IT,Medium,2,68125.29890880687,True,True,0.914846487544304,1.0000000000000002,731903.93,800029.2289088069,800029.228908807,-68125.29890880699,9.307956429309922
PROJ_2647,IT,Low,2,15731.061088782502,True,True,0.9745451468554248,1.0,602267.44,617998.5010887824,617998.5010887824,-15731.061088782502,2.6119726958479617
PROJ_2648,Construction,Critical,3,56942.40826990223,True,True,0.9727858500831464,1.0000000000000002,2035439.99,2092382.3982699024,2092382.3982699027,-56942.40826990269,2.7975478790658275
PROJ_2649,IT,Critical,-1,6833.053753788467,False,True,0.992703999968906,1.0,929714.88,936547.9337537884,936547.9337537887,-6833.053753788699,0.7349622879853982
PROJ_2650,Manufacturing,Medium,2,5744.684382794949,True,True,0.988556766561242,0.9999999999999998,496271.15,502015.834382795,502015.8343827952,-5744.684382795182,1.1575696839913385
PROJ_2651,Construction,Medium,-1,-56363.090306919534,False,False,1.0213015239828245,1.0,2702328.25,2645965.1596930805,2645965.15969308,56363.09030692,-2.0857233131067625
PROJ_2652,R&D,Medium,5,151319.90187873202,True,True,0.9286733748439312,1.0,1970186.64,2121506.541878732,2121506.541878732,-151319.90187873202,7.6804856355503475
PROJ_2653,IT,High,0,48406.88058820041,False,True,0.9654878131669272,1.0,1354195.65,1402602.5305882003,1402602.5305882005,-48406.88058820064,3.5745854440014373
PROJ_2654,Construction,Low,2,96328.12174484272,True,True,0.9285095973710082,0.9999999999999998,1251099.2,1347427.3217448427,1347427.3217448427,-96328.12174484273,7.699479125623511
PROJ_2655,Construction,Low,0,52269.764436966274,False,True,0.9635712903512532,0.9999999999999998,1382581.07,1434850.8344369663,1434850.8344369663,-52269.764436966274,3.7805930929581057
PROJ_2656,IT,Critical,2,94477.10430241446,True,True,0.933862380028442,0.9999999999999996,1334015.55,1428492.6543024145,1428492.6543024154,-94477.10430241539,7.082159147426384
PROJ_2657,Marketing,Medium,-2,22014.85900394083,False,True,0.974225779995804,0.9999999999999996,832127.73,854142.5890039408,854142.5890039412,-22014.85900394118,2.6456105487484693
PROJ_2658,IT,Medium,2,79478.85108170693,True,True,0.8819516581872826,0.9999999999999996,593794.91,673273.761081707,673273.7610817072,-79478.85108170717,13.38489935552111
PROJ_2659,IT,Low,0,-49670.23357054114,False,False,1.054059527938319,1.0,968476.51,918806.2764294588,918806.2764294589,49670.23357054114,-5.128697811219101
PROJ_2660,IT,Medium,1,18310.27916376397,True,True,0.9691192810053036,1.0,574625.37,592935.649163764,592935.6491637641,-18310.27916376409,3.1864724600941465
PROJ_2661,IT,High,5,91438.793055851,True,True,0.9371237152180288,1.0000000000000004,1362826.41,1454265.203055851,1454265.2030558507,-91438.79305585078,6.7094967036814905
PROJ_2662,IT,Critical,2,164571.0610334319,True,True,0.9002482419386679,1.0,1485235.06,1649806.121033432,1649806.1210334317,-164571.06103343167,11.080472409090024
PROJ_2663,Marketing,Medium,-1,11896.751447568007,False,True,0.9773913633643564,1.0,514307.09,526203.841447568,526203.8414475679,-11896.75144756789,2.3131610819457866
PROJ_2664,Construction,Medium,1,217668.61890839203,True,True,0.8848774955215224,1.0000000000000002,1673087.84,1890756.458908392,1890756.458908392,-217668.6189083918,13.009993480580901
PROJ_2665,Construction,Medium,0,3967.957484266022,False,True,0.9955069651555194,1.0,879167.3,883135.2574842661,883135.2574842662,-3967.9574842661386,0.4513313318484592
PROJ_2666,Manufacturing,Medium,0,64399.665994741896,False,True,0.8859338764970527,1.0,500182.21,564581.8759947419,564581.8759947419,-64399.665994741896,12.875241203548981
PROJ_2667,Manufacturing,Low,0,28968.499499411555,False,True,0.9279715994600048,1.0,373213.13,402181.6294994116,402181.62949941156,-28968.499499411555,7.761918638664067
PROJ_2668,Construction,High,1,309814.2503091125,True,True,0.8703065809023374,1.0,2079005.88,2388820.1303091124,2388820.130309113,-309814.25030911295,14.902038194769943
PROJ_2669,R&D,Critical,1,105097.5773819061,True,True,0.943869752901875,1.0000000000000002,1767290.0,1872387.577381906,1872387.5773819059,-105097.57738190587,5.946821256381571
PROJ_2670,IT,Critical,3,81149.30131036858,True,True,0.889666250292029,0.9999999999999994,654340.08,735489.3813103685,735489.3813103687,-81149.3013103687,12.401701162852305
PROJ_2671,Manufacturing,Medium,-1,-19794.31119586097,False,False,1.0238774056049584,1.0,848791.88,828997.568804139,828997.5688041392,19794.31119586085,-2.3320570875231335
PROJ_2672,Construction,Medium,0,-16741.943196982145,False,False,1.0078982445736822,1.0,2136446.27,2119704.326803018,2119704.3268030174,16741.94319698261,-0.7836351155689307
PROJ_2673,R&D,Low,3,89135.99501996045,True,True,0.9415774084101772,1.0,1436575.08,1525711.0750199603,1525711.0750199608,-89135.99501996068,6.204757151986841
PROJ_2674,Construction,Low,0,116362.53214503871,False,True,0.944303678824911,1.0,1972869.39,2089231.9221450384,2089231.9221450386,-116362.53214503871,5.898136629563639
PROJ_2675,Marketing,High,0,7676.723539028666,False,True,0.986012771764074,1.0,541161.36,548838.0835390287,548838.0835390287,-7676.723539028666,1.418564610568032
PROJ_2676,IT,Critical,-1,-9009.889047458768,False,False,1.0103629781159589,1.0,878440.37,869430.4809525412,869430.4809525412,9009.889047458768,-1.0256688279773354
PROJ_2677,Healthcare,Critical,0,56774.13915609068,False,True,0.9278753244729592,0.9999999999999996,730392.51,787166.6491560907,787166.649156091,-56774.13915609103,7.773099857786196
PROJ_2678,Healthcare,Medium,1,-27293.590257150998,True,False,1.055356980245768,1.0,520340.54,493046.949742849,493046.94974284887,27293.59025715111,-5.245332269738412
PROJ_2679,Manufacturing,Medium,2,-13852.828918365762,True,False,1.025840522944209,0.9999999999999996,549942.17,536089.3410816343,536089.3410816343,13852.828918365762,-2.518961024277473
PROJ_2680,Manufacturing,Low,0,23159.953161193054,False,True,0.9746245715494014,1.0000000000000004,889532.15,912692.1031611932,912692.1031611932,-23159.953161193174,2.603610579021025
PROJ_2681,IT,Low,2,521.4562235954218,True,True,0.999244513349768,1.0000000000000004,689704.14,690225.5962235954,690225.5962235953,-521.4562235953053,0.07560578418382487
PROJ_2682,Construction,Critical,1,77223.1663176734,True,True,0.9428105381501986,0.9999999999999996,1273080.96,1350304.1263176734,1350304.126317674,-77223.1663176741,6.0658488143341724
PROJ_2683,Marketing,Critical,0,-32370.261163863528,False,False,1.0696392225694706,1.0000000000000002,497198.27,464828.0088361365,464828.00883613643,32370.261163863586,-6.5105337482094585
PROJ_2684,IT,High,0,92868.63340911012,False,True,0.9001523271201999,1.0000000000000004,837234.5,930103.13340911,930103.1334091099,-92868.6334091099,11.09230847619274
PROJ_2685,Construction,Medium,0,11030.167344901478,False,True,0.9911130212305196,1.0000000000000002,1230130.37,1241160.5373449016,1241160.5373449011,-11030.167344901012,0.8966665333936119
PROJ_2686,Healthcare,Low,0,9618.29772226789,False,True,0.963950992091435,1.0000000000000002,257193.42,266811.7177222679,266811.71772226784,-9618.297722267831,3.739713761832566
PROJ_2687,IT,Medium,0,42174.72540084558,False,True,0.9163383874355524,1.0,461936.11,504110.8354008456,504110.83540084556,-42174.72540084558,9.12999102859605
PROJ_2688,Manufacturing,High,0,17734.49525607482,False,True,0.959135710904748,1.0,416250.67,433985.1652560748,433985.1652560749,-17734.495256074937,4.260532543064721
PROJ_2689,Construction,High,4,24485.577159349574,True,True,0.9819357199532136,0.9999999999999996,1330983.73,1355469.3071593496,1355469.30715935,-24485.57715935004,1.8396601406502573
PROJ_2690,IT,Critical,0,-26346.49630659318,False,False,1.0411443545821204,1.0,666689.42,640342.9236934069,640342.9236934069,26346.49630659318,-3.951839569704463
PROJ_2691,IT,Low,0,53377.26286268141,False,True,0.9392297349733908,1.0,824967.81,878345.0728626815,878345.0728626816,-53377.26286268153,6.470223712447826
PROJ_2692,Manufacturing,Low,-1,-19445.567103135632,False,False,1.016050105852203,0.9999999999999998,1230999.39,1211553.8228968645,1211553.822896864,19445.567103135865,-1.5796569243739325
PROJ_2693,IT,High,1,68970.60305113439,True,True,0.8911896650124927,1.0000000000000002,564890.17,633860.7730511344,633860.7730511343,-68970.60305113427,12.209559789495763
PROJ_2694,Manufacturing,Low,1,34244.7000502256,True,True,0.9567065607207896,1.0,756745.82,790990.5200502255,790990.5200502254,-34244.70005022548,4.525257906310666
PROJ_2695,R&D,Critical,2,103508.10268978588,True,True,0.9352274511409876,1.0000000000000002,1494516.13,1598024.2326897858,1598024.2326897848,-103508.10268978495,6.925860525157729
PROJ_2696,Construction,Medium,3,379238.3738036626,True,True,0.8953399385035963,1.0000000000000002,3244286.86,3623525.2338036634,3623525.233803662,-379238.37380366214,11.689421748718674
PROJ_2697,IT,Low,1,21316.848498505773,True,True,0.9759869436461472,1.0000000000000009,866402.24,887719.0884985058,887719.0884985054,-21316.848498505424,2.4603870482266323
PROJ_2698,R&D,Critical,-4,168277.79467490013,False,True,0.9115387490320932,1.0000000000000004,1733999.11,1902276.9046749,1902276.9046748993,-168277.7946748992,9.70460675005186
PROJ_2699,IT,High,1,-11994.893770159804,True,False,1.0199490663901838,1.0,613270.84,601275.9462298402,601275.9462298403,11994.893770159688,-1.955888489685844
PROJ_2700,Manufacturing,Low,2,43683.84139015386,True,True,0.9594573346445616,1.0000000000000002,1033794.44,1077478.2813901538,1077478.2813901538,-43683.84139015386,4.225582930215204
PROJ_2701,Construction,Low,2,140624.48045892338,True,True,0.9192480022187054,0.9999999999999996,1600812.07,1741436.5504589234,1741436.5504589244,-140624.4804589243,8.784571474334541
PROJ_2702,Healthcare,Low,1,41669.65825252293,True,True,0.956214432126226,1.0,910005.98,951675.6382525228,951675.638252523,-41669.65825252305,4.579053233531833
PROJ_2703,Construction,Medium,2,43221.23437627102,True,True,0.967989963506204,1.0000000000000009,1307018.85,1350240.084376271,1350240.0843762706,-43221.23437627056,3.3068562382455737
PROJ_2704,Manufacturing,High,0,6679.622867709491,False,True,0.9942126951741314,1.0000000000000002,1147505.8,1154185.4228677095,1154185.4228677095,-6679.622867709491,0.5820992684925419
PROJ_2705,R&D,Critical,0,153561.45059246267,False,True,0.9247489015467856,1.0,1887092.49,2040653.940592463,2040653.9405924634,-153561.45059246337,8.137462864497087
PROJ_2706,Construction,Medium,-1,234108.32270064345,False,True,0.8887431532719404,1.0,1870106.65,2104214.972700644,2104214.9727006434,-234108.32270064345,12.518447688565967
PROJ_2707,R&D,Critical,2,367905.0316507842,True,True,0.8427645068951574,0.9999999999999996,1971929.47,2339834.501650784,2339834.501650785,-367905.0316507851,18.657109052221077
PROJ_2708,R&D,Critical,-1,3948.212557650637,False,True,0.997552971563049,1.0,1609524.07,1613472.2825576507,1613472.282557651,-3948.2125576508697,0.24530310737452157
PROJ_2709,Construction,Medium,1,77454.90034357645,True,True,0.9410258771647316,0.9999999999999994,1235916.06,1313370.9603435765,1313370.9603435765,-77454.90034357645,6.267003306322959
PROJ_2710,Manufacturing,Critical,0,8299.987507627695,False,True,0.984700358287252,1.0,534195.56,542495.5475076278,542495.5475076279,-8299.987507627811,1.5537357719011762
PROJ_2711,Healthcare,Critical,0,22811.98640179197,False,True,0.9404099277551988,1.0,360003.23,382815.216401792,382815.21640179196,-22811.986401791975,6.336606035949171
PROJ_2712,Construction,Medium,3,184630.7431722181,True,True,0.9220221272020236,1.0000000000000002,2183101.75,2367732.493172218,2367732.493172219,-184630.74317221902,8.457266967617016
PROJ_2713,R&D,Medium,4,202190.62035744544,True,True,0.928737404643846,0.9999999999999998,2635070.91,2837261.5303574456,2837261.530357445,-202190.62035744498,7.6730618364059495
PROJ_2714,IT,Medium,2,69186.08236504195,True,True,0.9064980568443108,0.9999999999999998,670756.64,739942.722365042,739942.7223650421,-69186.08236504206,10.314632496972683
PROJ_2715,IT,Medium,0,26157.093429332366,False,True,0.9794576367720844,0.9999999999999998,1247167.36,1273324.4534293325,1273324.4534293325,-26157.093429332366,2.097320236903278
PROJ_2716,Marketing,Low,0,10727.45294661948,False,True,0.9852453600416252,0.9999999999999996,716328.78,727056.2329466195,727056.2329466196,-10727.452946619596,1.4975599537714506
PROJ_2717,IT,Critical,0,191292.61351576095,False,True,0.8430915320135299,1.0,1027842.44,1219135.053515761,1219135.0535157612,-191292.61351576122,18.61108337925424
PROJ_2718,Construction,Critical,-1,124332.0193323528,False,True,0.9143156591894922,1.0000000000000002,1326715.14,1451047.1593323527,1451047.1593323525,-124332.01933235256,9.37141784123701
PROJ_2719,Manufacturing,Low,0,-58860.94405334012,False,False,1.107786071868193,1.0000000000000002,604951.39,546090.4459466599,546090.4459466598,58860.94405334024,-9.729863428091344
PROJ_2720,Construction,Low,2,93285.3619477253,True,True,0.9466785904480072,1.0000000000000002,1656206.31,1749491.6719477254,1749491.6719477254,-93285.3619477253,5.632472318483395
PROJ_2721,Construction,Low,1,263452.164965719,True,True,0.91543313219463,1.0,2851859.68,3115311.844965719,3115311.8449657196,-263452.16496571945,9.23790769978274
PROJ_2722,Healthcare,High,1,24140.68038775469,True,True,0.973434284779375,1.0000000000000002,884574.94,908715.6203877546,908715.6203877546,-24140.68038775469,2.729071251753378
PROJ_2723,IT,Medium,0,37246.47585521173,False,True,0.9477828035887432,0.9999999999999998,676052.56,713299.0358552118,713299.0358552118,-37246.47585521173,5.509405341976921
PROJ_2724,Marketing,High,1,203842.79010560224,True,True,0.8422387161409034,1.0000000000000004,1088253.63,1292096.420105602,1292096.4201056024,-203842.79010560247,18.73118402606224
PROJ_2725,R&D,High,1,94470.58588595876,True,True,0.9434689272884528,1.0000000000000002,1576656.13,1671126.7158859586,1671126.7158859582,-94470.58588595828,5.991831959322562
PROJ_2726,Manufacturing,Critical,-1,54985.773393323645,False,True,0.9502559048472704,1.0,1050387.1,1105372.8733933235,1105372.8733933237,-54985.773393323645,5.234810423064377
PROJ_2727,IT,Medium,-1,21848.68465289718,False,True,0.9740658954975596,1.0,820620.53,842469.2146528972,842469.2146528971,-21848.684652897064,2.6624589385909054
PROJ_2728,Marketing,Low,0,32990.34201135708,False,True,0.9630677059026562,1.0,860275.1,893265.442011357,893265.4420113572,-32990.34201135719,3.834859571241478
PROJ_2729,R&D,Medium,-1,36706.10376330349,False,True,0.9696588329907884,1.0000000000000002,1173072.8,1209778.9037633035,1209778.9037633033,-36706.103763303254,3.1290559088321928
PROJ_2730,Construction,Low,0,25103.94532234536,False,True,0.9669080839358845,1.0,733508.68,758612.6253223454,758612.6253223454,-25103.94532234536,3.422446933054065
PROJ_2731,IT,High,2,143588.1885769139,True,True,0.884726681265014,0.9999999999999996,1102044.28,1245632.468576914,1245632.4685769142,-143588.18857691414,13.029257642616152
PROJ_2732,R&D,Critical,2,55508.68556683208,True,True,0.9472884885090446,1.0,997557.03,1053065.715566832,1053065.7155668323,-55508.68556683231,5.5644623713225005
PROJ_2733,R&D,Medium,1,72248.59552240116,True,True,0.952337001971732,1.0000000000000004,1443572.87,1515821.4655224013,1515821.4655224006,-72248.59552240046,5.004845756238163
PROJ_2734,Construction,Low,1,48447.23403758451,True,True,0.95429092961289,0.9999999999999996,1011456.93,1059904.1640375846,1059904.164037585,-48447.234037584974,4.789846468063151
PROJ_2735,Construction,High,4,132360.3809117605,True,True,0.9193673736597916,1.0000000000000002,1509163.49,1641523.8709117605,1641523.8709117605,-132360.3809117605,8.770446793127794
PROJ_2736,IT,Medium,2,-18828.971494418103,True,False,1.0352090718689042,1.0,553605.11,534776.1385055819,534776.1385055819,18828.971494418103,-3.4011556530643485
PROJ_2737,IT,Medium,2,-18872.99647197057,True,False,1.0342964832804329,1.0000000000000004,569162.55,550289.5535280295,550289.5535280291,18872.996471970924,-3.315923802781986
PROJ_2738,Construction,Medium,5,248927.51464727428,True,True,0.9124980365237088,0.9999999999999998,2595894.53,2844822.044647274,2844822.0446472736,-248927.5146472738,9.589276905147369
PROJ_2739,Marketing,High,0,98716.47933616198,False,True,0.8933972403166653,1.0,827305.32,926021.799336162,926021.7993361619,-98716.47933616198,11.932291132391363
PROJ_2740,Construction,Critical,1,66317.43121579965,True,True,0.9691729935544146,0.9999999999999998,2084959.61,2151277.0412158,2151277.0412157997,-66317.43121579965,3.1807537612586962
PROJ_2741,Healthcare,Critical,-1,88518.49449374608,False,True,0.8683466067721846,1.0,583841.65,672360.1444937461,672360.144493746,-88518.49449374597,15.161387423070272
PROJ_2742,IT,Medium,0,124415.48146792884,False,True,0.875966795252834,0.9999999999999996,878666.57,1003082.0514679288,1003082.0514679288,-124415.48146792885,14.159578356091194
PROJ_2743,Healthcare,Medium,1,75587.01058254857,True,True,0.9098929062073982,1.0000000000000002,763270.48,838857.4905825485,838857.4905825483,-75587.01058254833,9.903043883283463
PROJ_2744,Construction,Medium,1,201896.5416369608,True,True,0.8994217641369489,1.0000000000000002,1805461.61,2007358.151636961,2007358.1516369607,-201896.54163696058,11.182544149302657
PROJ_2745,IT,Critical,3,103481.04031023406,True,True,0.9307978483237264,1.0,1391863.22,1495344.260310234,1495344.260310234,-103481.04031023406,7.434713326948468
PROJ_2746,R&D,Critical,-2,160135.99062874215,False,True,0.9403655494201518,1.0000000000000004,2525157.31,2685293.300628742,2685293.300628742,-160135.99062874215,6.34162434136597
PROJ_2747,IT,Low,2,47046.5671341524,True,True,0.9370761300838384,0.9999999999999996,700627.84,747674.4071341524,747674.4071341526,-47046.56713415263,6.714915458419784
PROJ_2748,Marketing,Medium,-1,-20768.048645677045,False,False,1.0282908401731368,1.0000000000000002,754858.96,734090.9113543229,734090.9113543226,20768.048645677394,-2.7512488751113713
PROJ_2749,Construction,High,2,223987.35344411805,True,True,0.9217443010555908,0.9999999999999996,2638262.38,2862249.733444118,2862249.7334441184,-223987.35344411852,8.48995744858851
PROJ_2750,R&D,High,0,17653.376916603185,False,True,0.9900775550988304,0.9999999999999998,1761482.42,1779135.796916603,1779135.7969166033,-17653.376916603418,1.0021886517949705
PROJ_2751,Construction,Medium,1,107479.66130991584,True,True,0.9164250859336494,1.0,1178548.12,1286027.781309916,1286027.781309916,-107479.66130991583,9.119666773548103
PROJ_2752,Manufacturing,Low,1,-3330.4232686480973,True,False,1.0046988607543423,1.0000000000000002,712102.92,708772.496731352,708772.4967313518,3330.4232686482137,-0.46768847242589784
PROJ_2753,Manufacturing,Low,1,3526.307366976631,True,True,0.9879955084150592,1.0000000000000002,290222.69,293748.99736697663,293748.99736697663,-3526.307366976631,1.215035036363501
PROJ_2754,IT,Medium,3,103285.25679602264,True,True,0.9165896259111028,1.0000000000000002,1134993.05,1238278.3067960227,1238278.3067960225,-103285.25679602241,9.100078348146926
PROJ_2755,IT,High,4,57383.87002142309,True,True,0.958684971858078,1.0,1331550.68,1388934.550021423,1388934.5500214228,-57383.87002142286,4.309552079641675
PROJ_2756,Marketing,High,0,270265.60339896474,False,True,0.8338311412663373,1.0,1356185.98,1626451.5833989647,1626451.5833989645,-270265.6033989645,19.92835845412327
PROJ_2757,Manufacturing,High,-1,101310.66802513436,False,True,0.9199693629612912,1.0,1164587.89,1265898.5580251345,1265898.5580251343,-101310.66802513436,8.699271982394938
PROJ_2758,R&D,Low,5,249393.37005516328,True,True,0.9102259154880188,1.0000000000000002,2528617.36,2778010.730055163,2778010.7300551627,-249393.3700551628,9.862835476822116
PROJ_2759,R&D,Medium,0,27693.19205426774,False,True,0.980103233982396,1.0,1364150.69,1391843.8820542677,1391843.8820542675,-27693.192054267507,2.0300683976685527
PROJ_2760,Construction,Low,2,-63165.84059246304,True,False,1.0409038480808217,1.0000000000000004,1607417.63,1544251.7894075369,1544251.7894075369,63165.840592463035,-3.929647119302968
PROJ_2761,Healthcare,High,0,30346.99583151762,False,True,0.9493971064011146,1.0000000000000002,569361.71,599708.7058315176,599708.7058315175,-30346.995831517503,5.330002931092347
PROJ_2762,Healthcare,Low,0,7146.172904947656,False,True,0.9917378082656612,1.0000000000000002,857778.43,864924.6029049477,864924.6029049476,-7146.17290494754,0.8331024254069364
PROJ_2763,Marketing,High,4,114333.41192587324,True,True,0.9211444185159906,0.9999999999999998,1335575.52,1449908.9319258733,1449908.9319258737,-114333.41192587372,8.56061003018936
PROJ_2764,IT,Low,1,10316.973584259977,True,True,0.9807703285700105,1.0,526196.28,536513.25358426,536513.25358426,-10316.973584259977,1.9606701864672962
PROJ_2765,IT,Critical,1,134886.5776790916,True,True,0.8991306923146781,1.0000000000000002,1202354.46,1337241.0376790916,1337241.0376790913,-134886.57767909137,11.218536809776658
PROJ_2766,Construction,Critical,0,83567.99393476476,False,True,0.9423705359191574,0.9999999999999998,1366523.47,1450091.4639347647,1450091.463934765,-83567.99393476499,6.11537202026724
PROJ_2767,Healthcare,Medium,1,-12766.972679171478,True,False,1.0139212718136352,1.0,929850.76,917083.7873208284,917083.7873208288,12766.972679171246,-1.3730130928936646
PROJ_2768,IT,Medium,0,134166.64447207563,False,True,0.9149509826350244,1.0,1443354.75,1577521.3944720756,1577521.394472076,-134166.6444720761,9.295472542150577
PROJ_2769,IT,Medium,5,52144.69212544593,True,True,0.9557364652916476,0.9999999999999998,1125906.1,1178050.792125446,1178050.792125447,-52144.69212544686,4.631353549416498
PROJ_2770,Marketing,Critical,2,32397.247903413023,True,True,0.96872351334118,0.9999999999999998,1003436.74,1035833.987903413,1035833.9879034134,-32397.247903413372,3.228628832487574
PROJ_2771,IT,Low,1,19521.416944457214,True,True,0.9483958674272512,1.0000000000000002,358770.32,378291.7369444572,378291.73694445717,-19521.41694445716,5.441201753940281
PROJ_2772,Manufacturing,High,2,35415.67861387704,True,True,0.9497087877468688,0.9999999999999998,668796.39,704212.068613877,704212.068613877,-35415.67861387704,5.295435074623689
PROJ_2773,R&D,High,2,58014.79128032154,True,True,0.970076513908697,0.9999999999999998,1880756.35,1938771.1412803216,1938771.1412803214,-58014.79128032131,3.084652154986546
PROJ_2774,Construction,Medium,4,75541.02658411418,True,True,0.9635880266562612,1.0,1999079.48,2074620.5065841144,2074620.5065841146,-75541.02658411465,3.7787905553467365
PROJ_2775,Healthcare,High,0,6342.205173439812,False,True,0.9873553430679884,0.9999999999999998,495229.74,501571.9451734398,501571.94517343986,-6342.20517343987,1.2806591892966424
PROJ_2776,IT,High,0,27512.1166701811,False,True,0.9301031510130732,1.0000000000000002,366098.14,393610.2566701811,393610.2566701812,-27512.11667018116,7.514956691716915
PROJ_2777,IT,High,1,156090.08128278167,True,True,0.9023122329112792,1.0000000000000002,1441756.67,1597846.7512827816,1597846.7512827816,-156090.08128278167,10.826381769593734
PROJ_2778,Manufacturing,Low,-1,4925.378706563322,False,True,0.9900058553686972,1.0000000000000002,487901.06,492826.4387065633,492826.43870656326,-4925.378706563264,1.0095035879945136
PROJ_2779,Healthcare,Low,-1,30798.33002761356,False,True,0.9592697947443568,1.0000000000000004,725356.22,756154.5500276135,756154.5500276132,-30798.330027613207,4.245959320182462
PROJ_2780,Construction,Medium,1,135468.85136241722,True,True,0.9332671437794364,1.0000000000000002,1894548.43,2030017.2813624167,2030017.2813624174,-135468.85136241745,7.150455972372131
PROJ_2781,IT,Critical,4,83815.25126099377,True,True,0.9419375979692102,1.0000000000000004,1359722.19,1443537.4412609937,1443537.4412609935,-83815.25126099354,6.164145284780087
PROJ_2782,Marketing,Medium,1,80471.87748664455,True,True,0.9338770835193764,1.0000000000000002,1136532.48,1217004.3574866443,1217004.3574866443,-80471.87748664431,7.080473185125719
PROJ_2783,IT,High,-1,324000.19809280685,False,True,0.8220010166305255,1.0,1496236.03,1820236.2280928069,1820236.2280928064,-324000.1980928064,21.65435075726698
PROJ_2784,Healthcare,Low,1,77985.27250231116,True,True,0.9105124170907236,1.0000000000000002,793479.46,871464.7325023111,871464.7325023109,-77985.27250231092,9.82826606530066
PROJ_2785,IT,Medium,-1,1195.274122467381,False,True,0.9980221463605106,1.0,603133.63,604328.9041224674,604328.9041224673,-1195.2741224672645,0.19817732970175525
PROJ_2786,Manufacturing,Medium,1,15988.59563232516,True,True,0.9467313183421228,0.9999999999999998,284161.42,300150.01563232514,300150.0156323252,-15988.595632325218,5.626589152153455
PROJ_2787,IT,Low,0,55921.38608364936,False,True,0.9410596183786256,0.9999999999999996,892857.44,948778.8260836492,948778.8260836499,-55921.38608364994,6.263193156978112
PROJ_2788,Healthcare,Medium,0,20699.173471641843,False,True,0.9801416673250866,0.9999999999999996,1021642.79,1042341.963471642,1042341.9634716423,-20699.17347164231,2.0260675917501763
PROJ_2789,Construction,High,4,110549.93824678916,True,True,0.939278799395888,0.9999999999999994,1710065.22,1820615.158246789,1820615.1582467905,-110549.93824679055,6.464662104921973
PROJ_2790,IT,Low,2,120434.09627345623,True,True,0.9196298887251432,0.9999999999999996,1378059.49,1498493.5862734562,1498493.586273457,-120434.09627345693,8.739397475028959
PROJ_2791,IT,Low,6,22585.352905551204,True,True,0.9842512813460108,0.9999999999999996,1411521.98,1434107.3329055512,1434107.3329055523,-22585.35290555237,1.600070932338749
PROJ_2792,Construction,High,1,53390.744945898885,True,True,0.958991378690867,1.0,1248548.78,1301939.524945899,1301939.524945899,-53390.744945898885,4.276224189326338
PROJ_2793,IT,Low,0,74852.97951323027,False,True,0.9148661968203232,1.0000000000000002,804386.25,879239.2295132303,879239.22951323,-74852.97951323004,9.305601570542763
PROJ_2794,IT,Medium,1,-18099.428996734205,True,False,1.025699165689241,1.0,722380.23,704280.8010032658,704280.8010032658,18099.428996734205,-2.50552662504817
PROJ_2795,Marketing,Low,1,-52038.81285446428,True,False,1.0782227122025452,0.9999999999999996,717303.56,665264.7471455358,665264.7471455358,52038.81285446428,-7.254782459808825
PROJ_2796,Construction,Medium,2,109462.23220303166,True,True,0.949998433843251,1.0,2079713.84,2189176.072203032,2189176.0722030317,-109462.23220303166,5.263331430396772
PROJ_2797,IT,Medium,1,179180.73016097827,True,True,0.8234729967763598,1.0,835852.25,1015032.9801609784,1015032.9801609782,-179180.73016097816,21.436890330914125
PROJ_2798,IT,High,1,-5234.382155290921,True,False,1.0137069563140433,1.0000000000000002,387112.17,381877.78784470906,381877.78784470906,5234.382155290921,-1.3521616112691373
PROJ_2799,Construction,Low,4,96607.53447788744,True,True,0.9509850544393816,1.0,1874373.63,1970981.1644778876,1970981.1644778878,-96607.53447788791,5.15412364598236
PROJ_2800,Manufacturing,Low,0,-7571.601802185178,False,False,1.008601151673992,1.0000000000000002,887872.53,880300.9281978149,880300.9281978147,7571.601802185294,-0.8527802749101038
PROJ_2801,IT,High,2,71321.76563671126,True,True,0.9267878224061932,0.9999999999999998,902857.23,974178.9956367112,974178.9956367112,-71321.76563671126,7.899561887178027
PROJ_2802,Marketing,Medium,1,55480.857658418536,True,True,0.8891364338963136,1.0,444961.8,500442.6576584185,500442.6576584186,-55480.857658418594,12.468678807578222
PROJ_2803,Healthcare,High,2,-4863.839232928702,True,False,1.0061431969817018,1.0000000000000009,796607.82,791743.9807670712,791743.980767071,4863.8392329289345,-0.6105688534326634
PROJ_2804,IT,High,1,51344.47895475559,True,True,0.9497628364938188,1.0000000000000002,970697.28,1022041.7589547556,1022041.7589547551,-51344.47895475512,5.289442961533292
PROJ_2805,Manufacturing,Medium,2,117403.83870373282,True,True,0.896716890523479,1.0,1019314.83,1136718.6687037328,1136718.6687037328,-117403.83870373282,11.517917256607836
PROJ_2806,IT,Critical,0,72019.71341476426,False,True,0.9624065842512612,1.0000000000000002,1843733.67,1915753.383414764,1915753.3834147642,-72019.71341476426,3.90618854483274
PROJ_2807,R&D,Medium,0,213591.0870079196,False,True,0.8585365973733831,1.0,1296277.07,1509868.1570079196,1509868.1570079194,-213591.08700791933,16.47727109821663
PROJ_2808,Construction,Medium,3,159613.99144597678,True,True,0.9337997643502028,0.9999999999999998,2251464.91,2411078.901445977,2411078.901445978,-159613.9914459777,7.08933951122417
PROJ_2809,IT,High,0,22840.55759088474,False,True,0.9764637348317562,1.0,947600.48,970441.0375908848,970441.0375908847,-22840.55759088474,2.4103573259993216
PROJ_2810,IT,High,0,210117.22426182823,False,True,0.8552461131428801,1.0000000000000009,1241430.84,1451548.0642618283,1451548.064261828,-210117.224261828,16.925407158551657
PROJ_2811,Manufacturing,Medium,3,59707.289627072285,True,True,0.934441515283006,1.0000000000000002,851041.18,910748.4696270725,910748.4696270721,-59707.28962707205,7.0157932459945185
PROJ_2812,IT,Medium,1,-17699.26912680501,True,False,1.020352780350639,1.0000000000000004,887323.41,869624.140873195,869624.1408731948,17699.269126805244,-1.9946807361709575
PROJ_2813,Manufacturing,High,0,-15906.916810034309,False,False,1.0449399431643265,1.0,369866.35,353959.43318996567,353959.4331899657,15906.91681003425,-4.3007201952906104
PROJ_2814,R&D,High,1,185085.2875220592,True,True,0.8846611754866148,1.0,1419624.04,1604709.3275220592,1604709.3275220592,-185085.28752205917,13.037627027086634
PROJ_2815,R&D,Critical,2,134381.56851130654,True,True,0.9220480549004574,0.9999999999999996,1589521.13,1723902.6985113064,1723902.6985113067,-134381.56851130677,8.454217183719148
PROJ_2816,IT,Medium,2,137743.9331271462,True,True,0.8341859189504297,1.0000000000000002,692969.19,830713.1231271462,830713.1231271463,-137743.93312714633,19.87735315146498
PROJ_2817,IT,Low,5,137667.413120314,True,True,0.9294592667056876,1.0,1813934.26,1951601.673120314,1951601.673120314,-137667.413120314,7.589437839953142
PROJ_2818,R&D,High,2,81390.06193139427,True,True,0.9407598089046532,1.0,1292509.32,1373899.3819313943,1373899.3819313948,-81390.06193139474,6.297058030606288
PROJ_2819,Construction,Critical,0,89269.82480982365,False,True,0.9586323996396028,1.0000000000000002,2068694.96,2157964.784809824,2157964.784809823,-89269.82480982319,4.315272504450013
PROJ_2820,IT,Medium,0,101459.98850322248,False,True,0.8762896721563905,1.0000000000000004,718681.63,820141.6185032225,820141.6185032221,-101459.98850322212,14.117515220643961
PROJ_2821,Construction,High,1,63161.31479202886,True,True,0.9460911420092736,1.0000000000000002,1108470.16,1171631.4747920288,1171631.4747920288,-63161.31479202886,5.698061803669019
PROJ_2822,Manufacturing,High,-1,2212.732126180548,False,True,0.9968095673591352,0.9999999999999996,691339.64,693552.3721261806,693552.3721261806,-2212.732126180548,0.32006440802100516
PROJ_2823,Construction,Medium,2,145854.00245744502,True,True,0.9402327130824708,1.0,2294511.12,2440365.122457445,2440365.1224574456,-145854.0024574455,6.356648315456649
PROJ_2824,IT,Critical,1,12177.29377082223,True,True,0.982077079763302,1.0000000000000002,667248.47,679425.7637708222,679425.763770822,-12177.293770821998,1.8250013777958904
PROJ_2825,IT,Medium,1,119499.51547821215,True,True,0.8662650317924746,1.0000000000000002,774055.23,893554.7454782121,893554.7454782121,-119499.51547821215,15.438112275039103
PROJ_2826,R&D,Critical,1,153293.06418367894,True,True,0.9247465686177389,0.9999999999999998,1883731.18,2037024.2441836789,2037024.2441836789,-153293.06418367894,8.137735671162961
PROJ_2827,R&D,Critical,2,65275.233657667646,True,True,0.9419395843083884,1.0000000000000002,1058988.74,1124263.9736576676,1124263.9736576672,-65275.23365766718,6.163921408424718
PROJ_2828,IT,Low,3,308837.5046881295,True,True,0.767083443712404,1.0,1017120.21,1325957.7146881295,1325957.71468813,-308837.50468813,30.363913886651613
PROJ_2829,Construction,Low,2,-25771.893750453837,True,False,1.0121923586665795,1.0,2139546.14,2113774.2462495463,2113774.2462495468,25771.893750453368,-1.2045495663137868
PROJ_2830,R&D,High,1,187707.82455999983,True,True,0.8878935657687245,1.0000000000000009,1486663.73,1674371.5545599998,1674371.5545599991,-187707.82455999916,12.626111794628848
PROJ_2831,Healthcare,Medium,0,-43841.29517774272,False,False,1.0833435065726484,1.0,569872.62,526031.3248222573,526031.3248222573,43841.29517774272,-7.693174516393282
PROJ_2832,Construction,Medium,1,39870.73966204748,True,True,0.9675228281503818,1.0,1187783.56,1227654.2996620475,1227654.299662047,-39870.73966204701,3.356734425760785
PROJ_2833,IT,Medium,1,92170.73903761317,True,True,0.9168724779043156,1.0000000000000004,1016616.54,1108787.2790376132,1108787.279037613,-92170.73903761292,9.066421350730032
PROJ_2834,IT,Medium,1,116996.89442261028,True,True,0.8950221907371149,1.0,997494.78,1114491.6744226103,1114491.6744226103,-116996.89442261029,11.729073351402429
PROJ_2835,IT,Low,1,68115.45767397585,True,True,0.905585620682616,0.9999999999999998,653336.7,721452.1576739758,721452.1576739758,-68115.45767397585,10.425781633570539
PROJ_2836,Healthcare,Low,1,23289.96993432578,True,True,0.9538407820103892,1.0,481267.32,504557.2899343258,504557.2899343258,-23289.96993432578,4.839300107542266
PROJ_2837,IT,Medium,3,62992.08096884808,True,True,0.9064480099454846,1.0,610345.61,673337.6909688481,673337.6909688481,-62992.08096884808,10.320723199573449
PROJ_2838,IT,Low,1,-13209.114443821134,True,False,1.0207352186337322,1.0000000000000002,650246.74,637037.6255561789,637037.625556179,13209.114443821018,-2.0314003333290094
PROJ_2839,R&D,High,2,44861.03824942303,True,True,0.9747026065621648,1.0,1728485.23,1773346.268249423,1773346.2682494225,-44861.03824942256,2.5953961000536037
PROJ_2840,Manufacturing,Medium,0,40904.78496885451,False,True,0.938851647073652,1.0,628038.58,668943.3649688545,668943.3649688542,-40904.78496885428,6.513100671117096
PROJ_2841,IT,Critical,0,28533.83302953554,False,True,0.928674180343316,0.9999999999999996,371515.31,400049.14302953554,400049.14302953565,-28533.833029535657,7.68039223727702
PROJ_2842,IT,Low,1,66703.19938534638,True,True,0.8696348479835909,1.0000000000000002,444961.14,511664.3393853464,511664.3393853462,-66703.1993853462,14.990792091495047
PROJ_2843,Marketing,High,0,195036.0211146942,False,True,0.8592847591031032,0.9999999999999994,1190997.36,1386033.3811146943,1386033.3811146948,-195036.02111469465,16.375856711781008
PROJ_2844,Healthcare,High,1,-9576.34110580146,True,False,1.0188687000158665,1.0000000000000004,517101.56,507525.21889419854,507525.2188941984,9576.341105801577,-1.8519265549695068
PROJ_2845,Manufacturing,Medium,0,-22483.519540341687,False,False,1.0359963723062413,1.0,647088.67,624605.1504596584,624605.1504596584,22483.519540341687,-3.4745654780729955
PROJ_2846,R&D,High,1,88712.50189150102,True,True,0.9407629233316932,1.0,1408871.56,1497584.061891501,1497584.0618915013,-88712.50189150125,6.296706130649783
PROJ_2847,R&D,Medium,2,24355.513939348748,True,True,0.9818624951092706,1.0000000000000002,1318470.53,1342826.0439393488,1342826.0439393488,-24355.513939348748,1.847255087252405
PROJ_2848,IT,Critical,-2,23143.73875884479,False,True,0.9764103063090416,0.9999999999999996,957951.61,981095.3487588448,981095.3487588451,-23143.73875884514,2.415961152656253
PROJ_2849,Construction,High,3,154099.10591558297,True,True,0.9108745345150588,1.0000000000000002,1574914.09,1729013.195915583,1729013.1959155821,-154099.10591558204,9.78460392817884
PROJ_2850,Manufacturing,Low,0,8750.997722808272,False,True,0.9834765783498234,1.0000000000000002,520860.72,529611.7177228082,529611.7177228082,-8750.997722808272,1.6801032189196898
PROJ_2851,Marketing,Low,2,88244.13130436139,True,True,0.9310724554201044,0.9999999999999998,1192000.68,1280244.811304361,1280244.8113043613,-88244.13130436139,7.403026926491468
PROJ_2852,Construction,Medium,2,105844.01472665789,True,True,0.9409676221876846,1.0,1687138.39,1792982.4047266578,1792982.4047266578,-105844.01472665789,6.2735822594054
PROJ_2853,Construction,Critical,1,116342.63453902071,True,True,0.9080853417034782,0.9999999999999998,1149425.38,1265768.0145390206,1265768.0145390208,-116342.63453902095,10.121808389077067
PROJ_2854,Manufacturing,Medium,0,-19678.35254792508,False,False,1.0331392352780415,1.0000000000000002,613486.64,593808.2874520749,593808.2874520748,19678.3525479252,-3.207625278999588
PROJ_2855,Construction,High,4,80681.04822044144,True,True,0.952041431013397,0.9999999999999996,1601626.2,1682307.2482204414,1682307.2482204423,-80681.04822044238,5.037445580026249
PROJ_2856,IT,Medium,2,29771.73584422888,True,True,0.973284239782398,0.9999999999999996,1084616.76,1114388.495844229,1114388.4958442287,-29771.73584422865,2.7449083346479592
PROJ_2857,Construction,High,-1,27803.547264958263,False,True,0.9723006410281196,1.0000000000000002,975957.85,1003761.3972649582,1003761.3972649582,-27803.547264958266,2.848847136683031
PROJ_2858,Construction,Medium,1,57042.51856712706,True,True,0.9467435067633538,1.0,1014047.88,1071090.398567127,1071090.3985671268,-57042.51856712683,5.625229310387871
PROJ_2859,Construction,Critical,2,77283.95096091158,True,True,0.9637670606431252,0.9999999999999998,2055690.97,2132974.9209609115,2132974.9209609115,-77283.95096091158,3.759512109979818
PROJ_2860,Manufacturing,Medium,1,54254.33213507163,True,True,0.9233959564970702,0.9999999999999998,653989.38,708243.7121350716,708243.7121350715,-54254.33213507151,8.29590415291935
PROJ_2861,R&D,Medium,5,214215.60429216785,True,True,0.9217658051833124,0.9999999999999994,2523917.06,2738132.664292168,2738132.6642921693,-214215.6042921692,8.487426456563878
PROJ_2862,Construction,Low,7,105965.92703951942,True,True,0.960740547772344,1.0000000000000004,2593152.91,2699118.83703952,2699118.8370395196,-105965.92703951942,4.086374028730893
PROJ_2863,IT,Critical,1,35563.93154075416,True,True,0.9675948573303748,0.9999999999999998,1061914.08,1097478.0115407542,1097478.011540755,-35563.93154075486,3.3490403988950646
PROJ_2864,R&D,Critical,1,-13806.727752371691,True,False,1.008671970384,1.0,1605916.38,1592109.6522476282,1592109.652247628,13806.727752371924,-0.8597413865578684
PROJ_2865,R&D,High,2,287580.4839749029,True,True,0.91085550735192,1.0000000000000002,2938423.45,3226003.933974903,3226003.933974903,-287580.4839749029,9.786897255223813
PROJ_2866,Marketing,High,1,102974.24532738035,True,True,0.8737659547428428,1.0,712766.43,815740.6753273804,815740.6753273805,-102974.24532738049,14.447123348300856
PROJ_2867,IT,High,1,9920.65556360816,True,True,0.9820723265811144,0.9999999999999998,543450.4,553371.0555636082,553371.0555636084,-9920.655563608394,1.8254942058389128
PROJ_2868,Construction,Low,-1,81202.98746615509,False,True,0.9652838750010504,1.0,2257853.79,2339056.777466155,2339056.777466155,-81202.98746615509,3.5964679301114124
PROJ_2869,Manufacturing,Critical,0,31164.661884860838,False,True,0.9582969175457264,1.0000000000000002,716134.1,747298.7618848608,747298.7618848609,-31164.66188486095,4.351791359308396
PROJ_2870,IT,High,6,164081.8145437208,True,True,0.8837128813375401,0.9999999999999996,1246924.12,1411005.934543721,1411005.934543721,-164081.8145437208,13.158925383825343
PROJ_2871,IT,Medium,2,38161.82272229949,True,True,0.945936738443378,1.0,667711.66,705873.4827222995,705873.4827222994,-38161.822722299374,5.715314709690613
PROJ_2872,Healthcare,Medium,1,109322.19976754916,True,True,0.8905959911713377,0.9999999999999996,889930.03,999252.2297675492,999252.2297675496,-109322.19976754952,12.284359003769039
PROJ_2873,IT,Critical,2,-35322.13018660457,True,False,1.0296991335431611,1.0,1224654.14,1189332.009813395,1189332.0098133956,35322.130186604336,-2.8842535237421676
PROJ_2874,IT,Critical,1,14793.574107143211,True,True,0.9843093139644482,1.0000000000000002,928031.62,942825.1941071432,942825.1941071433,-14793.57410714333,1.5940808253002554
PROJ_2875,IT,Medium,0,138568.56729096477,False,True,0.8662939329217998,1.0,897798.52,1036367.0872909648,1036367.0872909647,-138568.56729096465,15.434261051239497
PROJ_2876,R&D,High,2,121652.12980903708,True,True,0.9139867030610996,1.0000000000000002,1292688.84,1414340.9698090372,1414340.9698090372,-121652.12980903708,9.410782088057406
PROJ_2877,R&D,High,2,338857.77244782075,True,True,0.8536304122662934,1.0,1976225.42,2315083.1924478207,2315083.1924478207,-338857.77244782075,17.14671661534547
PROJ_2878,Marketing,High,1,64649.09361608816,True,True,0.8945736994972078,1.0000000000000002,548566.9,613215.9936160882,613215.9936160881,-64649.09361608804,11.785088312125291
PROJ_2879,IT,Critical,0,95706.3528761426,False,True,0.895881200331659,1.0000000000000002,823497.03,919203.3828761426,919203.3828761425,-95706.35287614248,11.621942689476668
PROJ_2880,Healthcare,Medium,0,-73502.02199174394,False,False,1.098179230360249,1.0000000000000002,822153.46,748651.438008256,748651.4380082558,73502.02199174417,-8.940182772172992
PROJ_2881,IT,Medium,1,16834.74804261676,True,True,0.968274305374573,1.0,513799.75,530634.4980426168,530634.4980426168,-16834.74804261676,3.2765193137242203
PROJ_2882,Healthcare,High,0,11779.343014548647,False,True,0.9845987087165065,1.0,753048.93,764828.2730145487,764828.2730145485,-11779.343014548416,1.5642201383313052
PROJ_2883,Construction,Critical,-2,137202.44276619167,False,True,0.9176422815976272,1.0,1528730.58,1665933.0227661915,1665933.022766192,-137202.4427661919,8.974926292518587
PROJ_2884,IT,Medium,1,39450.22995557939,True,True,0.9457752269142492,1.0,688081.26,727531.4899555794,727531.4899555795,-39450.2299555795,5.733367880935967
PROJ_2885,IT,High,-1,38164.72085805435,False,True,0.9404797858626176,1.0,603041.32,641206.0408580543,641206.0408580545,-38164.720858054585,6.328707435512808
PROJ_2886,Manufacturing,Medium,1,52427.95313017455,True,True,0.9503936938973296,1.0,1004452.86,1056880.8131301743,1056880.8131301745,-52427.953130174545,5.219553372586798
PROJ_2887,R&D,Medium,0,-4108.749870072585,False,False,1.0031348422516926,0.9999999999999998,1314780.72,1310671.9701299274,1310671.9701299276,4108.749870072352,-0.3125045726311192
PROJ_2888,R&D,Critical,2,134882.59142415214,True,True,0.8779604285512125,0.9999999999999998,970353.93,1105236.5214241522,1105236.5214241522,-134882.59142415214,13.900349888226055
PROJ_2889,Construction,Medium,-1,112867.499478644,False,True,0.93508073714135,1.0,1625715.08,1738582.579478644,1738582.5794786438,-112867.49947864376,6.942637173461155
PROJ_2890,IT,High,2,110474.9845950593,True,True,0.8764608593253151,1.0000000000000004,783775.89,894250.8745950593,894250.874595059,-110474.98459505895,14.095226199808078
PROJ_2891,IT,Medium,0,25287.34728272248,False,True,0.969539314246241,1.0,804876.08,830163.4272827224,830163.4272827226,-25287.347282722592,3.1417690140229526
PROJ_2892,Construction,High,-2,194038.42826077997,False,True,0.9210196102487505,1.0000000000000004,2262754.06,2456792.48826078,2456792.4882607786,-194038.42826077854,8.575321184520538
PROJ_2893,Healthcare,High,4,197261.0988796216,True,True,0.8600737572777473,1.0000000000000002,1212489.46,1409750.5588796216,1409750.5588796213,-197261.09887962136,16.269098032375588
PROJ_2894,Construction,Medium,-2,121597.26293732716,False,True,0.9360139206378476,1.0,1778773.32,1900370.5829373272,1900370.5829373277,-121597.26293732761,6.8360179214587955
PROJ_2895,Manufacturing,Medium,3,101079.93177302064,True,True,0.9369813840206132,1.0000000000000002,1502889.47,1603969.4017730206,1603969.4017730209,-101079.93177302089,6.725706300478697
PROJ_2896,Healthcare,Critical,0,23645.64102227683,False,True,0.9530507862667594,1.0,479997.32,503642.9610222768,503642.961022277,-23645.641022277006,4.926202717606216
PROJ_2897,Healthcare,Medium,0,253672.16171073916,False,True,0.8550887847330825,1.0,1496862.89,1750535.051710739,1750535.0517107395,-253672.1617107396,16.946920349581223
PROJ_2898,Healthcare,Medium,-3,30356.083036537864,False,True,0.963209555700579,1.0,794751.73,825107.8130365378,825107.8130365378,-30356.083036537864,3.81956803498092
PROJ_2899,IT,Medium,2,19817.84191142395,True,True,0.9848965795109068,1.0000000000000002,1292324.79,1312142.631911424,1312142.6319114238,-19817.84191142372,1.5335031924462053
PROJ_2900,Manufacturing,Low,-1,1698.8525836695917,False,True,0.9979530581917484,1.0,828247.84,829946.6925836696,829946.6925836697,-1698.852583669708,0.20511403732362382
PROJ_2901,Healthcare,High,-1,23828.398039746564,False,True,0.961968613722634,0.9999999999999998,602717.21,626545.6080397465,626545.6080397468,-23828.398039746797,3.953495543913007
PROJ_2902,R&D,Critical,3,246783.78325851212,True,True,0.9084972236554604,1.0,2450224.91,2697008.6932585123,2697008.6932585128,-246783.78325851262,10.071882881090806
PROJ_2903,IT,High,2,50418.49770549848,True,True,0.943989745269932,1.0,849746.98,900165.4777054985,900165.4777054983,-50418.49770549836,5.933354150372899
PROJ_2904,IT,Low,0,4731.97394636448,False,True,0.9935454173023348,1.0,728386.52,733118.4939463645,733118.4939463646,-4731.9739463645965,0.6496514990920749
PROJ_2905,Healthcare,High,1,7550.470309663098,True,True,0.9934822593725636,0.9999999999999996,1150898.56,1158449.0303096632,1158449.0303096636,-7550.470309663564,0.6560500266560038
PROJ_2906,Healthcare,Medium,0,48856.777945368434,False,True,0.9252184888387252,1.0000000000000002,604470.19,653326.9679453684,653326.9679453684,-48856.777945368434,8.082578554513736
PROJ_2907,Marketing,Critical,0,2450.894067283836,False,True,0.9940374106183386,1.0,408594.36,411045.2540672838,411045.2540672839,-2450.8940672838944,0.5998355110148594
PROJ_2908,IT,Medium,1,93140.6744617119,True,True,0.878603517943876,0.9999999999999998,674102.93,767243.604461712,767243.6044617122,-93140.67446171213,13.816981104311788
PROJ_2909,Construction,Low,0,132732.12902796036,False,True,0.9078300379292416,0.9999999999999998,1307347.98,1440080.1090279603,1440080.1090279608,-132732.12902796082,10.152777306311425
PROJ_2910,Manufacturing,Low,1,8261.84046652622,True,True,0.9862062832242808,1.0000000000000002,590694.96,598956.8004665262,598956.8004665262,-8261.84046652622,1.3986644589834016
PROJ_2911,Manufacturing,Medium,1,94372.10136687323,True,True,0.8806501979784904,1.0,696346.44,790718.5413668732,790718.5413668731,-94372.10136687313,13.552464110662093
PROJ_2912,Marketing,Medium,3,25382.678067213277,True,True,0.9718185746452108,1.0,875305.55,900688.2280672133,900688.2280672136,-25382.678067213506,2.8998648605865123
PROJ_2913,R&D,Critical,-1,93786.6667344363,False,True,0.9337306117076636,1.0,1321446.96,1415233.6267344365,1415233.6267344358,-93786.66673443583,7.097270611181838
PROJ_2914,Manufacturing,High,1,169.91421845031437,True,True,0.9997521532276644,1.0,685391.64,685561.5542184503,685561.5542184504,-169.91421845043078,0.02479082155866838
PROJ_2915,Construction,Critical,-3,6835.620427451562,False,True,0.996688548236516,1.0,2057401.13,2064236.7504274517,2064236.7504274515,-6835.620427451562,0.3322453909341229
PROJ_2916,Manufacturing,Critical,2,108012.25542678172,True,True,0.9082397802340454,1.0,1069101.92,1177114.1754267816,1177114.1754267819,-108012.25542678195,10.103083102383911
PROJ_2917,IT,Medium,2,45439.31275482488,True,True,0.9514354653596586,0.9999999999999996,890208.75,935648.0627548248,935648.062754825,-45439.31275482499,5.104343532325984
PROJ_2918,IT,Critical,-1,-18470.049365254818,False,False,1.0188383085203423,1.0000000000000002,998921.63,980451.5806347452,980451.5806347454,18470.049365254585,-1.8489988414060656
PROJ_2919,Manufacturing,Medium,1,6907.170524006884,True,True,0.98525565214948,1.0,461555.09,468462.2605240069,468462.2605240069,-6907.170524006884,1.496499697144903
PROJ_2920,IT,High,1,3199.424892281997,True,True,0.996488030989938,1.0,907806.59,911006.014892282,911006.0148922817,-3199.424892281764,0.35243464054185425
PROJ_2921,Construction,High,1,155148.4445015227,True,True,0.9044013451631642,1.0000000000000002,1467766.07,1622914.5145015228,1622914.514501522,-155148.444501522,10.570379549754955
PROJ_2922,IT,High,1,186686.11768420343,True,True,0.8160222641338611,1.0000000000000002,828035.13,1014721.2476842034,1014721.2476842032,-186686.1176842032,22.545676013070025
PROJ_2923,IT,Low,2,23106.00233534258,True,True,0.9789115193700324,0.9999999999999998,1072563.37,1095669.3723353427,1095669.3723353427,-23106.00233534258,2.154278523919997
PROJ_2924,R&D,Medium,0,-100450.4393756548,False,False,1.040944791719154,1.0000000000000002,2553764.65,2453314.210624345,2453314.210624345,100450.4393756548,-3.933425868967792
PROJ_2925,Construction,High,1,-25592.64360465505,True,False,1.020408031451037,0.9999999999999998,1279640.28,1254047.636395345,1254047.6363953452,25592.64360465482,-1.9999873405559583
PROJ_2926,IT,Critical,1,-23029.01797847717,True,False,1.0278165636959924,0.9999999999999996,850917.69,827888.6720215228,827888.6720215227,23029.01797847729,-2.7063743355103234
PROJ_2927,R&D,High,4,231044.1888301836,True,True,0.9003890924711031,1.0,2088422.57,2319466.758830184,2319466.7588301837,-231044.1888301836,11.063095761801865
PROJ_2928,R&D,High,-2,310023.17743556155,False,True,0.8793908639921085,1.0000000000000004,2260455.21,2570478.387435561,2570478.387435561,-310023.1774355611,13.715077213830797
PROJ_2929,IT,Low,2,42934.60393745685,True,True,0.9615535763481872,1.0000000000000002,1073803.96,1116738.5639374568,1116738.5639374566,-42934.60393745662,3.9983652078780394
PROJ_2930,IT,Low,3,19348.51381464128,True,True,0.9744696342356914,1.0000000000000002,738514.26,757862.7738146413,757862.7738146413,-19348.51381464128,2.6199241995193536
PROJ_2931,Construction,Critical,4,179806.5191139183,True,True,0.881085576823603,1.0,1332260.01,1512066.5291139183,1512066.5291139183,-179806.5191139183,13.496353396805649
PROJ_2932,R&D,Medium,-1,240443.8104896168,False,True,0.8598817723573432,1.0,1475562.84,1716006.650489617,1716006.6504896174,-240443.8104896173,16.29505731451039
PROJ_2933,IT,Medium,2,95493.2732337839,True,True,0.9174929504925128,1.0,1061902.05,1157395.323233784,1157395.323233784,-95493.2732337839,8.992663045879222
PROJ_2934,IT,High,3,16963.888759449823,True,True,0.9847494736912414,0.9999999999999998,1095383.87,1112347.75875945,1112347.7587594497,-16963.88875944959,1.5486706737291638
PROJ_2935,Healthcare,Medium,0,194730.4799493884,False,True,0.7869137459213029,1.0,719127.06,913857.5399493884,913857.5399493885,-194730.47994938842,27.078730697380294
PROJ_2936,Marketing,Medium,0,86034.28070230503,False,True,0.9358054580753152,1.0,1254177.49,1340211.770702305,1340211.770702305,-86034.28070230503,6.859817002640114
PROJ_2937,Construction,High,1,77580.6491915501,True,True,0.9302836555775478,0.9999999999999996,1035223.67,1112804.31919155,1112804.3191915506,-77580.64919155056,7.49409537665909
PROJ_2938,Construction,High,0,-104226.81498178514,False,False,1.0508642475665555,1.0000000000000002,2153344.22,2049117.405018215,2049117.405018216,104226.8149817842,-4.840230094832873
PROJ_2939,Healthcare,Critical,0,43029.98058296309,False,True,0.9264061522978408,0.9999999999999996,541665.37,584695.3505829631,584695.3505829631,-43029.98058296309,7.944015432067052
PROJ_2940,Construction,Low,0,70001.8791219407,False,True,0.9161371357800876,1.0000000000000002,764716.56,834718.4391219408,834718.4391219405,-70001.87912194047,9.153964067672401
PROJ_2941,IT,Medium,1,-48805.33640728548,True,False,1.1046494102316982,1.0000000000000004,515175.25,466369.9135927145,466369.9135927144,48805.33640728559,-9.473540587845706
PROJ_2942,IT,Medium,1,58065.70299682498,True,True,0.9311660202382356,1.0000000000000002,785495.91,843561.612996825,843561.6129968248,-58065.70299682475,7.392234925427524
PROJ_2943,Construction,Critical,1,86426.04897172586,True,True,0.9254651718448548,0.9999999999999996,1073113.07,1159539.118971726,1159539.1189717262,-86426.0489717261,8.0537691123011
PROJ_2944,Marketing,Critical,0,21702.85792567593,False,True,0.961011225551956,1.0000000000000002,534940.9,556643.757925676,556643.7579256758,-21702.85792567581,4.057057130175653
PROJ_2945,Construction,High,2,84906.60005198605,True,True,0.9530402181260288,1.0,1723163.98,1808070.580051986,1808070.5800519858,-84906.60005198582,4.927366230809086
PROJ_2946,IT,Critical,0,25485.62610078149,False,True,0.9715431242309897,1.0,870102.01,895587.6361007815,895587.6361007816,-25485.626100781607,2.929038872210122
PROJ_2947,Manufacturing,Medium,1,58262.60168220836,True,True,0.9467303138828688,0.9999999999999998,1035466.42,1093729.0216822084,1093729.0216822084,-58262.60168220836,5.626701219553635
PROJ_2948,Manufacturing,Medium,1,2187.599632317899,True,True,0.9967928510510744,1.0000000000000002,679913.44,682101.0396323178,682101.0396323178,-2187.599632317899,0.32174678475511514
PROJ_2949,IT,Low,0,33750.19310712558,False,True,0.9642571605009972,1.0,910500.28,944250.4731071256,944250.4731071255,-33750.193107125466,3.7067745994680488
PROJ_2950,Construction,Low,1,99574.30901371548,True,True,0.9442425055269136,1.0000000000000002,1686271.88,1785846.1890137154,1785846.1890137144,-99574.30901371455,5.904997301723051
PROJ_2951,Healthcare,Low,2,34777.663327064016,True,True,0.9424592558998364,0.9999999999999996,569622.99,604400.653327064,604400.6533270644,-34777.663327064365,6.105382671978244
PROJ_2952,Marketing,Low,2,97409.37503222656,True,True,0.9126496771939084,1.0000000000000002,1017748.21,1115157.5850322263,1115157.5850322265,-97409.37503222656,9.571068175322711
PROJ_2953,Construction,High,-1,375012.33709399216,False,True,0.882966130446948,0.9999999999999996,2829293.72,3204306.0570939924,3204306.057093993,-375012.3370939926,13.25462727475296
PROJ_2954,Healthcare,Low,2,44370.93630152207,True,True,0.9397695655233732,1.0,692315.37,736686.3063015221,736686.3063015221,-44370.93630152207,6.409064167031577
PROJ_2955,IT,High,1,-16489.05662094534,True,False,1.0430185696813734,0.9999999999999996,399789.96,383300.9033790547,383300.9033790548,16489.056620945223,-4.124429893373316
PROJ_2956,IT,High,2,149410.53130689496,True,True,0.882920783309845,0.9999999999999996,1126738.52,1276149.051306895,1276149.0513068957,-149410.53130689566,13.260444074184635
PROJ_2957,R&D,High,-2,83924.21745933103,False,True,0.9424520209742364,0.9999999999999996,1374410.53,1458334.747459331,1458334.747459332,-83924.21745933197,6.106197211638939
PROJ_2958,R&D,Critical,0,188870.1259328029,False,True,0.9053881299629454,1.0000000000000002,1807392.35,1996262.475932803,1996262.4759328035,-188870.12593280338,10.449868615013411
PROJ_2959,Marketing,Low,0,46365.0289479589,False,True,0.9157761498831442,1.0,504132.59,550497.6189479589,550497.6189479589,-46365.0289479589,9.196991003489558
PROJ_2960,Marketing,High,-1,31044.67039402469,False,True,0.9696975753878204,1.0,993449.93,1024494.6003940247,1024494.6003940251,-31044.670394025045,3.124935586237853
PROJ_2961,IT,Medium,0,28579.553936182987,False,True,0.9711564815454264,0.9999999999999998,962268.84,990848.393936183,990848.3939361828,-28579.55393618287,2.9700176029998926
PROJ_2962,IT,Medium,1,37856.54845803662,True,True,0.8793336088446655,1.0,275872.47,313729.0184580366,313729.0184580366,-37856.54845803662,13.722481427029171
PROJ_2963,IT,Medium,0,75746.56682246865,False,True,0.915769922717084,1.0000000000000002,823535.13,899281.6968224687,899281.6968224683,-75746.5668224683,9.197733534751372
PROJ_2964,Marketing,Medium,0,61084.43172327173,False,True,0.91844774055252,1.0000000000000002,687937.51,749021.9417232717,749021.9417232715,-61084.4317232715,8.87935762119898
PROJ_2965,Construction,Critical,2,17940.508880749345,True,True,0.9916682471438611,1.0000000000000002,2135328.94,2153269.4488807493,2153269.448880749,-17940.50888074888,0.8401754195655158
PROJ_2966,R&D,Low,-1,138498.96355949366,False,True,0.9337321336315,0.9999999999999998,1951487.8,2089986.7635594937,2089986.7635594944,-138498.96355949435,7.097096049460025
PROJ_2967,Marketing,Medium,-1,-34835.29826400848,False,False,1.0452218241439808,0.9999999999999996,805155.8,770320.5017359916,770320.5017359919,34835.29826400813,-4.326528885963206
PROJ_2968,IT,Medium,3,71268.260557606,True,True,0.9159330399807312,1.0,776487.63,847755.890557606,847755.8905576059,-71268.26055760588,9.178286659583474
PROJ_2969,IT,High,0,12629.742157664965,False,True,0.961586523940459,1.0,316154.41,328784.15215766494,328784.15215766494,-12629.742157664965,3.9948018304299366
PROJ_2970,R&D,Critical,6,360537.3123855044,True,True,0.840580983927314,1.0000000000000004,1901032.99,2261570.3023855044,2261570.302385504,-360537.3123855039,18.9653369658516
PROJ_2971,IT,Medium,2,32870.99981291965,True,True,0.9776269480522212,1.0000000000000002,1436351.88,1469222.8798129195,1469222.8798129195,-32870.99981291965,2.288506059735143
PROJ_2972,R&D,Critical,0,67534.26083060307,False,True,0.9708795146419325,1.0000000000000002,2251598.13,2319132.390830603,2319132.3908306025,-67534.26083060261,2.9993922952228873
PROJ_2973,Manufacturing,Medium,3,48286.1554829533,True,True,0.945884781278106,1.0,843998.06,892284.2154829534,892284.2154829537,-48286.15548295365,5.721121619989701
PROJ_2974,Construction,Critical,0,129631.54787557898,False,True,0.9061135499451995,0.9999999999999998,1251095.36,1380726.907875579,1380726.9078755798,-129631.54787557968,10.361444220813006
PROJ_2975,R&D,Medium,2,65353.3572519836,True,True,0.9466146883011496,1.0,1158829.01,1224182.3672519836,1224182.3672519838,-65353.357251983834,5.639603141449128
PROJ_2976,IT,High,1,100102.15522311396,True,True,0.85340785864076,0.9999999999999998,582759.52,682861.675223114,682861.6752231142,-100102.15522311418,17.177266400232156
PROJ_2977,Marketing,Medium,2,27124.608160636504,True,True,0.9688001260182268,0.9999999999999998,842257.37,869381.9781606365,869381.9781606365,-27124.608160636504,3.2204655164533023
PROJ_2978,R&D,Critical,-1,113876.08958138502,False,True,0.9374416591123156,1.0,1706442.16,1820318.249581385,1820318.2495813852,-113876.08958138525,6.673304976324849
PROJ_2979,Manufacturing,Medium,2,3059.5004524902906,True,True,0.9951391564991334,0.9999999999999998,626358.1,629417.6004524903,629417.6004524905,-3059.5004524905235,0.48845867124421694
PROJ_2980,IT,Low,2,-17532.094509200717,True,False,1.034629470352403,0.9999999999999996,523808.81,506276.7154907993,506276.7154907994,17532.0945092006,-3.347040785587512
PROJ_2981,R&D,Critical,1,152154.66463413578,True,True,0.9187651314617332,1.0,1720866.95,1873021.614634136,1873021.6146341362,-152154.66463413625,8.841744832982949
PROJ_2982,IT,Low,1,50226.20162607182,True,True,0.9183450565567952,0.9999999999999998,564876.81,615103.0116260719,615103.0116260719,-50226.20162607182,8.891531876847948
PROJ_2983,IT,Medium,2,18537.831523713656,True,True,0.9813217491505104,1.0,973944.37,992482.2015237137,992482.2015237137,-18537.831523713656,1.9033768349329496
PROJ_2984,Construction,High,4,124873.67620917248,True,True,0.922287179900679,0.9999999999999996,1481987.02,1606860.6962091725,1606860.6962091732,-124873.67620917317,8.426097835133074
PROJ_2985,Manufacturing,Medium,0,45498.97826097219,False,True,0.9515179445383688,0.9999999999999998,892971.51,938470.4882609722,938470.4882609725,-45498.97826097254,5.0952329107311085
PROJ_2986,IT,Medium,1,3643.1570077115903,True,True,0.9945600581414236,0.9999999999999994,666061.98,669705.1370077116,669705.1370077119,-3643.1570077119395,0.5469696690557145
PROJ_2987,Manufacturing,Medium,3,172208.7676288155,True,True,0.8549783702471317,0.9999999999999996,1015260.77,1187469.5376288155,1187469.5376288157,-172208.76762881572,16.96202322766945
PROJ_2988,Healthcare,Medium,2,46512.32995836006,True,True,0.9333875544351392,1.0,651740.52,698252.8499583601,698252.8499583602,-46512.32995836018,7.136633143257715
PROJ_2989,R&D,Critical,2,94527.96490943478,True,True,0.954021924876808,0.9999999999999996,1961407.71,2055935.6749094347,2055935.6749094364,-94527.96490943641,4.8193939703355415
PROJ_2990,IT,Critical,3,127329.52644204628,True,True,0.921087129557489,1.0000000000000002,1486216.22,1613545.7464420462,1613545.746442046,-127329.52644204604,8.567362186509177
PROJ_2991,Construction,Low,-1,-1928.2440228662451,False,False,1.0010527118991286,1.0000000000000002,1833620.3,1831692.0559771336,1831692.0559771336,1928.2440228664782,-0.10516048621770156
PROJ_2992,IT,Critical,3,21974.72618290724,True,True,0.9783789095866297,1.0000000000000002,994381.33,1016356.0561829072,1016356.0561829071,-21974.72618290712,2.2098892567609973
PROJ_2993,Healthcare,High,1,32676.150403981504,True,True,0.928130183503746,1.0,421981.34,454657.49040398153,454657.49040398153,-32676.150403981504,7.743506005261157
PROJ_2994,Construction,Medium,0,51664.68721657805,False,True,0.978983055527467,1.0,2406575.01,2458239.697216578,2458239.697216577,-51664.68721657712,2.1468139161212814
PROJ_2995,IT,High,2,78095.93640840705,True,True,0.940337335266944,1.0000000000000002,1230862.3,1308958.236408407,1308958.236408407,-78095.93640840705,6.344815046200298
PROJ_2996,R&D,Medium,1,125293.12778263724,True,True,0.934081652348894,1.0,1775439.1,1900732.227782637,1900732.2277826373,-125293.12778263725,7.057021994313252
PROJ_2997,IT,Medium,1,56083.3539627149,True,True,0.9401545442878184,1.0,881053.03,937136.3839627148,937136.3839627147,-56083.35396271467,6.365491298828478
PROJ_2998,IT,Low,1,-286.9448011139175,True,False,1.0002961255106728,0.9999999999999996,969284.18,968997.235198886,968997.2351988863,286.9448011138011,-0.02960378463143813
PROJ_2999,R&D,Critical,1,150429.96825923724,True,True,0.9383460434039184,1.0,2289477.81,2439907.7782592373,2439907.778259237,-150429.96825923678,6.570492520267614
PROJ_3000,R&D,High,2,154343.09338536742,True,True,0.9040256604022088,1.0000000000000002,1453827.32,1608170.4133853675,1608170.4133853677,-154343.09338536765,10.616329137725081
PROJ_3001,IT,Medium,1,21954.583789662454,True,True,0.9843237134015906,1.0000000000000002,1378541.87,1400496.4537896626,1400496.4537896628,-21954.58378966269,1.5925946296910583
PROJ_3002,Healthcare,Low,0,60930.20157490438,False,True,0.955216570563513,1.0000000000000002,1299622.18,1360552.3815749043,1360552.381574904,-60930.201574904146,4.688301147253746
PROJ_3003,IT,High,3,62509.13657488092,True,True,0.913725934009186,0.9999999999999998,662032.31,724541.446574881,724541.4465748812,-62509.13657488115,9.442006927861444
PROJ_3004,R&D,High,6,308634.0136393071,True,True,0.8988964481747419,0.9999999999999994,2744018.52,3052652.533639307,3052652.533639307,-308634.0136393071,11.247519336688264
PROJ_3005,Marketing,Medium,1,-17993.28498879267,True,False,1.063913511885206,1.0,299518.81,281525.5250112073,281525.5250112073,17993.28498879267,-6.007397327998422
PROJ_3006,IT,High,0,158390.0477910724,False,True,0.8877980449586218,1.0000000000000002,1253261.36,1411651.4077910725,1411651.4077910723,-158390.04779107217,12.63822957017299
PROJ_3007,Construction,High,2,12080.109803988948,True,True,0.9884551126711492,1.0000000000000009,1034280.02,1046360.129803989,1046360.1298039888,-12080.109803988831,1.1679728478162839
PROJ_3008,Manufacturing,Low,1,32308.25038434885,True,True,0.9395376180201088,0.9999999999999998,502044.67,534352.9203843488,534352.9203843488,-32308.250384348852,6.435333808911636
PROJ_3009,Construction,Medium,-1,27103.728051002603,False,True,0.9769693043259028,1.0000000000000002,1149748.61,1176852.3380510027,1176852.3380510025,-27103.72805100237,2.357361236644797
PROJ_3010,Healthcare,Low,0,-12046.34476524475,False,False,1.024284021136057,1.0000000000000002,508106.89,496060.54523475526,496060.5452347552,12046.344765244809,-2.370828855567144
PROJ_3011,Manufacturing,Medium,2,74617.44213441142,True,True,0.9003398060030919,1.0000000000000002,674101.17,748718.6121344115,748718.6121344112,-74617.44213441119,11.069175585974904
PROJ_3012,IT,Low,3,66253.35860057035,True,True,0.9369709905079175,1.0000000000000004,984903.23,1051156.5886005703,1051156.5886005703,-66253.35860057035,6.726890173826555
PROJ_3013,IT,Medium,1,79970.75418459531,True,True,0.9361386385245748,0.9999999999999998,1172284.95,1252255.7041845953,1252255.7041845955,-79970.75418459554,6.82178459977632
PROJ_3014,Construction,Medium,2,79831.4665158256,True,True,0.9414943491053208,0.9999999999999996,1284677.18,1364508.6465158255,1364508.646515826,-79831.46651582606,6.214126611622857
PROJ_3015,IT,Critical,1,24860.579784963746,True,True,0.9756372016368372,0.9999999999999998,995571.45,1020432.0297849636,1020432.0297849639,-24860.57978496398,2.4971165841451137
PROJ_3016,IT,Medium,1,21529.47657042183,True,True,0.9799549687722686,1.0,1052526.05,1074055.526570422,1074055.5265704216,-21529.476570421597,2.045505341214272
PROJ_3017,IT,Low,0,35968.704899700824,False,True,0.9328286092629432,1.0,499507.85,535476.5548997008,535476.5548997008,-35968.704899700824,7.200828755684386
PROJ_3018,IT,Medium,0,115512.33838517522,False,True,0.9200211586077952,1.0000000000000002,1328773.88,1444286.218385175,1444286.218385175,-115512.33838517522,8.693152395889602
PROJ_3019,IT,Medium,2,-13586.834887706793,True,False,1.0160356344593886,1.0000000000000002,860876.97,847290.1351122932,847290.1351122933,13586.834887706675,-1.5782551236916786
PROJ_3020,Manufacturing,Critical,0,-19150.494746366458,False,False,1.0446821756359,1.0,447744.1,428593.6052536335,428593.6052536336,19150.4947463664,-4.277107112381024
PROJ_3021,Construction,Low,-1,157655.71056341426,False,True,0.9490606014865548,0.9999999999999996,2937310.37,3094966.0805634144,3094966.0805634153,-157655.7105634152,5.36734940146673
PROJ_3022,Manufacturing,Low,-1,10885.468875696184,False,True,0.9797141113716384,1.0,525717.54,536603.0088756962,536603.0088756961,-10885.468875696068,2.070592675240789
PROJ_3023,Construction,High,-2,104249.64067355008,False,True,0.9396580053815712,1.0,1623396.94,1727646.58067355,1727646.5806735503,-104249.64067355031,6.421697497689648
PROJ_3024,R&D,Low,1,59754.95055768732,True,True,0.9522127272731048,0.9999999999999998,1190681.56,1250436.5105576874,1250436.5105576874,-59754.95055768732,5.018550094761467
PROJ_3025,IT,Medium,1,70258.43882438494,True,True,0.932468483074366,1.0000000000000002,970121.55,1040379.988824385,1040379.9888243849,-70258.43882438482,7.2422305044542945
PROJ_3026,IT,Medium,2,11222.72313118109,True,True,0.987262078902834,1.0,869825.53,881048.2531311811,881048.2531311809,-11222.723131180857,1.2902269184006196
PROJ_3027,Manufacturing,High,1,-7162.969942425727,True,False,1.0140218126558918,0.9999999999999998,518007.76,510844.7900575743,510844.79005757434,7162.969942425669,-1.3827920150126067
PROJ_3028,IT,Low,1,57421.1261471638,True,True,0.9246132399140298,1.0000000000000002,704266.02,761687.1461471638,761687.1461471636,-57421.126147163566,8.153329071188692
PROJ_3029,IT,Low,1,40085.60065225128,True,True,0.93875640215975,1.0,614441.6,654527.2006522513,654527.200652251,-40085.60065225104,6.523907341601063
PROJ_3030,R&D,Medium,0,141057.8109937259,False,True,0.9337276079124855,1.0000000000000002,1987397.29,2128455.100993726,2128455.1009937264,-141057.81099372637,7.097615142351652
PROJ_3031,Construction,Critical,1,139813.60176311666,True,True,0.9397977106818852,1.0000000000000002,2182583.16,2322396.761763117,2322396.7617631163,-139813.6017631162,6.405877417432112
PROJ_3032,Marketing,High,2,59030.96903434733,True,True,0.936145170834166,0.9999999999999998,865424.86,924455.8290343472,924455.8290343477,-59030.96903434768,6.821039210076273
PROJ_3033,R&D,High,1,5931.463729646755,True,True,0.9958300794438214,1.0,1416509.0,1422440.4637296468,1422440.4637296465,-5931.463729646523,0.4187381604809092
PROJ_3034,Manufacturing,High,4,123950.22701123088,True,True,0.8898729096256236,1.0,1001569.63,1125519.857011231,1125519.8570112311,-123950.22701123112,12.375597591874978
PROJ_3035,Marketing,Low,2,49872.70882466016,True,True,0.951844828149678,0.9999999999999998,985794.01,1035666.7188246602,1035666.7188246606,-49872.70882466063,5.0591409887609915
PROJ_3036,IT,Low,-1,117462.20546360164,False,True,0.8799629525087261,1.0,861087.4,978549.6054636016,978549.6054636016,-117462.20546360163,13.641147862992959
PROJ_3037,Manufacturing,Medium,1,16515.752937929472,True,True,0.982667944202193,1.0000000000000002,936386.38,952902.1329379296,952902.1329379295,-16515.752937929472,1.7637754340178966
PROJ_3038,IT,Medium,2,-78898.97322240868,True,False,1.0696173072242954,1.0000000000000002,1212223.09,1133324.1167775914,1133324.1167775914,78898.97322240868,-6.508618246366573
PROJ_3039,IT,Medium,2,2568.513415389927,True,True,0.9955878602315608,1.0000000000000004,579578.37,582146.8834153899,582146.88341539,-2568.5134153900435,0.4431693017443083
PROJ_3040,IT,High,2,175421.17592694657,True,True,0.8700365578026314,1.0000000000000002,1174352.06,1349773.2359269466,1349773.2359269469,-175421.1759269468,14.937699000327617
PROJ_3041,IT,High,1,88121.28803633107,True,True,0.9380231252946168,0.9999999999999998,1333720.14,1421841.428036331,1421841.4280363307,-88121.28803633084,6.607179826821154
PROJ_3042,Manufacturing,Medium,0,79268.16325000487,False,True,0.9339215584329732,1.0,1120338.87,1199607.033250005,1199607.033250005,-79268.16325000487,7.075373833097914
PROJ_3043,Healthcare,Medium,1,22284.15493510617,True,True,0.9820967064324854,0.9999999999999998,1222411.68,1244695.834935106,1244695.8349351059,-22284.154935105937,1.8229664604567537
PROJ_3044,R&D,Critical,1,161194.08841908444,True,True,0.8959836876672538,1.0,1388506.0,1549700.0884190844,1549700.088419084,-161194.08841908397,11.609174783478355
PROJ_3045,IT,Critical,0,10649.188163234736,False,True,0.972077649625922,1.0,370736.62,381385.80816323473,381385.80816323473,-10649.188163234736,2.8724403225218853
PROJ_3046,Construction,High,1,10389.809015899198,True,True,0.9920090926170476,1.0,1289814.1,1300203.9090158993,1300203.9090158988,-10389.809015898732,0.8055276350211036
PROJ_3047,Healthcare,Low,1,62672.21069683693,True,True,0.9226551838168064,1.0,747623.99,810296.2006968369,810296.2006968369,-62672.21069683693,8.382851745679929
PROJ_3048,IT,High,1,150752.76146107912,True,True,0.8986309359692027,1.0000000000000002,1336414.58,1487167.3414610792,1487167.3414610787,-150752.76146107865,11.280388864141145
PROJ_3049,R&D,Medium,0,-37208.16754034255,False,False,1.029953846639013,0.9999999999999998,1279391.45,1242183.2824596574,1242183.2824596576,37208.167540342314,-2.908270767351331
PROJ_3050,Construction,Critical,2,173781.0477066841,True,True,0.935560737343406,0.9999999999999994,2523038.26,2696819.307706684,2696819.307706685,-173781.04770668503,6.887769022840147
PROJ_3051,R&D,Critical,2,29542.21738100238,True,True,0.979533624154405,0.9999999999999996,1413909.11,1443451.3273810025,1443451.3273810027,-29542.217381002614,2.089400030883358
PROJ_3052,Construction,Low,1,50632.10594694945,True,True,0.9739558558377812,1.0,1893455.81,1944087.9159469493,1944087.91594695,-50632.105946949916,2.6740579674235923
PROJ_3053,IT,Medium,2,169853.87280778727,True,True,0.8848637348565815,1.0,1305388.29,1475242.1628077873,1475242.1628077875,-169853.8728077875,13.011750918018997
PROJ_3054,Manufacturing,Medium,0,7498.7826072630705,False,True,0.9784941198505872,1.0,341186.44,348685.2226072631,348685.22260726313,-7498.782607263129,2.1978548172263612
PROJ_3055,Marketing,High,0,79219.86125596927,False,True,0.9222665554365996,1.0,939902.11,1019121.9712559693,1019121.9712559691,-79219.86125596915,8.42852254645637
PROJ_3056,IT,Medium,0,-26037.887231627945,False,False,1.0159302347814796,0.9999999999999996,1660532.77,1634494.882768372,1634494.8827683728,26037.887231627246,-1.568044166429022
PROJ_3057,Construction,Medium,2,117365.54126826325,True,True,0.9129197446812436,1.0000000000000002,1230420.37,1347785.9112682634,1347785.9112682634,-117365.54126826325,9.538653953547863
PROJ_3058,Construction,Medium,1,263429.74764119776,True,True,0.7825911092891575,1.0,948249.07,1211678.8176411977,1211678.817641198,-263429.747641198,27.780649196017453
PROJ_3059,Construction,Low,2,76051.91131730704,True,True,0.9717655747570304,1.0000000000000002,2617536.17,2693588.081317307,2693588.0813173074,-76051.9113173075,2.9054769973745005
PROJ_3060,Manufacturing,High,1,44510.49221254734,True,True,0.9192601019598744,1.0000000000000004,506772.0,551282.4922125473,551282.4922125475,-44510.492212547455,8.783139599770204
PROJ_3061,R&D,Low,0,104156.64197568408,False,True,0.965272939868322,1.0,2895136.75,2999293.391975684,2999293.391975684,-104156.64197568409,3.59764152680125
PROJ_3062,Manufacturing,Critical,-1,7362.082173602423,False,True,0.9866879242617752,1.0,545675.8,553037.8821736025,553037.8821736025,-7362.082173602423,1.3491677977294252
PROJ_3063,R&D,High,3,288601.12828246225,True,True,0.8845951030100141,1.0,2212169.08,2500770.2082824623,2500770.2082824633,-288601.1282824632,13.04607007175343
PROJ_3064,Marketing,Low,2,109595.1447036066,True,True,0.9088104974928204,0.9999999999999996,1092244.34,1201839.4847036067,1201839.4847036072,-109595.14470360707,10.033940272339343
PROJ_3065,IT,Medium,1,-20737.53459109133,True,False,1.0236957952661587,1.0000000000000002,895894.26,875156.7254089087,875156.7254089087,20737.53459109133,-2.314730154771985
PROJ_3066,IT,Critical,2,15903.259652369656,True,True,0.9861891427999164,1.0000000000000002,1135600.91,1151504.1696523696,1151504.1696523696,-15903.259652369656,1.4004268147662595
PROJ_3067,IT,Medium,0,13591.77948633174,False,True,0.9801473282948578,0.9999999999999994,671040.48,684632.2594863317,684632.2594863318,-13591.779486331856,2.025478326781695
PROJ_3068,Construction,Low,-1,102640.30162881338,False,True,0.9382132824701797,1.0,1558563.04,1661203.3416288134,1661203.3416288132,-102640.30162881315,6.585572671402059
PROJ_3069,Manufacturing,Low,2,28665.74243019463,True,True,0.9510283484771364,0.9999999999999998,556688.06,585353.8024301947,585353.8024301947,-28665.74243019463,5.1493366734315495
PROJ_3070,Marketing,High,1,-2037.779785328894,True,False,1.0041978530181648,1.0000000000000002,487471.59,485433.81021467113,485433.81021467113,2037.779785328894,-0.4180304713406773
PROJ_3071,R&D,Medium,4,213190.473677953,True,True,0.8769478983670203,1.0,1519331.53,1732522.003677953,1732522.0036779533,-213190.47367795324,14.031860029782523
PROJ_3072,IT,Low,3,38268.96466303046,True,True,0.9221383359054096,1.0,453230.48,491499.4446630304,491499.44466303056,-38268.96466303058,8.443599085178601
PROJ_3073,Marketing,High,0,42585.473332481226,False,True,0.9541938284817716,1.0000000000000002,887103.08,929688.5533324812,929688.5533324812,-42585.473332481226,4.800510142798877
PROJ_3074,IT,Low,1,7713.599443580606,True,True,0.9885365248420284,1.0000000000000002,665171.31,672884.9094435807,672884.9094435805,-7713.59944358049,1.1596410319591939
PROJ_3075,Marketing,Low,3,9471.097069504089,True,True,0.986109102355944,1.0000000000000002,672349.28,681820.3770695041,681820.3770695042,-9471.097069504205,1.4086572784764795
PROJ_3076,IT,Medium,1,-4150.443997192429,True,False,1.0067281461970037,0.9999999999999996,621028.24,616877.7960028076,616877.7960028077,4150.443997192313,-0.6683180779657159
PROJ_3077,R&D,Critical,4,42794.15951629169,True,True,0.96773201988659,1.0,1283417.13,1326211.2895162916,1326211.2895162913,-42794.15951629146,3.3343921096246754
PROJ_3078,IT,Critical,2,42356.778723337455,True,True,0.9467681020172444,1.0,753346.18,795702.9587233375,795702.9587233376,-42356.77872333757,5.622485365670476
PROJ_3079,Healthcare,Low,0,64588.7407095111,False,True,0.9117010421888152,1.0,666889.21,731477.9507095111,731477.950709511,-64588.74070951098,9.685078082086676
PROJ_3080,IT,Critical,4,240936.2782891244,True,True,0.8230263827183407,1.0,1120488.56,1361424.8382891244,1361424.8382891244,-240936.27828912437,21.50278788112967
PROJ_3081,Healthcare,Medium,1,109614.30200604176,True,True,0.8817413045252928,1.0,817288.38,926902.6820060418,926902.6820060419,-109614.30200604186,13.41194915875861
PROJ_3082,IT,Low,2,49513.47226499731,True,True,0.9399630516392812,1.0000000000000002,775203.2,824716.6722649973,824716.6722649975,-49513.472264997545,6.38716045870264
PROJ_3083,R&D,Critical,0,96937.61976040712,False,True,0.9234711758255388,1.0000000000000002,1169743.54,1266681.1597604072,1266681.1597604067,-96937.61976040667,8.287083146482404
PROJ_3084,Marketing,Medium,3,54443.127259032335,True,True,0.9440674319272848,1.0,918927.65,973370.7772590324,973370.7772590326,-54443.12725903257,5.924636967777884
PROJ_3085,Construction,High,3,138124.71572875162,True,True,0.9362561537911784,1.0000000000000002,2028746.66,2166871.3757287515,2166871.375728751,-138124.71572875115,6.808376740778031
PROJ_3086,R&D,High,2,-9002.11390623916,True,False,1.0067204789397408,1.0000000000000002,1348506.93,1339504.8160937608,1339504.8160937603,9002.113906239625,-0.6675615605653302
PROJ_3087,R&D,Medium,1,182730.68096642988,True,True,0.9104994877580804,1.0,1858941.22,2041671.9009664296,2041671.9009664292,-182730.68096642918,9.829825655618588
PROJ_3088,Manufacturing,High,1,25945.549253233243,True,True,0.9546141783265104,1.0000000000000004,545720.85,571666.3992532332,571666.3992532331,-25945.549253233126,4.754362830966259
PROJ_3089,Marketing,Medium,0,122172.5831592204,False,True,0.9120090939338354,1.0,1266295.71,1388468.2931592204,1388468.2931592208,-122172.58315922087,9.648029460608445
PROJ_3090,R&D,Medium,2,95754.89318022411,True,True,0.9166085514592474,0.9999999999999998,1052503.05,1148257.9431802242,1148257.9431802242,-95754.89318022411,9.097825719386192
PROJ_3091,R&D,High,0,68632.51153192343,False,True,0.9409527543121472,1.0,1093699.63,1162332.141531923,1162332.1415319236,-68632.51153192366,6.2752614748460385
PROJ_3092,Marketing,Medium,2,56943.6085428847,True,True,0.9578189274017094,0.9999999999999998,1293036.49,1349980.0985428847,1349980.098542885,-56943.60854288493,4.403867097585539
PROJ_3093,IT,Medium,0,-22764.43696353631,False,False,1.0244893527785093,1.0,952329.1,929564.6630364635,929564.6630364639,22764.436963536078,-2.3903960262829393
PROJ_3094,R&D,Medium,2,103368.50361009408,True,True,0.9553828548763238,0.9999999999999998,2213420.33,2316788.833610094,2316788.833610094,-103368.50361009408,4.670080156447017
PROJ_3095,Healthcare,Medium,2,66489.13728325441,True,True,0.9358329549681244,1.0,969699.1,1036188.2372832544,1036188.2372832544,-66489.13728325441,6.8566772190728456
PROJ_3096,IT,Medium,0,35904.11023144156,False,True,0.9513033017150204,1.0,701396.6,737300.7102314415,737300.7102314417,-35904.11023144168,5.118945576788036
PROJ_3097,IT,Medium,0,6951.787209906615,False,True,0.9870122203461744,1.0000000000000002,528304.23,535256.0172099066,535256.0172099065,-6951.787209906499,1.315868171244152
PROJ_3098,Construction,Medium,2,128992.3077899157,True,True,0.929482295520649,1.0000000000000004,1700226.45,1829218.757789916,1829218.7577899147,-128992.30778991478,7.586772208485215
PROJ_3099,IT,Critical,3,193124.42197666783,True,True,0.8519912933111914,0.9999999999999998,1111693.56,1304817.981976668,1304817.981976668,-193124.42197666783,17.37209145806942
PROJ_3100,IT,Medium,2,44071.09987570124,True,True,0.9491328083004968,1.0,822324.28,866395.3798757013,866395.3798757012,-44071.099875701126,5.359333409892885
PROJ_3101,IT,Low,1,21166.44348729541,True,True,0.9739061731746405,1.0,790000.26,811166.7034872954,811166.7034872953,-21166.4434872953,2.679295762167888
PROJ_3102,IT,Critical,2,103773.86877758591,True,True,0.9266838850784952,0.9999999999999996,1311656.68,1415430.5487775858,1415430.548777586,-103773.86877758615,7.911663955966447
PROJ_3103,Marketing,Low,0,-23033.533927409328,False,False,1.0854932980761671,1.0000000000000002,292452.71,269419.1760725907,269419.1760725907,23033.533927409328,-7.875985805503162
PROJ_3104,Healthcare,Medium,0,3375.332838262606,False,True,0.9918856656249,0.9999999999999996,412596.29,415971.6228382626,415971.62283826264,-3375.332838262664,0.8180715435571813
PROJ_3105,IT,High,1,-9886.481301231075,True,False,1.015733751231464,1.0,638247.84,628361.3586987689,628361.3586987689,9886.481301231077,-1.5490034876155754
PROJ_3106,Manufacturing,Medium,1,8369.067821172648,True,True,0.99064658273446,0.9999999999999996,886391.38,894760.4478211727,894760.4478211728,-8369.067821172765,0.9441729703162011
PROJ_3107,Marketing,Critical,1,43792.98591304175,True,True,0.950771335931295,1.0000000000000002,845790.08,889583.0659130417,889583.0659130417,-43792.985913041746,5.177760646358225
PROJ_3108,Construction,Low,0,235456.623781109,False,True,0.8840074478560019,1.0,1794472.19,2029928.813781109,2029928.8137811094,-235456.62378110946,13.121218879469481
PROJ_3109,IT,Medium,0,-50379.72894271399,False,False,1.1051098228966791,1.0000000000000002,529685.35,479305.621057286,479305.62105728587,50379.72894271411,-9.511255869680767
PROJ_3110,Marketing,High,0,52286.80828975525,False,True,0.9520883182369064,0.9999999999999996,1039029.68,1091316.4882897553,1091316.4882897558,-52286.80828975572,5.03227283071988
PROJ_3111,IT,Medium,0,126930.7598672252,False,True,0.8343627433561952,1.0,639386.93,766317.6898672252,766317.6898672252,-126930.75986722519,19.851947844355404
PROJ_3112,Marketing,High,0,64633.25267931575,False,True,0.9409163900198756,1.0,1029295.38,1093928.6326793155,1093928.6326793155,-64633.25267931551,6.279368773550262
PROJ_3113,R&D,High,4,317690.545234764,True,True,0.9001653013552143,1.0000000000000009,2864475.07,3182165.615234764,3182165.615234761,-317690.5452347612,11.090707283926937
PROJ_3114,Manufacturing,Low,1,1866.0623121073004,True,True,0.9960855499396212,1.0,474845.17,476711.2323121073,476711.2323121074,-1866.0623121074168,0.39298331961709054
PROJ_3115,Construction,High,0,111287.9659667809,False,True,0.9347046605201458,1.0000000000000002,1593090.43,1704378.3959667808,1704378.3959667801,-111287.9659667802,6.98566533770341
PROJ_3116,IT,Medium,3,67047.05546530616,True,True,0.958433059734311,1.0000000000000004,1545942.86,1612989.9154653065,1612989.915465305,-67047.05546530499,4.33696853875343
PROJ_3117,Construction,Low,0,174128.87362698186,False,True,0.9269162390372668,0.9999999999999998,2208464.35,2382593.223626982,2382593.2236269824,-174128.87362698233,7.884613289183605
PROJ_3118,R&D,Critical,4,177314.36431573238,True,True,0.9299851816288718,1.0,2355211.87,2532526.2343157325,2532526.2343157334,-177314.3643157333,7.528595052288578
PROJ_3119,Healthcare,Medium,0,95287.38167785422,False,True,0.9004084718245594,1.0,861494.62,956782.0016778542,956782.0016778545,-95287.38167785446,11.06070536782394
PROJ_3120,R&D,Critical,0,32371.391029085964,False,True,0.9785360185923287,1.0000000000000004,1475801.32,1508172.711029086,1508172.7110290856,-32371.3910290855,2.193478931776907
PROJ_3121,Construction,Critical,0,351948.49201485934,False,True,0.8851838224720212,1.0,2713372.96,3065321.4520148598,3065321.4520148598,-351948.4920148598,12.970885211993114
PROJ_3122,IT,High,0,45996.27909295668,False,True,0.9553962162056926,1.0,985222.94,1031219.2190929566,1031219.2190929567,-45996.2790929568,4.668616332964882
PROJ_3123,Healthcare,High,0,5106.579286773689,False,True,0.9879454489450392,1.0000000000000004,418515.94,423622.5192867737,423622.5192867735,-5106.5792867735145,1.2201636302726042
PROJ_3124,IT,Critical,0,70034.82884316053,False,True,0.948898556793304,1.0,1300471.06,1370505.8888431606,1370505.8888431613,-70034.82884316123,5.385343126602235
PROJ_3125,R&D,High,4,246259.8674880741,True,True,0.8854234890925756,1.0000000000000002,1903045.13,2149304.997488074,2149304.997488074,-246259.86748807412,12.940306228474682
PROJ_3126,IT,Critical,0,31717.728800014596,False,True,0.972478830624523,1.0,1120767.05,1152484.7788000146,1152484.7788000144,-31717.72880001436,2.830001899147049
PROJ_3127,Manufacturing,Medium,-1,-47938.381909576245,False,False,1.0495295392551347,1.0000000000000002,1015812.96,967874.5780904236,967874.5780904234,47938.381909576594,-4.719213457325509
PROJ_3128,IT,Critical,4,33204.57790632802,True,True,0.9516813228768504,0.9999999999999998,653995.07,687199.647906328,687199.647906328,-33204.57790632802,5.077190858079102
PROJ_3129,Construction,Medium,2,107333.54798702525,True,True,0.9633246237481756,1.0000000000000002,2819249.87,2926583.4179870253,2926583.4179870244,-107333.5479870243,3.8071669038340437
PROJ_3130,IT,Medium,1,1606.9807534859865,True,True,0.996415315119916,1.0000000000000004,446683.68,448290.660753486,448290.66075348586,-1606.98075348587,0.3597581074566839
PROJ_3131,Construction,Medium,-1,324112.7569068866,False,True,0.9032338074625856,0.9999999999999996,3025329.32,3349442.0769068864,3349442.0769068887,-324112.7569068889,10.713304986806822
PROJ_3132,IT,Medium,0,9521.5965482436,False,True,0.9809646942413964,1.0,490685.58,500207.1765482436,500207.1765482436,-9521.5965482436,1.940467977119605
PROJ_3133,Manufacturing,Critical,-1,118199.68292886928,False,True,0.9178062170889704,1.0000000000000002,1319861.43,1438061.1129288692,1438061.112928869,-118199.68292886904,8.955461553935177
PROJ_3134,Construction,Medium,0,111789.96241607332,False,True,0.936255253312716,1.0,1641922.59,1753712.5524160734,1753712.552416073,-111789.96241607284,6.808479467724044
PROJ_3135,IT,High,1,-42883.02071894612,True,False,1.0750216376568136,0.9999999999999998,614491.72,571608.6992810539,571608.6992810542,42883.02071894577,-6.978616525369255
PROJ_3136,IT,High,0,106714.73033100518,False,True,0.8862155214583237,1.0,831152.47,937867.2003310052,937867.2003310053,-106714.7303310053,12.839368729904068
PROJ_3137,Construction,Medium,3,173600.9923043875,True,True,0.9346210809761264,1.0,2481704.34,2655305.332304388,2655305.3323043883,-173600.99230438843,6.995232651460345
PROJ_3138,Healthcare,Medium,3,33382.524929089705,True,True,0.9707297785819856,0.9999999999999998,1107111.92,1140494.4449290896,1140494.4449290899,-33382.52492908994,3.0152800566983275
PROJ_3139,IT,Critical,2,25500.21306778345,True,True,0.943114672137744,0.9999999999999998,422773.78,448273.9930677835,448273.99306778354,-25500.21306778351,6.031644882940354
PROJ_3140,R&D,Medium,3,231223.88466516207,True,True,0.8750309051281012,0.9999999999999996,1619024.65,1850248.534665162,1850248.5346651622,-231223.8846651623,14.281677840121972
PROJ_3141,Manufacturing,Low,1,44427.87684091716,True,True,0.9132843870967344,1.0,467912.12,512339.9968409172,512339.9968409173,-44427.87684091728,9.494919011911312
PROJ_3142,IT,High,0,68374.83798660187,False,True,0.9279664610083096,1.0000000000000002,880833.53,949208.367986602,949208.3679866017,-68374.83798660163,7.7625153514083
PROJ_3143,Construction,Medium,4,118398.60142329684,True,True,0.934508636568105,1.0000000000000002,1689452.01,1807850.6114232969,1807850.6114232966,-118398.60142329661,7.0081068134806985
PROJ_3144,IT,High,2,131998.59870186122,True,True,0.8562907561418164,1.0,786512.94,918511.5387018612,918511.5387018612,-131998.59870186122,16.782762493629313
PROJ_3145,Marketing,Critical,4,34119.37745786086,True,True,0.9556636923020616,1.0,735439.01,769558.3874578609,769558.387457861,-34119.377457860974,4.63932113933703
PROJ_3146,Construction,Medium,1,185477.71605692827,True,True,0.9101747051765527,0.9999999999999998,1879394.06,2064871.7760569283,2064871.7760569288,-185477.71605692874,9.86901682859042
PROJ_3147,IT,Medium,0,60486.58053856157,False,True,0.9460748139564886,1.0000000000000002,1061189.3,1121675.8805385616,1121675.8805385614,-60486.580538561335,5.699886018315613
PROJ_3148,IT,Medium,0,40976.8083597084,False,True,0.95421109649788,1.0000000000000002,853930.15,894906.9583597084,894906.9583597084,-40976.808359708404,4.798613605540032
PROJ_3149,IT,Medium,-1,-4928.223258028622,False,False,1.0053733731759793,1.0000000000000002,922084.56,917156.3367419714,917156.3367419713,4928.223258028738,-0.5344654353640558
PROJ_3150,Construction,Critical,-1,92372.3197268655,False,True,0.9263906181919788,1.0,1162526.41,1254898.7297268654,1254898.7297268657,-92372.31972686574,7.9458254825252315
PROJ_3151,IT,High,2,195996.0317797989,True,True,0.8661245268189817,1.0,1268021.44,1464017.4717797989,1464017.4717797986,-195996.03177979868,15.456838945861884
PROJ_3152,R&D,High,1,-30287.02262625121,True,False,1.016210097840701,1.0000000000000002,1898691.7,1868404.6773737487,1868404.6773737483,30287.02262625168,-1.5951522106644105
PROJ_3153,IT,Low,0,69206.4105017049,False,True,0.9281298443961612,1.0000000000000002,893730.29,962936.7005017048,962936.7005017047,-69206.41050170467,7.743545371132567
PROJ_3154,Marketing,Medium,2,341555.3727095176,True,True,0.7757005957045158,0.9999999999999998,1181210.03,1522765.4027095176,1522765.402709518,-341555.37270951807,28.91571896909122
PROJ_3155,Construction,Medium,-1,117319.48996065534,False,True,0.9407435646393056,1.0,1862541.25,1979860.7399606556,1979860.739960655,-117319.4899606551,6.2988935123265115
PROJ_3156,IT,Medium,0,112551.67654532334,False,True,0.9148710968010006,1.0000000000000002,1209580.67,1322132.3465453233,1322132.3465453226,-112551.67654532264,9.305016137974711
PROJ_3157,Construction,Critical,-1,41634.08882649616,False,True,0.9793227688087652,1.0,1971889.31,2013523.398826496,2013523.3988264964,-41634.08882649639,2.1113806244274627
PROJ_3158,IT,Medium,1,33072.7259746053,True,True,0.9359684368956248,1.0000000000000002,483433.89,516506.6159746053,516506.61597460526,-33072.725974605244,6.841209658388915
PROJ_3159,Construction,Critical,-2,287836.19273653906,False,True,0.8921060940234496,0.9999999999999998,2379934.43,2667770.622736539,2667770.6227365397,-287836.1927365395,12.094290880801264
PROJ_3160,IT,Medium,1,119833.15950103686,True,True,0.8390378583756526,1.0000000000000009,624647.24,744480.3995010369,744480.3995010366,-119833.15950103663,19.18413335197585
PROJ_3161,R&D,Medium,3,93152.30620274087,True,True,0.9506790415085098,1.0,1795543.88,1888696.1862027408,1888696.1862027412,-93152.30620274134,5.187971580106488
PROJ_3162,IT,Medium,0,-8167.526630007778,False,False,1.0139064769325,1.0,595485.7,587318.1733699922,587318.1733699922,8167.526630007778,-1.3715739320033677
PROJ_3163,Manufacturing,High,-1,-24359.254021231376,False,False,1.0598859066325217,1.0000000000000002,431120.3,406761.0459787686,406761.0459787686,24359.254021231376,-5.650221996327099
PROJ_3164,IT,Low,4,83804.92382243951,True,True,0.930131396484306,1.0000000000000004,1115659.78,1199464.7038224395,1199464.7038224393,-83804.92382243928,7.51169176524758
PROJ_3165,Construction,Low,2,86334.83712041099,True,True,0.934842904381907,1.0000000000000002,1238691.03,1325025.867120411,1325025.8671204112,-86334.83712041122,6.969844378417046
PROJ_3166,Manufacturing,Medium,-1,150925.0099037371,False,True,0.8864015084624176,1.0,1177657.86,1328582.8699037372,1328582.8699037367,-150925.00990373665,12.81569248845642
PROJ_3167,R&D,Medium,4,36558.813064383576,True,True,0.979317438369917,1.0,1731056.52,1767615.3330643836,1767615.3330643838,-36558.81306438381,2.111936418135198
PROJ_3168,IT,Medium,1,23520.832526870072,True,True,0.977261104263774,1.0,1010866.8,1034387.63252687,1034387.6325268702,-23520.83252687019,2.3267983998356843
PROJ_3169,Healthcare,High,1,38118.494783949456,True,True,0.948994006826804,0.9999999999999996,709215.15,747333.6447839495,747333.6447839498,-38118.494783949805,5.374743444771281
PROJ_3170,IT,High,3,74879.35016278806,True,True,0.9262297319766568,1.0000000000000002,940154.92,1015034.270162788,1015034.2701627874,-74879.35016278736,7.964575685333579
PROJ_3171,Construction,Critical,0,26938.629003474955,False,True,0.9809886848389504,0.9999999999999998,1390040.09,1416978.719003475,1416978.7190034755,-26938.62900347542,1.9379749690151322
PROJ_3172,Healthcare,Low,0,28710.66466287192,False,True,0.9452455104978792,1.0,495642.04,524352.7046628719,524352.7046628719,-28710.664662871917,5.7926209533944935
PROJ_3173,R&D,Medium,1,54157.11219589063,True,True,0.9580559188223308,1.0000000000000002,1237017.01,1291174.1221958906,1291174.1221958902,-54157.112195890164,4.378041025958904
PROJ_3174,Manufacturing,Medium,1,158585.58260253398,True,True,0.8432512606649467,1.0,853132.81,1011718.392602534,1011718.3926025337,-158585.58260253363,18.588616068175085
PROJ_3175,IT,Low,0,6152.040200098301,False,True,0.9896595251160728,1.0000000000000002,588795.51,594947.5502000983,594947.5502000982,-6152.040200098185,1.044851751688491
PROJ_3176,IT,Low,1,-686.8630092893145,True,False,1.0018038427325744,1.0000000000000002,381464.52,380777.6569907107,380777.65699071065,686.8630092893727,-0.18005947428331542
PROJ_3177,Construction,Critical,1,16731.568588973954,True,True,0.9865894434703204,1.0,1230910.06,1247641.628588974,1247641.628588974,-16731.568588973954,1.359284413434232
PROJ_3178,Marketing,Low,2,-12281.783486905277,True,False,1.00983649231998,1.0000000000000002,1260875.6,1248593.8165130948,1248593.8165130944,12281.78348690574,-0.9740678213541241
PROJ_3179,IT,Low,0,-33354.31083723903,False,False,1.048817285715878,1.0,716602.27,683247.959162761,683247.959162761,33354.31083723903,-4.654508118881486
PROJ_3180,R&D,Low,1,71159.68040897045,True,True,0.9445472643016574,1.0000000000000002,1212089.55,1283249.2304089705,1283249.2304089703,-71159.68040897022,5.870826987079479
PROJ_3181,Healthcare,High,1,133424.12133689888,True,True,0.8093607862819772,1.0000000000000002,566453.51,699877.6313368989,699877.6313368987,-133424.12133689865,23.55429333236873
PROJ_3182,IT,Low,0,35584.27067189349,False,True,0.9637379854100014,1.0000000000000009,945725.54,981309.8106718936,981309.810671893,-35584.27067189291,3.7626424545849644
PROJ_3183,Construction,Critical,5,60063.50034523336,True,True,0.9653358910023162,1.0,1672665.31,1732728.8103452334,1732728.8103452341,-60063.50034523406,3.5908857549771307
PROJ_3184,IT,Low,0,131497.25527412829,False,True,0.8693090926307122,1.0000000000000002,874672.63,1006169.8852741284,1006169.8852741279,-131497.25527412794,15.033882479451533
PROJ_3185,IT,Critical,0,-33158.78566539404,False,False,1.044823563370899,1.0,772921.16,739762.374334606,739762.374334606,33158.78566539404,-4.2900605367556555
PROJ_3186,Marketing,High,1,25908.483726644303,True,True,0.9408299765390286,1.0,411956.54,437865.0237266443,437865.02372664434,-25908.483726644365,6.289130335603938
PROJ_3187,Healthcare,Medium,1,26061.001679977984,True,True,0.968549688385198,0.9999999999999996,802579.49,828640.491679978,828640.4916799781,-26061.0016799781,3.247155204524115
PROJ_3188,Construction,High,-1,323605.6164367497,False,True,0.8668016607670271,1.0,2105896.27,2429501.8864367497,2429501.8864367497,-323605.6164367497,15.366645596307063
PROJ_3189,Marketing,High,-1,-6384.785510680871,False,False,1.0087559966657422,1.0,735574.82,729190.0344893191,729190.034489319,6384.7855106809875,-0.8679994661428171
PROJ_3190,IT,Critical,2,174722.04014017666,True,True,0.8712741779353989,1.0000000000000004,1182597.24,1357319.2801401766,1357319.2801401769,-174722.0401401769,14.774433275370818
PROJ_3191,Healthcare,Medium,1,-2826.871438408154,True,False,1.005229714695694,0.9999999999999998,543367.15,540540.2785615919,540540.2785615919,2826.871438408154,-0.5202507068026019
PROJ_3192,Construction,Critical,0,184014.37181501137,False,True,0.9287702818336604,0.9999999999999994,2399378.86,2583393.2318150112,2583393.2318150126,-184014.37181501277,7.66925035819532
PROJ_3193,Healthcare,Medium,0,54129.115565836255,False,True,0.8815395952739348,1.0,402809.35,456938.4655658362,456938.4655658362,-54129.1155658362,13.43789948416942
PROJ_3194,IT,Low,1,-8633.478969119373,True,False,1.0123183883408398,0.9999999999999996,709494.56,700861.0810308807,700861.0810308809,8633.47896911914,-1.2168492129268953
PROJ_3195,Marketing,High,-3,17168.433608686086,False,True,0.9840056602295258,1.0,1056238.4,1073406.833608686,1073406.833608686,-17168.433608686086,1.6254316836697178
PROJ_3196,R&D,Critical,0,48851.371062440565,False,True,0.964039026547328,0.9999999999999994,1309603.82,1358455.1910624406,1358455.191062441,-48851.37106244103,3.7302404220568803
PROJ_3197,IT,High,3,80922.1774079199,True,True,0.9224457439256064,1.0,962504.47,1043426.64740792,1043426.6474079198,-80922.17740791978,8.40745990591813
PROJ_3198,R&D,Critical,2,152095.46822661255,True,True,0.923144049799072,0.9999999999999996,1826872.56,1978968.0282266128,1978968.0282266133,-152095.46822661324,8.32545583949289
PROJ_3199,IT,Critical,1,54208.00690773374,True,True,0.8868967044200348,1.0000000000000002,425070.75,479278.75690773374,479278.75690773374,-54208.00690773374,12.752702204923235
PROJ_3200,IT,High,1,164289.36177992984,True,True,0.9050345054520728,1.0,1565700.7,1729990.0617799298,1729990.0617799303,-164289.3617799303,10.493024738376262
PROJ_3201,IT,Medium,1,190148.12788256828,True,True,0.7695549366132647,0.9999999999999998,634986.18,825134.3078825683,825134.3078825686,-190148.12788256851,29.945238789695942
PROJ_3202,R&D,Critical,2,207883.5328514164,True,True,0.9090561430085182,0.9999999999999998,2077961.16,2285844.6928514163,2285844.6928514168,-207883.53285141685,10.004206856850821
PROJ_3203,Construction,High,1,21789.869397084574,True,True,0.9788919736662368,1.0,1010512.68,1032302.5493970846,1032302.5493970846,-21789.869397084578,2.15631825590596
PROJ_3204,IT,Medium,1,-29747.079596953583,True,False,1.037503284168998,1.0,822933.07,793185.9904030464,793185.9904030464,29747.079596953583,-3.614762935332467
PROJ_3205,IT,Medium,1,96331.73278663866,True,True,0.8892110508339968,1.0000000000000002,773174.96,869506.6927866386,869506.6927866384,-96331.73278663843,12.459241151141061
PROJ_3206,IT,Critical,2,118894.38011776935,True,True,0.907454864497694,1.0,1165823.39,1284717.7701177693,1284717.7701177693,-118894.38011776935,10.198318299118133
PROJ_3207,IT,Low,2,-44869.254124449566,True,False,1.0536904728650025,1.0000000000000004,880571.6,835702.3458755504,835702.3458755498,44869.25412445015,-5.095469138960438
PROJ_3208,R&D,Medium,3,272306.48454201873,True,True,0.8890089718119963,0.9999999999999996,2181103.39,2453409.874542019,2453409.87454202,-272306.48454201967,12.484804057913992
PROJ_3209,R&D,Critical,-2,37229.0580737323,False,True,0.9763885909149138,0.9999999999999996,1539511.15,1576740.2080737322,1576740.2080737327,-37229.05807373277,2.4182389373232387
PROJ_3210,IT,Medium,2,33303.69721209293,True,True,0.9594151184234806,0.9999999999999996,787289.98,820593.6772120929,820593.6772120934,-33303.69721209339,4.230169068339139
PROJ_3211,IT,Low,0,-37579.27210883645,False,False,1.069057661938792,1.0000000000000002,581751.65,544172.3778911636,544172.3778911636,37579.27210883645,-6.459676067757856
PROJ_3212,Construction,Critical,-1,259811.6393369716,False,True,0.8866322332612553,1.0000000000000002,2031947.71,2291759.3493369715,2291759.349336971,-259811.6393369711,12.786334907061715
PROJ_3213,Construction,Low,2,210677.6489257964,True,True,0.8766840635750133,1.0,1497760.49,1708438.1389257964,1708438.1389257961,-210677.64892579615,14.066177491822884
PROJ_3214,R&D,Medium,2,140390.01092562894,True,True,0.9180614128759632,0.9999999999999992,1572966.49,1713356.500925629,1713356.5009256294,-140390.0109256294,8.925174936538502
PROJ_3215,Construction,High,0,41404.53974241112,False,True,0.9693175618955212,0.9999999999999998,1308049.49,1349454.029742411,1349454.029742411,-41404.539742411114,3.1653649238004835
PROJ_3216,Marketing,Medium,1,26917.319633801,True,True,0.9514238257925546,1.0,527208.65,554125.969633801,554125.9696338011,-26917.31963380112,5.1056293620753594
PROJ_3217,Construction,Medium,1,34359.01627357607,True,True,0.9801608630828792,1.0,1697521.58,1731880.596273576,1731880.5962735764,-34359.0162735763,2.024069483321461
PROJ_3218,R&D,Low,3,89879.91715615545,True,True,0.9567121971904466,0.9999999999999992,1986453.63,2076333.5471561556,2076333.547156156,-89879.91715615615,4.5246420957813225
PROJ_3219,IT,Critical,1,8804.412192680524,True,True,0.9859143405429924,1.0000000000000002,616257.71,625062.1221926805,625062.1221926805,-8804.412192680524,1.4286899863176599
PROJ_3220,Manufacturing,Critical,0,75532.34652704885,False,True,0.9460349122946914,1.0000000000000004,1324119.72,1399652.0665270488,1399652.0665270486,-75532.34652704862,5.704344205903725
PROJ_3221,Construction,Low,-1,50581.85968558234,False,True,0.973703561806936,0.9999999999999996,1872943.27,1923525.1296855824,1923525.1296855824,-50581.85968558234,2.700661600155265
PROJ_3222,Marketing,Medium,1,111381.9175197212,True,True,0.912852690944212,1.0,1166705.94,1278087.8575197211,1278087.8575197211,-111381.9175197212,9.546700132487643
PROJ_3223,R&D,Critical,2,63404.29832224548,True,True,0.9675109019914516,1.0000000000000002,1888151.83,1951556.1283222456,1951556.1283222446,-63404.29832224455,3.3580084670545034
PROJ_3224,R&D,High,4,209340.65813904183,True,True,0.8801749628003326,1.0000000000000004,1537712.07,1747052.728139042,1747052.7281390412,-209340.65813904116,13.613774790688945
PROJ_3225,R&D,Critical,1,273825.35100157536,True,True,0.8422881547352923,1.0000000000000002,1462412.98,1736238.331001575,1736238.3310015746,-273825.35100157466,18.72421502998248
PROJ_3226,Marketing,Low,3,60071.35380385909,True,True,0.9273697277467362,1.0000000000000004,767012.89,827084.2438038591,827084.2438038591,-60071.35380385909,7.831857141782726
PROJ_3227,Construction,Medium,4,133032.8100390653,True,True,0.9286623929768648,0.9999999999999998,1731801.4,1864834.2100390648,1864834.2100390655,-133032.81003906555,7.681759007647503
PROJ_3228,Manufacturing,Low,1,125819.85385989943,True,True,0.8513865200444508,1.0,720804.92,846624.7738598995,846624.7738598996,-125819.85385989957,17.455465462125254
PROJ_3229,Marketing,Medium,0,57678.69147015596,False,True,0.9525714653344278,0.9999999999999998,1158439.24,1216117.931470156,1216117.9314701562,-57678.69147015619,4.9790001476604155
PROJ_3230,R&D,Low,-1,-26439.278848075774,False,False,1.0203882837279106,0.9999999999999998,1323227.14,1296787.861151924,1296787.8611519241,26439.278848075774,-1.998090732032278
PROJ_3231,Manufacturing,Medium,0,125599.50120522012,False,True,0.8840702632015153,1.0000000000000002,957811.06,1083410.5612052202,1083410.5612052197,-125599.50120521965,13.113181341340916
PROJ_3232,Construction,Low,-1,214676.3091019145,False,True,0.8735805231798464,1.0000000000000002,1483450.55,1698126.8591019146,1698126.8591019148,-214676.30910191475,14.471416597062486
PROJ_3233,R&D,High,4,207921.03734834815,True,True,0.914643362055618,0.9999999999999996,2227988.37,2435909.4073483483,2435909.407348347,-207921.03734834678,9.332231718442353
PROJ_3234,IT,Medium,3,41557.027164581,True,True,0.9656045615205174,1.0,1166656.3,1208213.327164581,1208213.3271645803,-41557.0271645803,3.5620625512912674
PROJ_3235,Construction,Low,0,35877.05090359086,False,True,0.9707141738380498,0.9999999999999996,1189188.3,1225065.350903591,1225065.3509035911,-35877.050903591095,3.016936081829185
PROJ_3236,R&D,High,-2,193613.0075794987,False,True,0.908417404441047,1.0000000000000002,1920467.8,2114080.8075794987,2114080.807579498,-193613.00757949776,10.081554482688945
PROJ_3237,Healthcare,Medium,1,72719.78419595875,True,True,0.9295039033789572,0.9999999999999998,958823.63,1031543.4141959588,1031543.4141959588,-72719.78419595875,7.584271175707127
PROJ_3238,Healthcare,Medium,1,2732.989129029389,True,True,0.9928968065229874,1.0,382022.0,384754.9891290294,384754.9891290294,-2732.989129029389,0.7154009792706674
PROJ_3239,Healthcare,Medium,1,-1792.8382502365855,True,False,1.011378569398348,1.0,159355.55,157562.7117497634,157562.7117497634,1792.8382502365857,-1.1250554186764037
PROJ_3240,Manufacturing,Medium,0,-8925.364392111485,False,False,1.0186343876868238,1.0000000000000002,487898.14,478972.7756078885,478972.7756078886,8925.364392111427,-1.8293499524534826
PROJ_3241,R&D,High,2,6204.271401538746,True,True,0.9952803161552922,0.9999999999999998,1308348.06,1314552.3314015388,1314552.3314015388,-6204.271401538746,0.474206489176798
PROJ_3242,IT,Low,1,1344.2654610361203,True,True,0.9974823366717116,1.0,532589.5,533933.7654610361,533933.7654610362,-1344.265461036237,0.25240179557355846
PROJ_3243,R&D,Critical,2,127176.86102418113,True,True,0.9396188722248774,1.0000000000000002,1979058.41,2106235.271024181,2106235.271024181,-127176.86102418113,6.426129738342647
PROJ_3244,IT,Medium,-1,88285.58172681299,False,True,0.9151010249506732,0.9999999999999996,951604.26,1039889.841726813,1039889.841726813,-88285.58172681299,9.277552175608482
PROJ_3245,R&D,High,1,27767.219327791598,True,True,0.9780451251916504,0.9999999999999998,1236973.28,1264740.4993277916,1264740.4993277912,-27767.21932779113,2.244771150415725
PROJ_3246,Healthcare,Medium,0,45764.38753918593,False,True,0.9359514946029648,1.0,668762.63,714527.0175391859,714527.017539186,-45764.38753918605,6.843143663572537
PROJ_3247,Construction,Low,1,108362.54303818617,True,True,0.9399813490958694,1.0000000000000002,1697118.61,1805481.1530381865,1805481.1530381863,-108362.54303818615,6.385089551176752
PROJ_3248,IT,Low,0,115191.7168845121,False,True,0.8296154828074941,1.0,560877.44,676069.156884512,676069.156884512,-115191.7168845121,20.537769692521795
PROJ_3249,Manufacturing,Medium,1,33274.35235548683,True,True,0.9655439174548884,1.0,932428.94,965703.2923554868,965703.2923554865,-33274.3523554866,3.5685670969721937
PROJ_3250,Manufacturing,High,3,-13485.62982993829,True,False,1.0119165637270735,1.0,1145156.65,1131671.0201700616,1131671.0201700612,13485.629829938756,-1.1776231513774782
PROJ_3251,IT,Low,4,118771.79715707993,True,True,0.9025228181673706,0.9999999999999998,1099685.64,1218457.4371570798,1218457.4371570803,-118771.79715708038,10.800522698203133
PROJ_3252,Construction,Medium,-1,8552.871647631982,False,True,0.9943019384138132,1.0,1492461.38,1501014.251647632,1501014.251647632,-8552.871647632215,0.5730715556359801
PROJ_3253,IT,Medium,2,-52779.6760394373,True,False,1.0568054667455071,1.0000000000000002,981909.9,929130.2239605628,929130.2239605627,52779.6760394373,-5.375205610966678
PROJ_3254,R&D,High,2,223921.7938078269,True,True,0.846024340198221,1.0000000000000009,1230345.68,1454267.4738078269,1454267.4738078264,-223921.79380782647,18.199908972560173
PROJ_3255,Construction,Low,1,109888.9411365944,True,True,0.9341245068519468,1.0,1558241.89,1668130.8311365943,1668130.831136595,-109888.9411365951,7.05211057678568
PROJ_3256,Construction,High,0,193106.1275917832,False,True,0.8406431968126112,1.0,1018678.52,1211784.6475917832,1211784.647591783,-193106.12759178295,18.956532782470266
PROJ_3257,IT,High,-1,107980.879831417,False,True,0.915286921677656,1.0,1166685.11,1274665.989831417,1274665.989831417,-107980.879831417,9.25535767156718
PROJ_3258,R&D,Critical,4,84054.57543847617,True,True,0.9478106993663368,1.0,1526516.45,1610571.025438476,1610571.025438476,-84054.57543847593,5.506300009965562
PROJ_3259,Construction,Medium,0,40355.6730950675,False,True,0.974323916008648,1.0,1531366.6,1571722.2730950676,1571722.2730950678,-40355.67309506773,2.6352718607724452
PROJ_3260,IT,High,-1,38924.071914952365,False,True,0.9481969013252578,0.9999999999999996,712460.94,751385.0119149523,751385.0119149525,-38924.0719149526,5.463327142531154
PROJ_3261,Construction,Medium,2,31433.77276321081,True,True,0.9836727161759152,1.0,1893795.99,1925229.7627632108,1925229.7627632103,-31433.77276321035,1.659828879625537
PROJ_3262,IT,Critical,2,152627.20994961588,True,True,0.887746951692436,0.9999999999999998,1207043.75,1359670.959949616,1359670.959949616,-152627.2099496161,12.64471233537443
PROJ_3263,Healthcare,Critical,1,41985.461335797445,True,True,0.95422719674128,0.9999999999999996,875272.35,917257.8113357974,917257.8113357975,-41985.46133579756,4.796845385987295
PROJ_3264,IT,High,2,24325.428994999034,True,True,0.9809615713656528,1.0000000000000002,1253376.08,1277701.508994999,1277701.508994999,-24325.428994999034,1.9407925029971078
PROJ_3265,IT,Medium,0,67320.14305769443,False,True,0.8792991514550603,0.9999999999999996,490423.6,557743.7430576944,557743.7430576945,-67320.14305769454,13.726937907901362
PROJ_3266,Construction,High,1,150565.57137879264,True,True,0.945985522781557,1.0,2636938.43,2787504.001378793,2787504.0013787937,-150565.57137879357,5.709862986023286
PROJ_3267,IT,High,0,31412.07628375606,False,True,0.9612799601740618,1.0000000000000002,779849.39,811261.4662837561,811261.4662837561,-31412.07628375606,4.027967026268503
PROJ_3268,IT,Medium,2,183983.7320885728,True,True,0.8115782926957045,1.0000000000000002,792462.85,976446.5820885728,976446.5820885728,-183983.7320885728,23.216701210482334
PROJ_3269,Manufacturing,Critical,0,126218.96984186326,False,True,0.886847705486578,0.9999999999999996,989259.69,1115478.6598418632,1115478.659841864,-126218.96984186396,12.75893186771453
PROJ_3270,Healthcare,Critical,0,-14862.063386820955,False,False,1.0321045558865056,1.0000000000000002,477788.99,462926.92661317904,462926.9266131789,14862.063386821072,-3.110591432176173
PROJ_3271,R&D,Critical,2,131898.3355878701,True,True,0.9158938779057552,1.0,1436338.7,1568237.03558787,1568237.0355878698,-131898.33558786986,9.182954938683325
PROJ_3272,R&D,Medium,4,105658.91019826778,True,True,0.9347258943717636,1.0,1513036.73,1618695.6401982678,1618695.6401982675,-105658.91019826755,6.983234980572319
PROJ_3273,Construction,Low,3,4623.542729618377,True,True,0.9955663248539288,0.9999999999999992,1038200.43,1042823.9727296184,1042823.9727296185,-4623.5427296184935,0.445342016436893
PROJ_3274,Healthcare,Medium,0,42135.57927782799,False,True,0.9358599258430864,1.0,614795.05,656930.629277828,656930.6292778278,-42135.579277827754,6.853597679068455
PROJ_3275,Manufacturing,Low,0,920.5259692074033,False,True,0.9976727247048855,0.9999999999999996,394617.54,395538.0659692074,395538.06596920744,-920.5259692074615,0.23327041398298248
PROJ_3276,R&D,Critical,3,362570.6962198161,True,True,0.8377163892573039,1.0000000000000002,1871608.68,2234179.376219816,2234179.3762198165,-362570.6962198166,19.372142269601817
PROJ_3277,Manufacturing,Critical,4,33425.01010251336,True,True,0.9588110803788236,1.0000000000000002,778079.89,811504.9001025134,811504.9001025133,-33425.010102513246,4.295832668611092
PROJ_3278,Construction,Critical,3,199415.5632130464,True,True,0.8798277532011802,1.0,1459998.89,1659414.4532130463,1659414.4532130468,-199415.56321304687,13.658610604357849
PROJ_3279,IT,Medium,1,28740.53000084008,True,True,0.9694291175936935,1.0000000000000004,911387.06,940127.59000084,940127.59000084,-28740.530000839964,3.1534933138989225
PROJ_3280,IT,Medium,5,81435.82159707649,True,True,0.9395676264049349,1.0000000000000002,1266117.1,1347552.9215970766,1347552.921597076,-81435.82159707602,6.4319344235281255
PROJ_3281,IT,Critical,1,79227.0327753229,True,True,0.94345603598635,1.0000000000000004,1321931.06,1401158.092775323,1401158.0927753225,-79227.03277532244,5.993280222595151
PROJ_3282,IT,Critical,1,48696.03904470149,True,True,0.9345469946821244,0.9999999999999996,695288.73,743984.7690447015,743984.7690447012,-48696.03904470126,7.003714707802219
PROJ_3283,Construction,Low,0,37531.1342960021,False,True,0.980996744255668,0.9999999999999998,1937453.3,1974984.434296002,1974984.434296002,-37531.13429600187,1.9371374936367172
PROJ_3284,Healthcare,Medium,0,-19194.80841840274,False,False,1.0390738808592472,1.0,510438.78,491243.9715815973,491243.9715815973,19194.80841840274,-3.7604526087149446
PROJ_3285,Healthcare,Medium,2,75966.33254373609,True,True,0.9517239021803828,1.0,1497614.3,1573580.632543736,1573580.6325437366,-75966.33254373656,5.072489795519218
PROJ_3286,IT,Medium,3,-14173.981177103706,True,False,1.0124352121139,1.0000000000000002,1154000.23,1139826.2488228965,1139826.2488228963,14173.981177103706,-1.2282476908261712
PROJ_3287,IT,Critical,1,111384.86390202004,True,True,0.9083833220308752,1.0,1104385.74,1215770.60390202,1215770.6039020196,-111384.86390201957,10.085684726608255
PROJ_3288,Construction,Critical,2,3743.8683578106575,True,True,0.9967470251844772,0.9999999999999996,1147162.17,1150906.0383578106,1150906.038357811,-3743.868357811123,0.3263591195489931
PROJ_3289,R&D,High,0,102220.59897323558,False,True,0.9307790465594056,1.0,1374508.54,1476729.1389732356,1476729.1389732354,-102220.59897323535,7.436883511341104
PROJ_3290,IT,Low,1,25332.534298811806,True,True,0.9658049293454952,1.0000000000000002,715491.62,740824.1542988118,740824.1542988116,-25332.534298811574,3.5405773583779463
PROJ_3291,Manufacturing,Critical,1,-17018.990095657413,True,False,1.026281524409868,1.0,664583.79,647564.7999043426,647564.7999043427,17018.990095657296,-2.560849414587331
PROJ_3292,R&D,High,1,334347.0664190822,True,True,0.8444520300153098,1.0000000000000002,1815131.75,2149478.816419082,2149478.816419083,-334347.06641908316,18.4199888751372
PROJ_3293,R&D,Critical,3,173854.28681172058,True,True,0.9215190461752896,1.0000000000000002,2041387.48,2215241.766811721,2215241.7668117206,-173854.28681172058,8.516476588350615
PROJ_3294,IT,High,2,35098.72110522422,True,True,0.9679563660911982,1.0,1060242.75,1095341.4711052242,1095341.4711052242,-35098.72110522422,3.310441981822014
PROJ_3295,IT,Medium,-1,42524.21106966946,False,True,0.9381557425330688,1.0000000000000002,645077.4,687601.6110696695,687601.6110696694,-42524.21106966934,6.5921098878474655
PROJ_3296,IT,Low,1,161126.49828662304,True,True,0.861616730869271,1.0,1003223.06,1164349.558286623,1164349.5582866233,-161126.49828662327,16.060884633834398
PROJ_3297,IT,Critical,2,150509.65329389554,True,True,0.8789066305574972,1.0000000000000004,1092412.68,1242922.3332938957,1242922.3332938952,-150509.6532938953,13.777728513174647
PROJ_3298,IT,High,-1,93006.9596799399,False,True,0.9139941392525004,1.0000000000000002,988395.62,1081402.57967994,1081402.5796799397,-93006.95967993967,9.4098919297052
PROJ_3299,IT,Low,1,13791.015831111232,True,True,0.981825647624294,1.0,745026.44,758817.4558311112,758817.4558311113,-13791.015831111348,1.8510773699670777
PROJ_3300,Manufacturing,High,1,39023.23716281599,True,True,0.9527619420852084,1.0,787074.17,826097.407162816,826097.4071628164,-39023.23716281634,4.958012681678568
PROJ_3301,Manufacturing,Critical,0,70126.50805018959,False,True,0.8954207966300299,1.0000000000000002,600432.32,670558.8280501895,670558.8280501895,-70126.50805018959,11.67933599080569
PROJ_3302,Marketing,Medium,1,7914.4667115124175,True,True,0.9845316123176376,1.0000000000000002,503739.81,511654.2767115124,511654.27671151236,-7914.466711512359,1.5711417986822125
PROJ_3303,Manufacturing,Medium,-1,28330.722923578287,False,True,0.9479778903567762,0.9999999999999998,516259.32,544590.0429235783,544590.0429235784,-28330.722923578403,5.48769229455817
PROJ_3304,IT,Medium,3,193028.1805709361,True,True,0.7989277387459134,1.0000000000000004,766965.9,959994.080570936,959994.080570936,-193028.18057093595,25.167765681751426
PROJ_3305,Construction,Low,2,83737.74893515348,True,True,0.9553696840687342,1.0000000000000002,1792514.91,1876252.6589351532,1876252.6589351532,-83737.74893515324,4.671523147060085
PROJ_3306,Construction,Critical,0,122153.685793377,False,True,0.9545772886690768,1.0,2567110.83,2689264.515793377,2689264.5157933775,-122153.68579337746,4.7584110653055625
PROJ_3307,Manufacturing,Critical,-3,198907.54368739715,False,True,0.8738041704813571,0.9999999999999996,1377274.05,1576181.5936873972,1576181.593687398,-198907.54368739785,14.442118014740627
PROJ_3308,Construction,Medium,0,124160.76244988151,False,True,0.9024975609925512,1.0000000000000002,1149251.1,1273411.8624498816,1273411.8624498814,-124160.7624498813,10.803623546662804
PROJ_3309,Manufacturing,Critical,1,74580.15247072291,True,True,0.90470571223272,1.0000000000000002,708049.68,782629.832470723,782629.8324707233,-74580.15247072326,10.533180732561485
PROJ_3310,R&D,High,2,15351.283348695608,True,True,0.9917715742176288,1.0000000000000002,1850289.09,1865640.373348696,1865640.373348695,-15351.28334869491,0.8296694517446952
PROJ_3311,R&D,Critical,-1,177241.9250404609,False,True,0.9069203576283864,1.0000000000000002,1726954.53,1904196.455040461,1904196.4550404605,-177241.92504046042,10.263265300937624
PROJ_3312,IT,Medium,1,-17070.88505130913,True,False,1.0330072377387831,0.9999999999999998,534257.0,517186.11494869087,517186.1149486909,17070.885051309073,-3.195257161124529
PROJ_3313,R&D,Medium,3,88921.89652598696,True,True,0.9620740439543658,1.0000000000000002,2255696.56,2344618.456525987,2344618.4565259875,-88921.89652598742,3.9421036544909844
PROJ_3314,IT,Low,1,28725.21394767845,True,True,0.9730899293565116,1.0,1038726.98,1067452.1939476784,1067452.1939476787,-28725.213947678683,2.7654248422120205
PROJ_3315,R&D,Medium,3,240880.12094897215,True,True,0.827348842252554,1.0000000000000004,1154303.81,1395183.9309489722,1395183.930948973,-240880.12094897288,20.868000162710445
PROJ_3316,Construction,Medium,0,234834.1351334136,False,True,0.9127537495831632,1.0000000000000002,2456790.25,2691624.3851334136,2691624.385133414,-234834.13513341406,9.558574857312871
PROJ_3317,IT,Low,0,93688.10733993724,False,True,0.919041520419299,1.0000000000000004,1063548.39,1157236.4973399371,1157236.4973399371,-93688.10733993724,8.809012191719575
PROJ_3318,IT,Medium,3,3275.366046749172,True,True,0.9951392873125228,0.9999999999999996,670569.45,673844.8160467491,673844.8160467491,-3275.366046749172,0.48844546180103676
PROJ_3319,Manufacturing,Medium,0,31910.811947254115,False,True,0.9092267979158152,1.0000000000000004,319633.6,351544.4119472541,351544.411947254,-31910.811947254,9.983559909613382
PROJ_3320,IT,Medium,0,2565.4989815723966,False,True,0.9951296709966028,1.0000000000000004,524195.42,526760.9189815724,526760.9189815721,-2565.4989815721638,0.4894165198109064
PROJ_3321,Construction,High,2,42990.97897852352,True,True,0.97912018301481,1.0,2015982.0,2058972.9789785235,2058972.978978523,-42990.97897852305,2.1325080768837745
PROJ_3322,Healthcare,Medium,0,-8955.62917643704,False,False,1.0126747797853328,1.0000000000000002,715526.42,706570.790823563,706570.7908235629,8955.629176437156,-1.2516140461224556
PROJ_3323,Healthcare,High,1,18180.804422962945,True,True,0.986270089923356,1.0,1305994.25,1324175.054422963,1324175.0544229625,-18180.80442296248,1.3921044769502222
PROJ_3324,IT,Medium,1,-16547.389850884618,True,False,1.0427985861578266,1.0000000000000002,403181.42,386634.03014911537,386634.03014911537,16547.389850884618,-4.104204467280416
PROJ_3325,IT,High,2,25045.56814334728,True,True,0.9538299424767333,0.9999999999999996,517417.87,542463.4381433473,542463.4381433474,-25045.568143347395,4.840491524451483
PROJ_3326,Marketing,Medium,3,22345.2873486788,True,True,0.9768821553723352,1.0,944236.49,966581.7773486788,966581.7773486788,-22345.2873486788,2.36649267268614
PROJ_3327,IT,Low,1,108334.10189707715,True,True,0.847728077172186,1.0,603117.49,711451.5918970772,711451.5918970772,-108334.10189707717,17.962354548377824
PROJ_3328,R&D,High,5,307955.3417229727,True,True,0.8879231749236616,0.999999999999999,2439761.16,2747716.501722973,2747716.5017229747,-307955.34172297455,12.622356104848171
PROJ_3329,R&D,High,-1,54549.357760468265,False,True,0.9566013857442802,1.0000000000000002,1202388.42,1256937.7777604682,1256937.7777604682,-54549.357760468265,4.536750092825102
PROJ_3330,IT,Medium,2,82025.35138075217,True,True,0.9369371307104908,1.0,1218666.36,1300691.7113807525,1300691.7113807525,-82025.3513807524,6.730747157142533
PROJ_3331,Manufacturing,Medium,2,25281.054800529382,True,True,0.962650778454674,0.9999999999999998,651601.99,676883.0448005294,676883.0448005298,-25281.054800529848,3.879830815208199
PROJ_3332,Manufacturing,Medium,8,97167.43402819744,True,True,0.87933670122994,1.0,708110.02,805277.4540281974,805277.4540281977,-97167.43402819766,13.722081496346805
PROJ_3333,Construction,Critical,1,63522.89196399902,True,True,0.9478214154395854,1.0,1153890.2,1217413.091963999,1217413.0919639992,-63522.89196399925,5.505107155256129
PROJ_3334,IT,Medium,1,3184.74366890057,True,True,0.989885702953094,0.9999999999999998,311690.69,314875.4336689006,314875.43366890063,-3184.743668900628,1.0217641306195666
PROJ_3335,IT,Low,0,178688.34538904834,False,True,0.796113691397367,1.0000000000000002,697723.35,876411.6953890483,876411.6953890483,-178688.34538904834,25.61020000105319
PROJ_3336,Manufacturing,Critical,0,-10711.17823030753,False,False,1.0195683181277997,1.0,558084.65,547373.4717696925,547373.4717696925,10711.17823030753,-1.9192748322870965
PROJ_3337,Marketing,Medium,3,77840.3053362295,True,True,0.9524622375318096,1.0000000000000002,1559601.2,1637441.5053362297,1637441.5053362297,-77840.30533622974,4.9910390769274695
PROJ_3338,IT,Critical,1,74115.57952616585,True,True,0.8930431787049633,0.9999999999999998,618833.02,692948.5995261659,692948.5995261661,-74115.57952616608,11.976668524599104
PROJ_3339,R&D,Critical,-1,182133.84290586505,False,True,0.907929487072299,1.0,1796065.66,1978199.502905865,1978199.5029058661,-182133.84290586622,10.140711832654615
PROJ_3340,R&D,High,2,302566.5643719351,True,True,0.851258731700431,1.0,1731613.78,2034180.3443719351,2034180.3443719358,-302566.5643719358,17.473097515540434
PROJ_3341,IT,Medium,1,-24544.66851168917,True,False,1.0283907145660962,1.0,889076.22,864531.5514883108,864531.551488311,24544.668511688942,-2.760693398333041
PROJ_3342,Healthcare,Medium,0,-10774.26637455885,False,False,1.0213808608896706,1.0000000000000002,514695.34,503921.0736254412,503921.073625441,10774.266374559025,-2.093328914646677
PROJ_3343,Marketing,Medium,3,126334.16123855927,True,True,0.8948200150591599,1.0,1074789.43,1201123.5912385592,1201123.5912385595,-126334.16123855952,11.754317423698476
PROJ_3344,R&D,Medium,3,141743.21172093926,True,True,0.9069765742073976,1.0000000000000002,1381993.53,1523736.7417209393,1523736.7417209395,-141743.2117209395,10.256430919827785
PROJ_3345,IT,Critical,-1,20713.75233513047,False,True,0.97422567820731,1.0000000000000004,782944.73,803658.4823351305,803658.4823351306,-20713.752335130586,2.645621273308856
PROJ_3346,R&D,Medium,3,275506.16878700536,True,True,0.8889103316808963,1.0,2204527.96,2480034.1287870053,2480034.128787006,-275506.1687870058,12.497286212101653
PROJ_3347,Healthcare,Medium,0,56034.68835578952,False,True,0.9204719998691008,0.9999999999999998,648556.0,704590.6883557895,704590.6883557896,-56034.688355789636,8.639915189403789
PROJ_3348,R&D,Medium,5,65833.51527536428,True,True,0.9661210748800668,1.0,1877366.13,1943199.645275364,1943199.6452753646,-65833.51527536474,3.506695589280965
PROJ_3349,Manufacturing,Medium,3,1025.982995742408,True,True,0.9977433476668716,0.9999999999999998,453622.25,454648.2329957424,454648.2329957426,-1025.9829957425827,0.2261756330829413
PROJ_3350,Healthcare,Medium,1,159810.8849087928,True,True,0.887959092992052,1.0000000000000002,1266551.05,1426361.9349087928,1426361.9349087928,-159810.8849087928,12.617800514933275
PROJ_3351,Manufacturing,Medium,0,57370.20641292166,False,True,0.8979849408411565,1.0000000000000002,504999.77,562369.9764129217,562369.9764129216,-57370.20641292154,11.360442087512542
PROJ_3352,R&D,High,1,114721.91733101988,True,True,0.9342597652922144,1.0,1630357.3,1745079.21733102,1745079.21733102,-114721.91733101988,7.036611994868848
PROJ_3353,IT,Medium,1,21500.09576098266,True,True,0.9496026562830056,1.0,405111.59,426611.6857609827,426611.6857609827,-21500.09576098266,5.307203321678024
PROJ_3354,IT,Critical,1,-22434.351289562765,True,False,1.033642864634635,0.9999999999999996,689272.67,666838.3187104373,666838.3187104373,22434.351289562765,-3.254786134137998
PROJ_3355,R&D,High,1,125441.58265465988,True,True,0.922633739254,1.0,1495957.48,1621399.06265466,1621399.0626546603,-125441.58265466033,8.385370863258784
PROJ_3356,IT,High,2,83499.76122457138,True,True,0.9393006355145386,1.0,1292128.5,1375628.2612245714,1375628.2612245718,-83499.76122457185,6.462187098618431
PROJ_3357,IT,Low,0,52849.72471621621,False,True,0.9487570648842556,1.0,978506.59,1031356.3147162162,1031356.3147162163,-52849.724716216326,5.401059661357654
PROJ_3358,IT,High,0,21753.805890528834,False,True,0.9751043360752374,1.0,852045.18,873798.9858905289,873798.985890529,-21753.80589052895,2.5531282144602883
PROJ_3359,R&D,Critical,2,124547.04363342932,True,True,0.9210550999951448,1.0000000000000002,1453098.17,1577645.2136334293,1577645.2136334295,-124547.04363342957,8.571137601352122
PROJ_3360,IT,Low,0,-49572.69624216645,False,False,1.0849845956402009,1.0,632886.6,583313.9037578335,583313.9037578334,49572.69624216657,-7.8327928324231495
PROJ_3361,IT,Low,1,67125.36224306154,True,True,0.9344991231847304,1.0000000000000002,957675.61,1024800.9722430616,1024800.9722430613,-67125.3622430613,7.009196176883037
PROJ_3362,Marketing,High,0,5344.285839178774,False,True,0.9867061972932796,1.0000000000000009,396669.04,402013.3258391788,402013.3258391785,-5344.285839178541,1.3472908899516185
PROJ_3363,Healthcare,Medium,1,31952.514871724416,True,True,0.9652988679680122,1.0,888839.2,920791.7148717244,920791.7148717241,-31952.514871724183,3.5948588756801216
PROJ_3364,IT,Critical,0,54687.114158475306,False,True,0.9507364532635254,1.0,1055405.8,1110092.9141584754,1110092.9141584754,-54687.114158475306,5.181619634691727
PROJ_3365,IT,Low,2,38183.77570460015,True,True,0.955783419545948,0.9999999999999996,825378.61,863562.3857046001,863562.3857046005,-38183.7757046005,4.626213381589874
PROJ_3366,Construction,Critical,-1,85227.26693913457,False,True,0.92635210934775,0.9999999999999998,1071998.91,1157226.1769391345,1157226.1769391345,-85227.26693913457,7.950312835591836
PROJ_3367,Construction,Low,-1,107654.57473835628,False,True,0.9313072885549738,1.0,1459536.07,1567190.6447383563,1567190.6447383566,-107654.57473835652,7.375944791714295
PROJ_3368,R&D,Low,2,99900.5386605726,True,True,0.93882800718532,1.0,1533208.57,1633109.108660573,1633109.1086605731,-99900.53866057307,6.515782693581805
PROJ_3369,Marketing,Low,0,116048.09473159187,False,True,0.8926278791515483,0.9999999999999998,964754.76,1080802.854731592,1080802.8547315921,-116048.09473159211,12.028766225687459
PROJ_3370,Construction,High,2,85646.47476231842,True,True,0.9567307655201632,0.9999999999999996,1893738.55,1979385.0247623185,1979385.0247623182,-85646.47476231819,4.522613470709469
PROJ_3371,Healthcare,High,0,15295.975003379746,False,True,0.9372804275633052,1.0,228582.84,243878.8150033797,243878.81500337977,-15295.975003379775,6.6916549831036205
PROJ_3372,IT,Low,1,-19858.210671486333,True,False,1.0352740793264956,0.9999999999999998,582827.14,562968.9293285137,562968.9293285137,19858.210671486333,-3.407221336927847
PROJ_3373,IT,Medium,1,110666.44239393272,True,True,0.884636314303565,1.0,848616.73,959283.1723939328,959283.1723939327,-110666.44239393272,13.040803755298663
PROJ_3374,IT,High,1,606.4739572878461,True,True,0.9991298678397644,0.9999999999999998,696384.15,696990.6239572879,696990.6239572879,-606.4739572878461,0.08708899495886661
PROJ_3375,IT,High,1,57356.697093411465,True,True,0.947463830440967,1.0,1034399.66,1091756.3570934115,1091756.3570934117,-57356.6970934117,5.544926135553031
PROJ_3376,IT,High,1,130336.17733255029,True,True,0.8322697350340525,1.0000000000000004,646722.02,777058.1973325503,777058.1973325502,-130336.17733255017,20.153353883411942
PROJ_3377,IT,Low,1,38065.884554997785,True,True,0.9645015531962364,1.0000000000000002,1034259.47,1072325.3545549978,1072325.3545549975,-38065.88455499755,3.6804965928905204
PROJ_3378,IT,Critical,1,40881.759988787584,True,True,0.9636728394952048,1.0,1084495.49,1125377.2499887876,1125377.2499887878,-40881.75998878782,3.7696569848149224
PROJ_3379,R&D,Critical,2,254258.2912064814,True,True,0.9122394890538772,1.0000000000000002,2642925.06,2897183.351206481,2897183.351206481,-254258.29120648094,9.620336764542273
PROJ_3380,Marketing,Low,2,140949.03159710974,True,True,0.9052889618046362,0.9999999999999996,1347251.65,1488200.6815971097,1488200.6815971101,-140949.0315971102,10.461967635898626
PROJ_3381,Marketing,High,3,28025.24888145644,True,True,0.9679359502270124,1.0,846014.34,874039.5888814564,874039.5888814566,-28025.248881456675,3.312621022647994
PROJ_3382,Marketing,High,0,1001.7785907918004,False,True,0.997076612411509,1.0,341675.53,342677.3085907918,342677.3085907918,-1001.7785907918005,0.29319588405754443
PROJ_3383,Manufacturing,Medium,0,130542.92340232304,False,True,0.882100025365729,1.0000000000000002,976691.61,1107234.533402323,1107234.5334023228,-130542.9234023228,13.365828278418693
PROJ_3384,Construction,Medium,0,14530.0201701154,False,True,0.9825799930080866,1.0,819569.54,834099.5601701154,834099.5601701153,-14530.020170115284,1.772884357087659
PROJ_3385,R&D,High,6,141440.73386842897,True,True,0.9453439282493014,1.0,2446391.31,2587832.043868429,2587832.04386843,-141440.7338684299,5.781607107999002
PROJ_3386,Healthcare,Low,3,19112.39657414367,True,True,0.9705701048069232,0.9999999999999998,630308.76,649421.1565741437,649421.1565741438,-19112.396574143786,3.032227661589819
PROJ_3387,IT,Medium,1,-18951.52096090326,True,False,1.0161769321875325,0.9999999999999998,1190466.66,1171515.139039097,1171515.139039097,18951.520960903028,-1.5919405051547626
PROJ_3388,Manufacturing,Medium,0,103843.2089491036,False,True,0.9087420281849352,0.9999999999999996,1034065.15,1137908.3589491036,1137908.358949104,-103843.20894910407,10.042230796493245
PROJ_3389,Construction,High,0,419941.9177802247,False,True,0.847150145749202,0.9999999999999998,2327472.66,2747414.577780225,2747414.5777802253,-419941.91778022517,18.042829245531294
PROJ_3390,IT,Critical,1,31574.176825759467,True,True,0.9640372674286252,1.0000000000000002,846395.17,877969.3468257595,877969.3468257595,-31574.176825759467,3.7304297029199094
PROJ_3391,IT,High,1,17249.519695594674,True,True,0.9804063432038028,1.0,863112.93,880362.4496955947,880362.449695595,-17249.519695594907,1.9985240744330994
PROJ_3392,R&D,High,1,59045.0625023935,True,True,0.9604277200968456,1.0,1433036.33,1492081.3925023936,1492081.392502393,-59045.06250239303,4.120276734532824
PROJ_3393,Construction,Critical,-2,56057.270880266326,False,True,0.9509201215007088,1.0,1086106.74,1142164.0108802663,1142164.0108802665,-56057.27088026656,5.16130402434171
PROJ_3394,Healthcare,Low,0,-23398.352627204265,False,False,1.026086198698827,1.0,920361.26,896962.9073727957,896962.9073727957,23398.352627204265,-2.542300903365301
PROJ_3395,IT,High,0,89172.91052406072,False,True,0.8689011870570267,1.0000000000000002,591023.26,680196.1705240607,680196.1705240606,-89172.9105240606,15.087885123854615
PROJ_3396,Healthcare,High,1,166792.3254083309,True,True,0.876394181250789,0.9999999999999996,1182596.62,1349388.945408331,1349388.9454083312,-166792.32540833112,14.103906825670709
PROJ_3397,Marketing,Medium,1,2681.3993264672463,True,True,0.9943465249815704,1.0000000000000002,471610.84,474292.2393264673,474292.2393264673,-2681.3993264672463,0.5685618520700767
PROJ_3398,Manufacturing,Medium,0,22682.41822222189,False,True,0.9607763777160796,1.0,555602.22,578284.6382222219,578284.638222222,-22682.41822222201,4.082492366971106
PROJ_3399,Manufacturing,Critical,0,7606.029006838449,False,True,0.987850292891477,0.9999999999999998,618419.68,626025.7090068385,626025.7090068386,-7606.029006838566,1.229913803331512
PROJ_3400,R&D,High,3,221636.3097930704,True,True,0.901582978354415,0.9999999999999998,2030375.65,2252011.9597930703,2252011.959793071,-221636.3097930709,10.916024815066654
PROJ_3401,Marketing,Critical,0,172867.2417805742,False,True,0.8137010414416397,1.0000000000000002,755035.11,927902.3517805742,927902.3517805743,-172867.24178057432,22.895258709303505
PROJ_3402,Construction,Medium,1,23956.51992336032,True,True,0.9858480937815268,1.0000000000000002,1668855.71,1692812.2299233605,1692812.2299233598,-23956.519923359854,1.435505764806944
PROJ_3403,Construction,High,1,76528.43746562139,True,True,0.9579675142216676,1.0000000000000002,1744168.96,1820697.3974656211,1820697.3974656204,-76528.43746562046,4.387673397514221
PROJ_3404,Construction,Medium,3,83573.36555690505,True,True,0.9665257614163816,0.9999999999999994,2413073.88,2496647.245556905,2496647.2455569054,-83573.36555690551,3.463357100235386
PROJ_3405,Construction,Critical,-1,183557.19131675432,False,True,0.8943587782279989,0.9999999999999996,1553995.52,1737552.7113167543,1737552.711316755,-183557.19131675502,11.811951125621972
PROJ_3406,IT,Critical,0,74599.63532050815,False,True,0.8912060568514583,0.9999999999999996,611096.95,685696.5853205081,685696.5853205086,-74599.63532050862,12.207495933420814
PROJ_3407,Healthcare,Low,1,18811.225142818526,True,True,0.9610545086832152,1.0000000000000002,464202.97,483014.1951428185,483014.19514281844,-18811.225142818468,4.052370699571024
PROJ_3408,Manufacturing,Low,2,11290.666614777292,True,True,0.9849708612113776,1.0000000000000002,739961.07,751251.7366147772,751251.736614777,-11290.66661477706,1.5258460306265924
PROJ_3409,IT,Medium,1,79288.7842343424,True,True,0.9209812957100166,1.0,924129.14,1003417.9242343424,1003417.9242343424,-79288.7842343424,8.579838120280721
PROJ_3410,Marketing,Medium,0,88205.57375059719,False,True,0.8916430933492596,1.0000000000000002,725822.59,814028.1637505972,814028.163750597,-88205.57375059708,12.15249772683392
PROJ_3411,R&D,Critical,1,-20112.495736717246,True,False,1.008591553678868,1.0,2361073.92,2340961.4242632827,2340961.424263282,20112.495736717712,-0.8518367665811035
PROJ_3412,Construction,High,-3,290853.8045905456,False,True,0.8568936286646066,1.0,1741577.05,2032430.8545905456,2032430.8545905456,-290853.8045905456,16.700599298236366
PROJ_3413,IT,Low,0,33074.75917595497,False,True,0.912183864594102,0.9999999999999998,343561.71,376636.469175955,376636.46917595505,-33074.75917595503,9.627021351114774
PROJ_3414,R&D,Medium,2,70942.95209357888,True,True,0.9126613298598164,1.0000000000000002,741331.29,812274.2420935789,812274.2420935788,-70942.95209357876,9.569669195209439
PROJ_3415,Construction,Critical,0,2963.257621241035,False,True,0.9980235043754913,1.0,1496285.0,1499248.257621241,1499248.2576212408,-2963.257621240802,0.19804098960029687
PROJ_3416,IT,Low,1,55425.32282250421,True,True,0.9294770322969736,1.0,730493.43,785918.7528225043,785918.7528225043,-55425.32282250421,7.587381425525512
PROJ_3417,R&D,Medium,7,247713.60405255784,True,True,0.8724489827627895,1.0,1694361.1,1942074.704052558,1942074.7040525584,-247713.6040525583,14.619882624344852
PROJ_3418,Marketing,Medium,0,64708.01104977436,False,True,0.9238438491645382,1.0000000000000004,784967.43,849675.4410497744,849675.4410497742,-64708.011049774126,8.243400754828022
PROJ_3419,Manufacturing,Critical,0,47215.37719117501,False,True,0.9649515896803634,1.0,1299932.09,1347147.467191175,1347147.4671911756,-47215.377191175474,3.6321418291301253
PROJ_3420,R&D,High,1,150826.33479163703,True,True,0.9044307082009952,0.9999999999999996,1427361.93,1578188.264791637,1578188.264791637,-150826.33479163703,10.566789797429795
PROJ_3421,IT,High,1,30915.621941143298,True,True,0.9547350757917432,1.0,652077.28,682992.9019411433,682992.9019411432,-30915.62194114318,4.741097855938667
PROJ_3422,Construction,Low,0,34614.771681026905,False,True,0.9645934971961242,0.9999999999999998,943024.05,977638.821681027,977638.8216810272,-34614.77168102714,3.6706138810592517
PROJ_3423,Marketing,High,1,-17922.103184708045,True,False,1.018363915921735,1.0000000000000004,993863.36,975941.256815292,975941.2568152916,17922.103184708394,-1.803276376413393
PROJ_3424,Construction,Medium,-1,126333.85746517776,False,True,0.9113621624225416,1.0,1298947.5,1425281.3574651778,1425281.3574651778,-126333.85746517777,9.725863244294151
PROJ_3425,R&D,High,-1,15423.364042615984,False,True,0.9872987959173184,1.0,1198899.62,1214322.984042616,1214322.9840426163,-15423.364042616216,1.2864599992630088
PROJ_3426,Marketing,Critical,1,47255.27097531397,True,True,0.9528694351313785,1.0000000000000002,955390.7,1002645.970975314,1002645.970975314,-47255.27097531408,4.946172385319858
PROJ_3427,Healthcare,Medium,2,83576.39959850535,True,True,0.9285473764363792,0.9999999999999998,1086099.33,1169675.7295985054,1169675.7295985057,-83576.39959850558,7.695097242947896
PROJ_3428,IT,Critical,1,-3093.814254479599,True,False,1.0041721750895276,1.0000000000000002,744628.91,741535.0957455204,741535.0957455201,3093.8142544799484,-0.4154840368043121
PROJ_3429,Construction,Low,2,10264.564008678426,True,True,0.9886978319050213,1.0000000000000002,897929.68,908194.2440086784,908194.2440086782,-10264.564008678193,1.1431367330098938
PROJ_3430,Construction,Critical,0,82046.67039380665,False,True,0.9558840438637006,1.0000000000000004,1777749.14,1859795.8103938063,1859795.8103938063,-82046.67039380642,4.615199554747439
PROJ_3431,IT,High,0,216767.5032376356,False,True,0.8377157697183091,1.0000000000000002,1118959.96,1335727.4632376356,1335727.463237635,-216767.50323763513,19.372230552166954
PROJ_3432,Healthcare,High,0,182235.62736931443,False,True,0.7550231467763253,1.0000000000000004,561653.54,743889.1673693145,743889.167369314,-182235.62736931397,32.44627059046293
PROJ_3433,R&D,High,1,256446.3191519713,True,True,0.8726979496317225,1.0000000000000004,1758024.92,2014471.2391519712,2014471.2391519705,-256446.31915197056,14.587183391687677
PROJ_3434,IT,Medium,-1,126985.54433640104,False,True,0.8718330892546083,1.0000000000000002,863797.05,990782.5943364012,990782.5943364012,-126985.54433640116,14.700854134243817
PROJ_3435,IT,High,0,59964.58531901927,False,True,0.8598107112995228,1.0000000000000002,367775.55,427740.13531901926,427740.13531901914,-59964.585319019156,16.304668790249693
PROJ_3436,Manufacturing,Critical,0,23917.205587670265,False,True,0.9105632671379522,1.0,243503.18,267420.38558767026,267420.38558767026,-23917.205587670265,9.822132749013901
PROJ_3437,IT,Critical,1,160353.5700105913,True,True,0.8877866520037472,1.0000000000000004,1268652.63,1429006.2000105912,1429006.2000105912,-160353.5700105913,12.639675055148178
PROJ_3438,IT,Low,2,62609.81887125806,True,True,0.9365173202382612,1.0,923640.59,986250.408871258,986250.408871258,-62609.81887125806,6.7785911044964
PROJ_3439,Marketing,Critical,0,16240.700977901812,False,True,0.971788401523712,1.0,559433.91,575674.6109779018,575674.6109779018,-16240.700977901812,2.9030598052059107
PROJ_3440,Manufacturing,High,-2,36883.07780176785,False,True,0.9628795677624324,1.0,956722.75,993605.827801768,993605.8278017677,-36883.07780176774,3.855147983234196
PROJ_3441,Healthcare,Medium,-1,37720.490702285664,False,True,0.96011610558771,1.0000000000000002,908036.97,945757.4607022856,945757.4607022854,-37720.49070228543,4.154069927602775
PROJ_3442,IT,Low,0,353334.5037181601,False,True,0.7646841136813736,1.0,1148198.22,1501532.72371816,1501532.72371816,-353334.5037181601,30.772953446849975
PROJ_3443,IT,Medium,0,11975.040830879589,False,True,0.974749202320216,1.0,462269.02,474244.0608308796,474244.0608308797,-11975.040830879705,2.590491751075965
PROJ_3444,R&D,Medium,0,51606.791139921406,False,True,0.956261467011724,0.9999999999999998,1128286.26,1179893.0511399214,1179893.0511399212,-51606.79113992117,4.573909385364772
PROJ_3445,Marketing,Medium,0,3770.20754178334,False,True,0.9904135704703656,1.0000000000000002,389515.69,393285.89754178334,393285.89754178334,-3770.2075417833403,0.9679218677387142
PROJ_3446,Healthcare,Low,1,71088.69104935718,True,True,0.895370668133707,1.0000000000000002,608344.98,679433.6710493572,679433.6710493569,-71088.69104935694,11.68558850429849
PROJ_3447,IT,High,2,-11184.9010777527,True,False,1.010210226906345,1.0,1106645.48,1095460.5789222473,1095460.5789222477,11184.901077752234,-1.0107031818132248
PROJ_3448,Manufacturing,Low,0,128057.31334282446,False,True,0.8891653315935663,0.9999999999999998,1027333.1,1155390.4133428244,1155390.4133428244,-128057.31334282446,12.465023597781915
PROJ_3449,IT,Medium,3,367870.40528461454,True,True,0.8040873143811407,1.0000000000000002,1509855.91,1877726.3152846145,1877726.3152846135,-367870.4052846136,24.364603459717795
PROJ_3450,IT,Medium,1,65413.21786916559,True,True,0.9195750955460888,1.0,747932.08,813345.2978691655,813345.2978691655,-65413.217869165586,8.745876747146022
PROJ_3451,IT,Medium,2,117139.31405993016,True,True,0.9065579760497277,1.0000000000000002,1136464.89,1253604.20405993,1253604.20405993,-117139.31405993016,10.307341220187643
PROJ_3452,IT,Medium,1,61173.731881089625,True,True,0.9042568727641628,1.0,577762.28,638936.0118810897,638936.0118810895,-61173.73188108951,10.588045291064953
PROJ_3453,R&D,High,4,86813.62065983866,True,True,0.958033752472914,0.9999999999999996,1981839.78,2068653.4006598387,2068653.400659839,-86813.6206598389,4.380456055829039
PROJ_3454,Construction,Medium,0,125946.4455171544,False,True,0.9196496032585753,1.0,1441518.69,1567465.1355171544,1567465.1355171544,-125946.44551715441,8.737066427987445
PROJ_3455,Construction,High,2,118216.9645260144,True,True,0.9388327034380988,1.0000000000000002,1814465.55,1932682.5145260144,1932682.5145260138,-118216.9645260137,6.515249877630011
PROJ_3456,Healthcare,Low,1,39733.40272172994,True,True,0.9543265086480586,1.0,830211.1,869944.5027217299,869944.5027217299,-39733.402721729944,4.785939711204771
PROJ_3457,IT,Medium,2,93971.3236373542,True,True,0.9145291454679662,1.0000000000000002,1005483.27,1099454.5936373542,1099454.5936373547,-93971.32363735465,9.3458863455137
PROJ_3458,R&D,Medium,1,30467.58158730925,True,True,0.981558747090294,1.0000000000000002,1621675.13,1652142.7115873091,1652142.711587309,-30467.581587309018,1.878772204350758
PROJ_3459,IT,Medium,2,-8524.338782962644,True,False,1.0161980529726902,1.0,534781.34,526257.0012170373,526257.0012170373,8524.338782962644,-1.5939858303512695
PROJ_3460,Manufacturing,Critical,0,-8711.906120654894,False,False,1.0280486213926316,1.0,319312.06,310600.1538793451,310600.1538793451,8711.906120654894,-2.7283360737000955
PROJ_3461,IT,Critical,1,-259.06126169126946,True,False,1.0004845593560578,1.0000000000000002,534891.73,534632.6687383087,534632.6687383087,259.06126169126946,-0.04843246720065563
PROJ_3462,Construction,Medium,-1,85684.25362021057,False,True,0.9472310508681976,1.0,1538078.49,1623762.7436202106,1623762.7436202108,-85684.2536202108,5.570863527271017
PROJ_3463,Construction,High,0,-24834.69525111548,False,False,1.025281679265539,1.0,1007154.54,982319.8447488846,982319.8447488847,24834.695251115365,-2.4658276624673077
PROJ_3464,Construction,Medium,-1,30080.41804360424,False,True,0.9546416280287572,0.9999999999999998,633091.93,663172.3480436043,663172.3480436044,-30080.418043604353,4.751350730944296
PROJ_3465,Construction,High,2,115365.29126753542,True,True,0.9454006343589604,0.9999999999999998,1997576.68,2112941.971267536,2112941.971267535,-115365.29126753495,5.775262217595319
PROJ_3466,IT,Critical,2,101358.5633977356,True,True,0.9159090445261064,1.0000000000000004,1103985.85,1205344.4133977357,1205344.4133977355,-101358.56339773536,9.181146968299943
PROJ_3467,IT,Medium,0,63180.09152927779,False,True,0.8854373630792975,1.0,488309.41,551489.5015292778,551489.5015292778,-63180.09152927779,12.938536558056049
PROJ_3468,R&D,Medium,3,133897.17925503524,True,True,0.947174865804116,0.9999999999999994,2400827.65,2534724.829255035,2534724.829255036,-133897.17925503617,5.577125840542372
PROJ_3469,Manufacturing,Medium,3,131158.1093931913,True,True,0.925838375472083,1.0000000000000002,1637386.07,1768544.1793931914,1768544.179393191,-131158.10939319083,8.010212850607115
PROJ_3470,Healthcare,Medium,1,27417.614786513263,True,True,0.9597308319836564,0.9999999999999998,653441.12,680858.7347865133,680858.7347865133,-27417.614786513266,4.195881457003083
PROJ_3471,Marketing,Medium,1,4552.328089462477,True,True,0.9929837073716692,0.9999999999999998,644270.11,648822.4380894625,648822.4380894627,-4552.32808946271,0.7065868831727596
PROJ_3472,Manufacturing,Low,-1,-86118.4162065083,False,False,1.1072176160735197,1.0,889329.86,803211.4437934917,803211.4437934919,86118.41620650806,-9.683517902627049
PROJ_3473,Healthcare,Low,1,36003.38670601649,True,True,0.9566917723916448,1.0,795325.64,831329.0267060165,831329.0267060165,-36003.38670601649,4.526873634555085
PROJ_3474,IT,High,2,25194.40887524048,True,True,0.9833826050199604,1.0,1490952.31,1516146.7188752403,1516146.718875241,-25194.408875240944,1.6898199027734793
PROJ_3475,R&D,High,2,173158.35895817494,True,True,0.9350857552531848,1.0000000000000009,2494335.65,2667494.008958175,2667494.008958174,-173158.358958174,6.942063268757516
PROJ_3476,IT,Low,2,48839.143260436016,True,True,0.9301968635447688,0.9999999999999998,650830.61,699669.753260436,699669.7532604361,-48839.14326043613,7.5041251148952774
PROJ_3477,IT,Low,1,40560.86577992752,True,True,0.9263798036186708,1.0,510386.67,550947.5357799275,550947.5357799276,-40560.86577992764,7.947085643895763
PROJ_3478,IT,High,1,40175.798751164926,True,True,0.9533644738201024,1.0,821309.04,861484.838751165,861484.8387511648,-40175.79875116481,4.891678624548539
PROJ_3479,R&D,High,6,42893.73653123039,True,True,0.9664177030573756,0.9999999999999998,1234378.53,1277272.2665312304,1277272.2665312306,-42893.73653123062,3.4749256803122313
PROJ_3480,IT,Medium,2,198998.23187608423,True,True,0.7996981761880753,1.0,794493.63,993491.8618760842,993491.8618760846,-198998.23187608458,25.04717776983115
PROJ_3481,Manufacturing,Low,1,-44696.63708976674,True,False,1.0947741097215042,1.0000000000000004,516308.95,471612.3129102333,471612.31291023316,44696.63708976685,-8.656955702543382
PROJ_3482,Construction,High,1,30275.46637630323,True,True,0.981403930315246,1.0,1597781.8,1628057.2663763033,1628057.266376304,-30275.466376303928,1.8948436123320422
PROJ_3483,IT,Medium,2,42797.91115106898,True,True,0.9697523504657416,0.9999999999999994,1372119.01,1414916.921151069,1414916.9211510695,-42797.91115106945,3.1191107213848346
PROJ_3484,Construction,Medium,0,37580.94933269755,False,True,0.980963945085236,1.0000000000000002,1936617.46,1974198.4093326973,1974198.409332697,-37580.949332697084,1.940545828431036
PROJ_3485,IT,Low,1,145005.13782785065,True,True,0.8580855152488559,0.9999999999999998,876773.14,1021778.2778278508,1021778.2778278508,-145005.13782785076,16.538501376519214
PROJ_3486,IT,Low,1,9925.522004479892,True,True,0.9611009718386334,1.0000000000000002,245235.66,255161.1820044799,255161.18200447984,-9925.522004479833,4.047340425319805
PROJ_3487,Construction,Low,2,177603.4884805358,True,True,0.9371525251092028,0.9999999999999996,2648341.21,2825944.698480536,2825944.698480537,-177603.4884805372,6.706216246226717
PROJ_3488,IT,High,1,3191.142023927416,True,True,0.9952762204992236,0.9999999999999998,672357.33,675548.4720239274,675548.4720239274,-3191.1420239274157,0.474619950068428
PROJ_3489,R&D,Critical,2,268681.75495311106,True,True,0.8733104943564511,1.0000000000000002,1852107.6,2120789.354953111,2120789.3549531107,-268681.7549531106,14.506811318797599
PROJ_3490,R&D,Critical,0,288712.9370948728,False,True,0.8943475665405375,1.0,2443954.24,2732667.177094873,2732667.1770948735,-288712.9370948733,11.813352818540222
PROJ_3491,Healthcare,Low,1,29394.16657970287,True,True,0.9685117868426936,0.9999999999999998,904103.28,933497.4465797028,933497.446579703,-29394.166579702985,3.2511956576136947
PROJ_3492,IT,Medium,1,17531.408169369563,True,True,0.9615347211218452,1.0,438240.88,455772.2881693696,455772.2881693695,-17531.408169369504,4.000404565034988
PROJ_3493,Construction,Medium,5,217015.0312705217,True,True,0.913735471362124,1.0,2298677.51,2515692.541270521,2515692.541270522,-217015.03127052216,9.440864598293398
PROJ_3494,R&D,Critical,-2,38595.26437043666,False,True,0.9626010145235206,1.0000000000000002,993391.67,1031986.9343704368,1031986.9343704365,-38595.26437043643,3.885201128215262
PROJ_3495,Manufacturing,Low,0,36457.96640738787,False,True,0.9414587867462882,0.9999999999999996,586316.39,622774.3564073879,622774.356407388,-36457.96640738798,6.218138709611713
PROJ_3496,IT,High,0,-24971.250272179605,False,False,1.0394785005474385,1.0000000000000002,657499.08,632527.8297278204,632527.8297278201,24971.250272179837,-3.797914100834915
PROJ_3497,Manufacturing,Medium,0,3825.859067156213,False,True,0.9902554553471852,1.0,388789.62,392615.4790671562,392615.4790671562,-3825.8590671562124,0.9840435213152585
PROJ_3498,Construction,High,-2,13826.001411581412,False,True,0.9935736421250302,0.9999999999999998,2137626.14,2151452.141411581,2151452.141411581,-13826.001411580946,0.6467923063282219
PROJ_3499,Manufacturing,Low,1,-11637.03034142725,True,False,1.046495897237432,1.0000000000000002,261917.83,250280.79965857277,250280.79965857268,11637.030341427308,-4.443008076780152
PROJ_3500,Marketing,High,0,137643.73555884848,False,True,0.8501293647418772,0.9999999999999996,780773.24,918416.9755588484,918416.9755588485,-137643.73555884848,17.62915639358343
PROJ_3501,Manufacturing,Medium,-1,20914.376935305423,False,True,0.965659457410903,1.0,588114.35,609028.7269353054,609028.7269353054,-20914.376935305423,3.556175246413461
PROJ_3502,Healthcare,Medium,0,88484.82439728337,False,True,0.8908386913683091,1.0,722102.97,810587.7943972833,810587.7943972835,-88484.82439728349,12.253768239906767
PROJ_3503,Manufacturing,Medium,0,71181.53957913187,False,True,0.894563186978253,0.9999999999999998,603929.34,675110.8795791318,675110.8795791321,-71181.5395791321,11.786401962046108
PROJ_3504,IT,High,3,73759.25886953692,True,True,0.9113584017123012,1.0,758347.34,832106.5988695369,832106.5988695368,-73759.2588695368,9.72631602684026
PROJ_3505,IT,Medium,1,95165.1195099242,True,True,0.9222220348862143,0.9999999999999998,1128383.47,1223548.5895099242,1223548.5895099244,-95165.11950992444,8.4337569664969
PROJ_3506,IT,Low,0,44857.77410143643,False,True,0.8977406382800267,1.0,393808.9,438666.67410143645,438666.67410143645,-44857.77410143643,11.390746654389078
PROJ_3507,IT,Medium,-1,168252.00917410036,False,True,0.8833608036304914,0.9999999999999996,1274247.72,1442499.7291741003,1442499.7291741008,-168252.00917410082,13.204026700091001
PROJ_3508,Construction,High,1,23419.034798378823,True,True,0.9869605943689516,1.0000000000000002,1772601.08,1796020.114798379,1796020.1147983782,-23419.034798378125,1.3211678060344023
PROJ_3509,Construction,Medium,0,-87444.542848879,False,False,1.0532104873057468,1.0000000000000002,1730815.0,1643370.457151121,1643370.457151121,87444.542848879,-5.052217761509983
PROJ_3510,Construction,Medium,2,324657.81212267,True,True,0.8866444278096428,1.0,2539407.94,2864065.75212267,2864065.752122671,-324657.81212267093,12.784783689487517
PROJ_3511,IT,High,1,75040.94060056529,True,True,0.8429290228169868,1.0000000000000002,402710.85,477751.79060056526,477751.79060056503,-75040.94060056505,18.633950538100738
PROJ_3512,R&D,Critical,3,203068.5619108188,True,True,0.915704434886908,1.0000000000000004,2205937.91,2409006.471910819,2409006.4719108185,-203068.56191081833,9.205542957046253
PROJ_3513,IT,Medium,0,75076.57313297573,False,True,0.9314320410522048,1.0,1019845.52,1094922.0931329755,1094922.093132976,-75076.57313297596,7.361563262343493
PROJ_3514,Construction,High,6,-1648.9188850456849,True,False,1.0006470731484227,0.9999999999999996,2549921.69,2548272.7711149543,2548272.7711149547,1648.9188850452192,-0.06466547155199967
PROJ_3515,R&D,Critical,2,189411.96907425064,True,True,0.9129104174468337,1.0,1985497.63,2174909.5990742506,2174909.5990742506,-189411.96907425066,9.53977311341594
PROJ_3516,IT,Critical,3,38407.93657545396,True,True,0.9789035126282308,1.0000000000000002,1782176.5,1820584.436575454,1820584.4365754535,-38407.936575453496,2.15511407402429
PROJ_3517,Marketing,Medium,1,57113.53602307796,True,True,0.9009349740261344,1.0,519412.19,576525.726023078,576525.726023078,-57113.53602307796,10.995802009012912
PROJ_3518,R&D,High,4,202694.41862296872,True,True,0.916141043503706,1.0000000000000004,2214392.88,2417087.2986229686,2417087.298622968,-202694.41862296825,9.153498480494042
PROJ_3519,R&D,Critical,1,139915.6156973082,True,True,0.8966851339590681,0.9999999999999998,1214348.5,1354264.1156973082,1354264.1156973084,-139915.61569730844,11.52186672090495
PROJ_3520,Construction,High,1,111325.81282891892,True,True,0.9408378648816028,1.0000000000000002,1770381.34,1881707.152828919,1881707.152828919,-111325.81282891892,6.288239167100514
PROJ_3521,IT,High,-2,111768.13024742783,False,True,0.9330648126224674,1.0,1558028.2,1669796.3302474278,1669796.3302474278,-111768.13024742785,7.173691095413283
PROJ_3522,IT,Medium,1,13502.458487843513,True,True,0.9830004136019956,1.0000000000000002,780779.13,794281.5884878435,794281.5884878433,-13502.45848784328,1.7293569934231308
PROJ_3523,Construction,Medium,1,-22282.87750845496,True,False,1.0144407142896743,0.9999999999999996,1565342.11,1543059.2324915451,1543059.2324915456,22282.87750845449,-1.423514857621411
PROJ_3524,Manufacturing,High,0,-19187.693815735634,False,False,1.031732869962568,0.9999999999999996,623850.74,604663.0461842644,604663.0461842645,19187.693815735518,-3.075686632308157
PROJ_3525,IT,Critical,1,20993.160733841592,True,True,0.9640517014744814,0.9999999999999996,562988.88,583982.0407338416,583982.0407338417,-20993.16073384171,3.728876622543896
PROJ_3526,Healthcare,High,1,-7441.273044131929,True,False,1.0119090481076114,0.9999999999999998,632283.24,624841.9669558681,624841.9669558681,7441.273044131929,-1.1768891808886046
PROJ_3527,Healthcare,Medium,1,63954.31324641232,True,True,0.8097179557824514,1.0,272148.41,336102.7232464123,336102.7232464123,-63954.31324641232,23.49979308951771
PROJ_3528,IT,Medium,3,121336.02020481974,True,True,0.9265795318999483,1.0000000000000002,1531282.43,1652618.4502048197,1652618.4502048197,-121336.02020481974,7.923817176222661
PROJ_3529,Healthcare,High,1,8200.149908432912,True,True,0.9827387664682558,1.0000000000000002,466861.49,475061.6399084329,475061.63990843284,-8200.149908432853,1.75644170360525
PROJ_3530,Healthcare,Low,2,3239.696213960648,True,True,0.9927161666898372,1.0,441539.32,444779.0162139607,444779.0162139607,-3239.696213960706,0.7337276811407658
PROJ_3531,R&D,Critical,2,201923.39464695656,True,True,0.8930898816726557,1.0,1686797.69,1888721.0846469563,1888721.084646956,-201923.39464695612,11.97081285112242
PROJ_3532,Manufacturing,High,1,113697.24513368076,True,True,0.868954140685677,1.0000000000000002,753916.93,867614.1751336808,867614.1751336808,-113697.24513368076,15.080871725971287
PROJ_3533,R&D,Low,1,203237.3255379237,True,True,0.8902680371128291,1.0,1648887.8,1852125.125537924,1852125.1255379242,-203237.3255379242,12.32572195257459
PROJ_3534,Healthcare,Low,0,-23683.18124069617,False,False,1.0535848901929463,0.9999999999999996,465658.17,441974.9887593038,441974.988759304,23683.181240695994,-5.085958491976205
PROJ_3535,IT,Medium,1,34142.90646901296,True,True,0.9523088983888184,1.0,681774.85,715917.7564690129,715917.7564690128,-34142.90646901284,5.007944553691419
PROJ_3536,Construction,Low,-1,96379.59106863546,False,True,0.945376415275563,1.0000000000000002,1668052.23,1764431.8210686354,1764431.8210686352,-96379.59106863523,5.7779720164179285
PROJ_3537,Construction,Medium,5,206584.2059238972,True,True,0.8881021886144402,1.0,1639602.09,1846186.2959238973,1846186.2959238975,-206584.20592389745,12.59965495188515
PROJ_3538,IT,Medium,0,-46887.50571301824,False,False,1.0655592498486974,1.0,762080.34,715192.8342869817,715192.8342869817,46887.50571301824,-6.152567288774073
PROJ_3539,R&D,High,1,77174.73490512348,True,True,0.9588045517003,1.0000000000000002,1796205.41,1873380.1449051236,1873380.1449051234,-77174.73490512348,4.296542838334035
PROJ_3540,Manufacturing,High,0,24789.59511796304,False,True,0.9489571262776908,1.0,460872.62,485662.21511796303,485662.21511796315,-24789.595117963152,5.3788387598211305
PROJ_3541,Construction,High,1,81124.32813057047,True,True,0.9545841428719444,1.0000000000000002,1705131.25,1786255.5781305705,1786255.5781305705,-81124.32813057047,4.757658868229086
PROJ_3542,Healthcare,Medium,0,45673.98728028656,False,True,0.9165437177957336,1.0,501606.41,547280.3972802865,547280.3972802865,-45673.98728028656,9.105542985442822
PROJ_3543,IT,Low,1,82939.89977199084,True,True,0.918912979971551,1.0000000000000002,939910.61,1022850.5097719908,1022850.5097719907,-82939.89977199072,8.824232739748595
PROJ_3544,Manufacturing,Low,3,27633.04952846444,True,True,0.9727374867268316,1.0000000000000002,985958.37,1013591.4195284644,1013591.4195284643,-27633.049528464326,2.802658851454786
PROJ_3545,Construction,Medium,2,101345.38970594412,True,True,0.9498290979456016,0.9999999999999998,1918657.95,2020003.339705944,2020003.3397059448,-101345.3897059448,5.2820978176930815
PROJ_3546,Construction,Medium,2,401809.54498780565,True,True,0.878169038396527,1.0000000000000002,2896281.02,3298090.5649878057,3298090.5649878057,-401809.54498780565,13.87329275761389
PROJ_3547,Healthcare,Low,0,82588.69614901335,False,True,0.9240194693531169,1.0,1004383.13,1086971.8261490134,1086971.8261490136,-82588.69614901359,8.222827891286226
PROJ_3548,Construction,Medium,1,63894.63441173406,True,True,0.956887952789804,0.9999999999999996,1418165.22,1482059.854411734,1482059.854411735,-63894.634411734995,4.505443619025927
PROJ_3549,Healthcare,Critical,4,89449.16239893949,True,True,0.924108836620006,1.0000000000000002,1089201.4,1178650.5623989394,1178650.5623989396,-89449.16239893972,8.212362047913244
PROJ_3550,IT,Medium,2,13846.453808549326,True,True,0.9846752327712428,1.0000000000000002,889687.91,903534.3638085494,903534.3638085492,-13846.45380854921,1.556327073001274
PROJ_3551,Construction,High,0,95602.7415358132,False,True,0.9130036017458012,1.0000000000000002,1003324.84,1098927.5815358132,1098927.5815358132,-95602.7415358132,9.528593106078507
PROJ_3552,Construction,High,1,36645.96148670046,True,True,0.9865325071292492,0.9999999999999992,2684421.86,2721067.8214867003,2721067.8214867013,-36645.96148670139,1.3651342224839946
PROJ_3553,Marketing,Critical,0,50697.97148101858,False,True,0.9369220938178948,1.0,753037.83,803735.8014810185,803735.8014810188,-50697.971481018816,6.732460105094431
PROJ_3554,Marketing,Medium,1,101754.23758501024,True,True,0.920277695517027,1.0000000000000002,1174604.22,1276358.4575850102,1276358.45758501,-101754.23758501,8.662853057433253
PROJ_3555,IT,Critical,1,27226.005382926087,True,True,0.9576093549830952,0.9999999999999998,615038.47,642264.4753829261,642264.4753829262,-27226.005382926203,4.4267158415190195
PROJ_3556,IT,Critical,-1,42870.55209022132,False,True,0.9258642002239484,0.9999999999999998,535400.03,578270.5820902213,578270.5820902215,-42870.552090221434,8.007200165868769
PROJ_3557,IT,Medium,2,11643.492477425956,True,True,0.9874957314635656,1.0,919517.93,931161.422477426,931161.422477426,-11643.492477425956,1.2662605151621085
PROJ_3558,Manufacturing,Low,-1,4548.980648783385,False,True,0.9944175677972504,1.0,810325.34,814874.3206487834,814874.3206487835,-4548.980648783501,0.5613770697067799
PROJ_3559,IT,Medium,1,35872.660064492724,True,True,0.9593537293192064,1.0,846684.57,882557.2300644927,882557.2300644928,-35872.66006449284,4.236838763282629
PROJ_3560,Construction,Low,-3,131963.2720191062,False,True,0.9150715894141206,0.9999999999999996,1421854.48,1553817.7520191062,1553817.7520191069,-131963.2720191069,9.281067357828833
PROJ_3561,Construction,Medium,3,219826.5611889549,True,True,0.905607559845015,1.0,2109031.14,2328857.701188955,2328857.7011889545,-219826.5611889544,10.42310646911332
PROJ_3562,Healthcare,Critical,-1,52513.30648425617,False,True,0.9558133729262948,1.0000000000000002,1135930.12,1188443.4264842563,1188443.4264842563,-52513.30648425617,4.622934594273825
PROJ_3563,Marketing,Critical,1,119488.27629527618,True,True,0.7997372277266179,1.0000000000000002,477169.18,596657.4562952762,596657.4562952763,-119488.2762952763,25.041071658332232
PROJ_3564,Construction,Critical,-1,62784.16452449281,False,True,0.9586304673019146,1.0,1454858.42,1517642.5845244927,1517642.5845244927,-62784.16452449281,4.315482775601822
PROJ_3565,Construction,Medium,-2,25645.79926754301,False,True,0.9867294183510892,0.9999999999999998,1906884.36,1932530.1592675431,1932530.1592675427,-25645.79926754255,1.344905847753796
PROJ_3566,Marketing,Medium,1,86197.8396357717,True,True,0.9085622321801268,1.0,856496.21,942694.0496357715,942694.0496357717,-86197.8396357717,10.064007129205125
PROJ_3567,Construction,High,3,129128.31840764126,True,True,0.9231271919468284,1.0000000000000002,1550637.54,1679765.8584076413,1679765.8584076418,-129128.31840764172,8.327434044170099
PROJ_3568,Construction,Medium,1,4062.55130368541,True,True,0.99747328498273,0.9999999999999996,1603776.59,1607839.1413036855,1607839.1413036867,-4062.551303686574,0.25331154781892495
PROJ_3569,Healthcare,Medium,2,118832.90395415283,True,True,0.8886831344399859,0.9999999999999996,948686.41,1067519.3139541529,1067519.3139541529,-118832.90395415283,12.526046826596032
PROJ_3570,Healthcare,Medium,-1,58210.5334753918,False,True,0.932578980879561,1.0,805177.98,863388.5134753918,863388.5134753918,-58210.5334753918,7.229523772544276
PROJ_3571,IT,High,1,-17283.72833764553,True,False,1.0605063938174069,0.9999999999999998,302935.0,285651.27166235447,285651.2716623545,17283.728337645472,-5.7054247074935125
PROJ_3572,Construction,High,3,-3432.3497750512324,True,False,1.001483668095442,0.9999999999999998,2316853.92,2313421.5702249487,2313421.57022495,3432.3497750498354,-0.1481470085541619
PROJ_3573,Manufacturing,Medium,0,55932.29708546819,False,True,0.9328351281301666,0.9999999999999996,776828.87,832761.1670854682,832761.1670854684,-55932.297085468424,7.200079611545387
PROJ_3574,IT,High,-1,-47424.467868417385,False,False,1.0695185818551938,0.9999999999999996,729608.52,682184.0521315826,682184.0521315828,47424.46786841727,-6.499988222234202
PROJ_3575,R&D,High,1,127999.3355022585,True,True,0.9090277686704108,0.9999999999999998,1279016.12,1407015.4555022586,1407015.4555022588,-127999.33550225873,10.007640521548604
PROJ_3576,IT,High,0,58741.52148418559,False,True,0.9270035392476784,0.9999999999999996,745975.87,804717.3914841856,804717.3914841859,-58741.52148418594,7.874453296215324
PROJ_3577,IT,High,3,16358.857484439388,True,True,0.9857691102008524,1.0000000000000002,1133172.74,1149531.5974844394,1149531.5974844391,-16358.857484439155,1.4436331643875544
PROJ_3578,IT,Critical,0,83642.91635719105,False,True,0.8917045065102289,0.9999999999999998,688715.32,772358.236357191,772358.2363571912,-83642.91635719128,12.144773599226932
PROJ_3579,IT,High,1,35054.109122769674,True,True,0.9557839660279568,1.0,757737.69,792791.7991227696,792791.7991227696,-35054.109122769674,4.626153560181185
PROJ_3580,Marketing,High,1,13892.537957721155,True,True,0.9672668570169304,1.0,410525.55,424418.0879577212,424418.0879577211,-13892.537957721099,3.3840860715541576
PROJ_3581,IT,Medium,1,84385.59557243786,True,True,0.9296431475081948,0.9999999999999998,1115008.53,1199394.125572438,1199394.1255724377,-84385.59557243763,7.5681569514484
PROJ_3582,R&D,High,2,16355.190807962324,True,True,0.993064553033528,1.0,2341847.66,2358202.8508079625,2358202.850807962,-16355.190807961859,0.6983883318849979
PROJ_3583,IT,Medium,2,55521.39724705613,True,True,0.948146015585478,1.0,1015204.37,1070725.767247056,1070725.767247056,-55521.397247055895,5.468987219495115
PROJ_3584,IT,Low,2,-19789.288856641622,True,False,1.0180183590969685,1.0000000000000009,1118074.03,1098284.7411433584,1098284.741143358,19789.288856642088,-1.769944415634275
PROJ_3585,IT,Medium,0,-3638.824268877623,False,False,1.0048809931063394,1.0,749147.82,745508.9957311223,745508.9957311223,3638.8242688776227,-0.4857284733041902
PROJ_3586,IT,High,-2,189662.12676688284,False,True,0.8846151905069167,1.0000000000000002,1454073.54,1643735.6667668829,1643735.666766883,-189662.12676688307,13.043503065662213
PROJ_3587,Healthcare,Medium,0,-3129.5791730106,False,False,1.0086136613035162,1.0,366456.98,363327.4008269894,363327.40082698944,3129.579173010541,-0.8540099776542779
PROJ_3588,Construction,Medium,4,38415.26696003182,True,True,0.9868662413156905,0.9999999999999996,2886510.33,2924925.596960032,2924925.5969600333,-38415.266960033216,1.330854996802773
PROJ_3589,Marketing,High,4,11364.59567939979,True,True,0.9798926262261612,1.0000000000000002,553830.83,565195.4256793997,565195.4256793995,-11364.595679399557,2.0519976613435476
PROJ_3590,IT,Medium,3,-22019.984921674128,True,False,1.028774880112811,1.0000000000000002,787270.26,765250.2750783259,765250.2750783256,22019.98492167436,-2.7970045409405357
PROJ_3591,Construction,Low,3,49261.39917076612,True,True,0.966397762360108,1.0,1416754.04,1466015.4391707662,1466015.4391707669,-49261.39917076682,3.477060786836847
PROJ_3592,Manufacturing,Low,0,96397.26053665696,False,True,0.9087762465600372,1.0,960315.02,1056712.280536657,1056712.2805366567,-96397.26053665671,10.038087349363412
PROJ_3593,IT,Critical,-2,91939.6516184127,False,True,0.9357182344362512,0.9999999999999998,1338320.56,1430260.2116184128,1430260.2116184125,-91939.65161841246,6.869778016293231
PROJ_3594,Marketing,High,2,31821.34403440554,True,True,0.9675674775349452,1.0,949334.04,981155.3840344056,981155.3840344053,-31821.34403440531,3.351964924212062
PROJ_3595,IT,Medium,1,-19256.7680737637,True,False,1.0182198030694094,0.9999999999999998,1076170.94,1056914.1719262362,1056914.171926236,19256.76807376393,-1.789378188725662
PROJ_3596,IT,Low,-1,-19411.206556470366,False,False,1.0166433245893651,1.0000000000000002,1185717.04,1166305.8334435297,1166305.8334435294,19411.2065564706,-1.6370859068088117
PROJ_3597,Marketing,Medium,2,82261.61089082144,True,True,0.8999097187747418,1.0,739612.5,821874.1108908214,821874.1108908213,-82261.61089082132,11.122258059567859
PROJ_3598,IT,Low,1,25182.719974529,True,True,0.9661063244226608,1.0,717808.99,742991.709974529,742991.7099745292,-25182.71997452923,3.5082759237285717
PROJ_3599,R&D,Critical,1,144889.8027647147,True,True,0.8893808523889299,1.0000000000000002,1164917.82,1309807.6227647148,1309807.6227647148,-144889.8027647147,12.437770311103549
PROJ_3600,Marketing,Critical,1,41997.81929827819,True,True,0.9485021396578552,1.0000000000000009,773527.7,815525.5192982781,815525.5192982778,-41997.81929827784,5.429387893707989
PROJ_3601,IT,Medium,1,17718.81532958336,True,True,0.9825095685213262,1.0,995338.83,1013057.6453295832,1013057.6453295837,-17718.81532958371,1.780179251078119
PROJ_3602,IT,High,2,32700.257399476133,True,True,0.9705271376623829,0.9999999999999998,1076803.7,1109503.957399476,1109503.957399476,-32700.257399476133,3.036789100880331
PROJ_3603,Construction,Low,2,86471.20058587217,True,True,0.9465433497403553,1.0000000000000002,1531123.62,1617594.8205858725,1617594.8205858718,-86471.2005858717,5.647564929203542
PROJ_3604,Marketing,High,1,398.81953442981467,True,True,0.9989807437867338,0.9999999999999996,390886.05,391284.8695344298,391284.86953443,-398.8195344299893,0.10202961564629623
PROJ_3605,Healthcare,High,0,19763.59807616356,False,True,0.9812070421848216,0.9999999999999996,1031885.55,1051649.1480761636,1051649.1480761636,-19763.59807616356,1.9152897408209233
PROJ_3606,R&D,Critical,2,114281.73741921876,True,True,0.9445560490585792,1.0,1946930.27,2061212.0074192188,2061212.0074192188,-114281.73741921876,5.86984234516107
PROJ_3607,Marketing,Medium,0,3827.4494229262928,False,True,0.9937712125538196,1.0000000000000002,610650.0,614477.4494229263,614477.4494229264,-3827.449422926409,0.6267828417139785
PROJ_3608,Healthcare,High,-1,-14761.946611875668,False,False,1.0256387648639345,1.0,590528.63,575766.6833881243,575766.6833881245,14761.946611875552,-2.4997850844040452
PROJ_3609,IT,Medium,1,6249.307402716251,True,True,0.9946593844360232,1.0000000000000004,1163898.09,1170147.3974027163,1170147.3974027159,-6249.307402715785,0.5369290882430939
PROJ_3610,IT,Low,0,170668.8511972567,False,True,0.904420420877895,0.9999999999999996,1614951.6,1785620.4511972568,1785620.4511972573,-170668.85119725717,10.568047438527394
PROJ_3611,Manufacturing,Low,0,26236.825202168548,False,True,0.964676178390719,1.0,716514.78,742751.6052021686,742751.6052021686,-26236.825202168548,3.6617284017740075
PROJ_3612,Construction,Medium,1,-73457.32173321838,True,False,1.0487757101505364,0.9999999999999996,1579479.92,1506022.5982667815,1506022.5982667818,73457.32173321815,-4.650728433015986
PROJ_3613,Healthcare,Low,-1,-36.08521697437391,False,False,1.0000381929586133,1.0000000000000002,944849.43,944813.3447830256,944813.3447830254,36.08521697460674,-0.003819149996693837
PROJ_3614,IT,Low,3,68150.37527340848,True,True,0.9335781649919062,1.0000000000000002,957873.3,1026023.6752734084,1026023.6752734084,-68150.37527340837,7.114758838502793
PROJ_3615,Construction,Low,2,42913.108330463525,True,True,0.9818122761401796,0.9999999999999998,2316541.47,2359454.578330464,2359454.5783304637,-42913.108330463525,1.8524644987453438
PROJ_3616,IT,Low,1,-37184.12142530968,True,False,1.0339641809256064,1.0000000000000002,1131988.13,1094804.0085746902,1094804.00857469,37184.12142530992,-3.2848508248324055
PROJ_3617,IT,Medium,2,198911.49237575495,True,True,0.8657002794382166,1.0000000000000004,1282189.82,1481101.312375755,1481101.3123757546,-198911.49237575452,15.513420031345632
PROJ_3618,IT,Low,2,-5495.614572464605,True,False,1.0077206055859786,1.0,717306.95,711811.3354275353,711811.3354275352,5495.614572464721,-0.7661454517434582
PROJ_3619,Healthcare,Critical,2,159330.25050248974,True,True,0.8685164527997911,1.0,1052458.25,1211788.5005024895,1211788.5005024895,-159330.2505024895,15.13886660135825
PROJ_3620,Construction,Low,1,125469.73063299993,True,True,0.9452276045877126,1.0000000000000002,2165277.82,2290747.550633,2290747.5506329993,-125469.73063299945,5.794625034906581
PROJ_3621,Construction,Medium,3,180441.650088246,True,True,0.8769084624157617,1.0000000000000002,1285472.69,1465914.340088246,1465914.3400882462,-180441.6500882462,14.03698822168258
PROJ_3622,IT,Low,2,46010.584718883154,True,True,0.9438889584103416,1.0000000000000002,773981.05,819991.6347188832,819991.6347188833,-46010.58471888327,5.944665533979581
PROJ_3623,Healthcare,Low,1,7394.705989746493,True,True,0.9813177120847548,1.0000000000000002,388419.02,395813.7259897465,395813.7259897464,-7394.705989746377,1.903796057604588
PROJ_3624,IT,Low,0,26997.529545866768,False,True,0.967221549096721,1.0000000000000002,796639.0,823636.5295458668,823636.5295458663,-26997.529545866302,3.3889289309042496
PROJ_3625,R&D,Medium,2,88561.8022357889,True,True,0.9340836302814935,1.0,1254986.13,1343547.9322357888,1343547.932235789,-88561.80223578913,7.056795299864321
PROJ_3626,IT,Medium,0,43219.12330001959,False,True,0.922800466083764,1.0,516617.46,559836.5833000196,559836.5833000196,-43219.12330001959,8.365788353343612
PROJ_3627,Construction,Medium,1,35965.10478897742,True,True,0.9752288839159048,1.0,1415931.72,1451896.8247889774,1451896.824788977,-35965.104788976954,2.5400310114513824
PROJ_3628,Manufacturing,Critical,0,89157.2570230253,False,True,0.8313609768890675,1.0000000000000002,439529.73,528686.9870230253,528686.9870230252,-89157.25702302519,20.284693147611467
PROJ_3629,Manufacturing,Medium,0,128371.5045879014,False,True,0.8700142181823611,1.0,859209.62,987581.1245879014,987581.1245879014,-128371.5045879014,14.940650290659152
PROJ_3630,Manufacturing,High,0,71467.7475251907,False,True,0.9375900793343172,1.0000000000000002,1073666.66,1145134.4075251906,1145134.4075251909,-71467.74752519093,6.6564186248635995
PROJ_3631,Construction,High,1,37604.27709880797,True,True,0.970790544101374,1.0000000000000004,1249796.53,1287400.807098808,1287400.8070988082,-37604.277098808205,3.008831933531469
PROJ_3632,Construction,High,0,118130.35052229976,False,True,0.9535453154103136,1.0,2424785.43,2542915.7805223,2542915.7805223,-118130.35052229976,4.871785728368541
PROJ_3633,IT,Low,1,-47810.64314529102,True,False,1.0618333966356557,1.0000000000000002,821027.8,773217.156854709,773217.1568547088,47810.64314529125,-5.823267268817359
PROJ_3634,IT,Critical,0,189531.2453640576,False,True,0.8538867559252932,1.0000000000000004,1107621.84,1297153.0853640577,1297153.0853640577,-189531.2453640576,17.1115482305818
PROJ_3635,IT,High,1,172635.0268016206,True,True,0.8830787741147293,0.9999999999999998,1303872.13,1476507.1568016205,1476507.156801621,-172635.02680162108,13.240180753125008
PROJ_3636,IT,High,1,25439.178216687287,True,True,0.9697257781286556,1.0,814852.55,840291.7282166873,840291.7282166875,-25439.178216687404,3.1219363818260617
PROJ_3637,IT,High,6,82460.2528248562,True,True,0.9160355725543664,1.0,899625.32,982085.572824856,982085.572824856,-82460.25282485608,9.166066249097579
PROJ_3638,Healthcare,Medium,2,-15785.512105664006,True,False,1.015454324269142,1.0000000000000002,1037215.62,1021430.107894336,1021430.1078943361,15785.512105663889,-1.5219123007098456
PROJ_3639,Construction,Critical,-1,90189.49744566018,False,True,0.9560583519114862,1.0,1962293.77,2052483.26744566,2052483.26744566,-90189.49744565994,4.596126167472873
PROJ_3640,IT,Medium,1,52701.48801903008,True,True,0.9233242408864304,1.0,634627.71,687329.19801903,687329.1980190302,-52701.48801903019,8.304315615060395
PROJ_3641,Marketing,Low,1,67365.02079232235,True,True,0.9259174817295892,1.0,841959.1,909324.1207923224,909324.1207923224,-67365.02079232247,8.000984940043105
PROJ_3642,Manufacturing,Medium,0,37388.03000072902,False,True,0.9527962981854816,1.0000000000000002,754669.13,792057.160000729,792057.1600007287,-37388.03000072867,4.954228086781378
PROJ_3643,Construction,Critical,1,39127.86249882355,True,True,0.9855508730857956,1.0000000000000002,2668846.31,2707974.172498824,2707974.172498823,-39127.86249882309,1.466096505902698
PROJ_3644,Manufacturing,Low,2,25819.39234020212,True,True,0.9797945907524446,0.9999999999999998,1252026.16,1277845.552340202,1277845.5523402023,-25819.39234020235,2.062208695399971
PROJ_3645,IT,Medium,2,20229.19049357448,True,True,0.9676000233110056,0.9999999999999998,604128.99,624358.1804935745,624358.1804935748,-20229.19049357483,3.3484886222021615
PROJ_3646,Manufacturing,Medium,0,40664.86583165976,False,True,0.9327684751575376,1.0000000000000004,564183.32,604848.1858316597,604848.1858316595,-40664.865831659525,7.207739823229714
PROJ_3647,R&D,Critical,2,82758.84218478226,True,True,0.9317806402702864,0.9999999999999998,1130369.55,1213128.3921847823,1213128.3921847828,-82758.84218478273,7.321396987806573
PROJ_3648,Marketing,Critical,0,247232.70774429303,False,True,0.7982438848182478,1.0,978171.08,1225403.787744293,1225403.787744293,-247232.70774429303,25.274996654398436
PROJ_3649,Construction,Low,0,84005.67260962306,False,True,0.9645212639051732,0.9999999999999998,2283769.56,2367775.232609623,2367775.232609624,-84005.67260962399,3.6783778048790525
PROJ_3650,Marketing,High,0,76849.29174282122,False,True,0.9325168914585787,0.9999999999999992,1061943.71,1138793.0017428212,1138793.0017428217,-76849.29174282169,7.236663395541153
PROJ_3651,IT,Medium,1,87254.04489376326,True,True,0.8770732667807304,1.0,622551.24,709805.2848937633,709805.2848937633,-87254.04489376326,14.015560372791686
PROJ_3652,Construction,Medium,-1,58127.90070584486,False,True,0.932031799161072,1.0,797094.1,855222.0007058448,855222.0007058446,-58127.90070584463,7.2924765979129225
PROJ_3653,Healthcare,Low,0,41684.4784585858,False,True,0.937626725413252,1.0,626622.24,668306.7184585858,668306.7184585859,-41684.478458585916,6.652250079503388
PROJ_3654,IT,Low,0,37427.65067065705,False,True,0.9381813168922896,1.0,568014.73,605442.380670657,605442.3806706571,-37427.65067065717,6.58920423959026
PROJ_3655,IT,High,2,21041.0873583419,True,True,0.9725298651048364,1.0000000000000002,744921.2,765962.2873583419,765962.2873583416,-21041.08735834167,2.82460579163832
PROJ_3656,R&D,Medium,0,132835.69751546765,False,True,0.9117554708914434,1.0000000000000002,1372477.99,1505313.6875154676,1505313.6875154674,-132835.69751546741,9.678530255736009
PROJ_3657,IT,Medium,2,-6241.562028203858,True,False,1.010364807798246,1.0,608429.48,602187.9179717961,602187.9179717965,6241.562028203509,-1.0258480618334782
PROJ_3658,IT,Critical,1,234399.2295946832,True,True,0.8130431097202785,0.9999999999999998,1019361.62,1253760.8495946832,1253760.8495946836,-234399.22959468362,22.994708158100323
PROJ_3659,IT,Low,1,76533.9011312027,True,True,0.8657330981984349,0.9999999999999998,493479.26,570013.1611312027,570013.1611312029,-76533.90113120293,15.509041075242541
PROJ_3660,Construction,Critical,2,131705.71605052566,True,True,0.9423487499399906,0.9999999999999996,2152819.18,2284524.896050526,2284524.896050526,-131705.71605052566,6.117825281105385
PROJ_3661,Marketing,Critical,2,75902.07920401439,True,True,0.9095723446923514,1.0,763465.91,839367.9892040144,839367.9892040148,-75902.07920401474,9.941777125846357
PROJ_3662,IT,Critical,0,55842.140462863375,False,True,0.9434062877068968,1.0,930877.73,986719.8704628634,986719.8704628632,-55842.14046286326,5.998869525309544
PROJ_3663,Marketing,Low,0,80214.41462389193,False,True,0.915585326001541,1.0,870028.13,950242.544623892,950242.544623892,-80214.41462389205,9.21974955268309
PROJ_3664,R&D,Low,2,133377.25068579428,True,True,0.9172089835448896,1.0,1477633.9,1611011.1506857942,1611011.150685794,-133377.25068579405,9.026407061031428
PROJ_3665,IT,Medium,0,107252.80190469453,False,True,0.8535016078606161,1.0000000000000002,624856.27,732109.0719046945,732109.0719046943,-107252.8019046943,17.164395566470716
PROJ_3666,R&D,Critical,4,143389.99281990528,True,True,0.9460516620027096,1.0000000000000002,2514523.08,2657913.0728199054,2657913.072819905,-143389.99281990482,5.7024727257585885
PROJ_3667,Construction,Medium,0,84173.84777113306,False,True,0.9551558352877764,1.0,1792856.27,1877030.117771133,1877030.1177711333,-84173.8477711333,4.694957938325603
PROJ_3668,Marketing,Critical,-1,60493.88160638278,False,True,0.9514742891853164,1.0,1186141.78,1246635.6616063828,1246635.661606383,-60493.881606383016,5.10005486918967
PROJ_3669,Construction,Low,3,107160.47781827208,True,True,0.9283248558982888,0.9999999999999996,1387925.15,1495085.627818272,1495085.6278182718,-107160.47781827184,7.720911881903131
PROJ_3670,Construction,Medium,-2,89368.26608366356,False,True,0.9540213818645386,1.0000000000000002,1854323.6,1943691.866083664,1943691.8660836634,-89368.26608366333,4.81945363169963
PROJ_3671,R&D,Critical,0,59236.86565764109,False,True,0.9613446204581566,1.0000000000000002,1473198.37,1532435.2356576412,1532435.2356576405,-59236.86565764039,4.020970078703004
PROJ_3672,Manufacturing,High,1,207318.284305532,True,True,0.7516281082011435,1.0000000000000002,627390.84,834709.124305532,834709.1243055318,-207318.28430553188,33.04451883701903
PROJ_3673,IT,Low,2,83499.27501130698,True,True,0.9006521103252264,1.0,756974.29,840473.565011307,840473.565011307,-83499.27501130698,11.03066195435871
PROJ_3674,Healthcare,Medium,0,6833.290956267156,False,True,0.9942749908914884,1.0000000000000004,1186752.75,1193586.0409562672,1193586.040956267,-6833.290956266923,0.5757973559586799
PROJ_3675,IT,Medium,1,19635.568112888373,True,True,0.9594779278019347,1.0,464929.19,484564.7581128884,484564.7581128885,-19635.56811288849,4.2233459492806835
PROJ_3676,Marketing,High,0,150129.26236124244,False,True,0.837112317596472,1.0,771544.25,921673.5123612424,921673.5123612422,-150129.2623612422,19.458282834878517
PROJ_3677,IT,Low,2,115320.80911785156,True,True,0.9060754785574664,1.0,1112482.19,1227802.9991178515,1227802.9991178517,-115320.80911785178,10.366081376804043
PROJ_3678,Construction,Low,3,31522.26461437461,True,True,0.9797743791829828,0.9999999999999996,1527009.11,1558531.3746143747,1558531.374614375,-31522.264614374842,2.064314116264496
PROJ_3679,R&D,Medium,1,93443.53620233084,True,True,0.9563088580469394,1.0,2045286.01,2138729.546202331,2138729.546202331,-93443.53620233084,4.5687270995576235
PROJ_3680,Construction,Medium,3,139243.38507603528,True,True,0.9139498793842936,1.0,1478922.68,1618166.0650760352,1618166.065076036,-139243.38507603598,9.415190324624408
PROJ_3681,Manufacturing,Medium,1,-13413.296823850833,True,False,1.0162715799096975,1.0,837752.23,824338.9331761491,824338.9331761495,13413.296823850484,-1.6011054752847969
PROJ_3682,IT,Critical,2,10552.455868683755,True,True,0.9888159430334608,1.0000000000000004,932974.2,943526.6558686836,943526.6558686836,-10552.455868683639,1.1310554856376136
PROJ_3683,IT,Medium,1,168291.66464423772,True,True,0.837703622713176,0.9999999999999998,868648.7,1036940.3646442376,1036940.364644238,-168291.66464423807,19.373961492630805
PROJ_3684,Manufacturing,High,2,43876.320635478594,True,True,0.9529583427108244,1.0,888835.73,932712.0506354786,932712.0506354783,-43876.32063547836,4.936381285603625
PROJ_3685,Manufacturing,Medium,2,67529.73770504678,True,True,0.8914474344753481,0.9999999999999996,554562.77,622092.5077050468,622092.5077050471,-67529.73770504713,12.177113459139553
PROJ_3686,R&D,High,2,86469.05708158133,True,True,0.9551994198500834,1.0,1843618.83,1930087.8870815812,1930087.8870815816,-86469.05708158156,4.690180837520604
PROJ_3687,Construction,Low,-5,145319.38912018202,False,True,0.9330176077227862,1.0000000000000002,2024196.87,2169516.259120182,2169516.2591201817,-145319.38912018156,7.179113418952256
PROJ_3688,IT,Low,1,124872.38733673072,True,True,0.9011341043400616,1.0000000000000002,1138175.77,1263048.1573367307,1263048.1573367307,-124872.38733673072,10.97127444003932
PROJ_3689,IT,High,0,125355.04041387024,False,True,0.9335389837507286,1.0000000000000002,1760788.86,1886143.9004138703,1886143.9004138703,-125355.04041387024,7.119254514926351
PROJ_3690,R&D,Medium,1,157905.9663685034,True,True,0.9289641915963416,1.0,2065000.62,2222906.5863685035,2222906.5863685035,-157905.9663685034,7.646775736488805
PROJ_3691,R&D,High,0,177521.0382482768,False,True,0.9274545837781742,1.0000000000000004,2269512.11,2447033.1482482767,2447033.1482482757,-177521.03824827587,7.82199123177518
PROJ_3692,Manufacturing,Medium,0,644.7189054264454,False,True,0.9988983773103202,1.0,584600.04,585244.7589054265,585244.7589054265,-644.7189054264454,0.11028376006037315
PROJ_3693,IT,Low,1,709.5301174954511,True,True,0.9991328399900626,0.9999999999999996,817513.3,818222.8301174955,818222.8301174957,-709.530117495684,0.08679126290614281
PROJ_3694,Healthcare,Medium,1,-806.3770663524047,True,False,1.0012014835269414,0.9999999999999998,671957.54,671151.1629336476,671151.1629336477,806.3770663522882,-0.12000416966111999
PROJ_3695,IT,High,3,48450.85751082678,True,True,0.9401069693338888,1.0000000000000002,760505.66,808956.5175108268,808956.5175108265,-48450.857510826434,6.370874019639306
PROJ_3696,Construction,Medium,-1,94291.63805544564,False,True,0.961302542042004,1.0,2342344.85,2436636.4880554457,2436636.488055445,-94291.6380554447,4.02552331504239
PROJ_3697,Construction,Medium,0,86271.34074342472,False,True,0.8877760404906462,1.0000000000000002,682471.28,768742.6207434247,768742.6207434246,-86271.3407434246,12.641021427806399
PROJ_3698,Healthcare,Medium,1,119573.84301992644,True,True,0.918845142079628,1.0000000000000002,1353829.55,1473403.3930199265,1473403.3930199263,-119573.84301992622,8.832267180157666
PROJ_3699,Construction,High,0,-30001.39203304099,False,False,1.0270117278381343,0.9999999999999998,1140681.62,1110680.2279669591,1110680.2279669596,30001.392033040524,-2.6301284694181817
PROJ_3700,Manufacturing,Medium,0,37514.47247681138,False,True,0.9237161525691276,0.9999999999999996,454260.31,491774.7824768114,491774.78247681155,-37514.472476811556,8.25836456564113
PROJ_3701,IT,Low,1,106544.10268232784,True,True,0.9152699720048152,1.0000000000000002,1150909.78,1257453.882682328,1257453.8826823274,-106544.10268232739,9.257380946256916
PROJ_3702,Manufacturing,Low,2,12273.65314466576,True,True,0.9901270376522354,1.0,1230884.45,1243158.1031446657,1243158.1031446657,-12273.653144665761,0.9971409700289707
PROJ_3703,R&D,Critical,0,275673.57289092033,False,True,0.8808166432083646,0.9999999999999994,2037347.14,2313020.71289092,2313020.7128909216,-275673.5728909217,13.531006448460312
PROJ_3704,Healthcare,High,-1,10639.528289449285,False,True,0.9865694722354726,1.0,781550.36,792189.8882894493,792189.8882894493,-10639.528289449285,1.3613362406293672
PROJ_3705,Marketing,High,0,28289.626941427705,False,True,0.951163472511737,1.0,550982.25,579271.8769414277,579271.8769414277,-28289.626941427705,5.134398965017059
PROJ_3706,IT,Medium,1,24229.74175187212,True,True,0.9504010746050692,1.0000000000000002,464283.7,488513.4417518721,488513.441751872,-24229.741751872003,5.2187362493820055
PROJ_3707,Marketing,Critical,2,123003.87162389384,True,True,0.8891439036600762,1.0000000000000002,986577.61,1109581.4816238938,1109581.4816238936,-123003.87162389362,12.467733949880904
PROJ_3708,IT,Low,1,14031.597305782549,True,True,0.9632596404977072,1.0000000000000002,367880.76,381912.35730578256,381912.35730578256,-14031.597305782547,3.814169924456649
PROJ_3709,R&D,Medium,1,136386.66391853848,True,True,0.935124585953984,0.9999999999999994,1965899.17,2102285.8339185384,2102285.8339185393,-136386.66391853942,6.937622539336004
PROJ_3710,IT,Critical,2,-25923.07978275116,True,False,1.027704535724722,1.0,961621.12,935698.0402172488,935698.0402172487,25923.079782751272,-2.6957685562013523
PROJ_3711,R&D,Medium,3,79596.81151629402,True,True,0.9506879645609678,1.0000000000000002,1534548.92,1614145.731516294,1614145.731516294,-79596.81151629402,5.186984297398223
PROJ_3712,Construction,High,2,16751.14757366106,True,True,0.9871458502462084,0.9999999999999998,1286419.26,1303170.407573661,1303170.4075736615,-16751.147573661525,1.302153045630048
PROJ_3713,Construction,Low,2,-43902.99328761641,True,False,1.0263342643195832,0.9999999999999998,1711046.33,1667143.3367123837,1667143.3367123844,43902.99328761571,-2.565856488971617
PROJ_3714,IT,Low,2,-21475.7732410999,True,False,1.0318443042997532,0.9999999999999996,695874.97,674399.1967589001,674399.1967589004,21475.773241099552,-3.086154002794432
PROJ_3715,Construction,Medium,0,115712.06651997892,False,True,0.9478943360041534,1.0,2105007.48,2220719.546519979,2220719.546519979,-115712.06651997892,5.496990752734946
PROJ_3716,IT,Low,0,26814.872615520377,False,True,0.9675390672715892,1.0,799251.12,826065.9926155204,826065.9926155203,-26814.87261552026,3.354999692151856
PROJ_3717,Construction,High,1,59042.36694653239,True,True,0.951008430696058,1.0000000000000004,1146111.25,1205153.6169465324,1205153.6169465324,-59042.36694653239,5.151538905715514
PROJ_3718,Construction,High,2,112451.32295391988,True,True,0.9462068199425536,1.0000000000000002,1977986.96,2090438.28295392,2090438.2829539191,-112451.32295391918,5.685139752080023
PROJ_3719,Manufacturing,Medium,-1,-253.3785073817708,False,False,1.0004446252967774,1.0000000000000004,570123.13,569869.7514926182,569869.7514926181,253.37850738188718,-0.04444276929825443
PROJ_3720,Construction,Medium,0,55380.23549717851,False,True,0.9564266594179692,0.9999999999999998,1215585.79,1270966.0254971783,1270966.0254971785,-55380.23549717851,4.55584755537316
PROJ_3721,R&D,Medium,2,124022.8017871154,True,True,0.9376479433772033,1.0000000000000004,1865050.35,1989073.1517871155,1989073.151787115,-124022.80178711493,6.649836653853068
PROJ_3722,Marketing,Medium,2,115659.25298120872,True,True,0.8674124062919865,1.0,756664.09,872323.3429812087,872323.3429812086,-115659.25298120861,15.285415881333634
PROJ_3723,IT,Medium,1,70670.76776756544,True,True,0.926149575452524,1.0,886273.87,956944.6377675654,956944.6377675653,-70670.76776756532,7.973919818663426
PROJ_3724,Marketing,Critical,-2,28188.071500329766,False,True,0.9848428451322868,1.0000000000000002,1831532.42,1859720.4915003297,1859720.4915003302,-28188.071500330232,1.5390429998683963
PROJ_3725,Construction,Medium,1,199826.6263723476,True,True,0.9171052162208312,0.9999999999999998,2210778.93,2410605.556372348,2410605.556372349,-199826.62637234898,9.038743026755233
PROJ_3726,Marketing,Medium,3,46676.37003267312,True,True,0.9493265860752512,1.0000000000000002,874445.11,921121.4800326732,921121.4800326729,-46676.37003267289,5.337827326025402
PROJ_3727,Construction,Medium,6,17458.6981526413,True,True,0.9939334780507608,0.999999999999999,2860417.34,2877876.038152641,2877876.0381526425,-17458.698152642697,0.6103549264822559
PROJ_3728,IT,Medium,1,76316.27372440754,True,True,0.9232373849629724,1.0000000000000002,917869.16,994185.4337244076,994185.433724407,-76316.27372440696,8.314504621160488
PROJ_3729,IT,Critical,0,30541.06518466922,False,True,0.9484418851802712,1.0,561820.88,592361.9451846692,592361.9451846691,-30541.065184669103,5.436085818787849
PROJ_3730,IT,High,3,198916.7288157891,True,True,0.858261557839803,0.9999999999999998,1204490.32,1403407.0488157892,1403407.0488157896,-198916.72881578957,16.514597544942458
PROJ_3731,Construction,Medium,2,330320.68175067287,True,True,0.9194079360817872,0.9999999999999992,3768354.37,4098675.051750673,4098675.051750675,-330320.68175067473,8.76564806060622
PROJ_3732,IT,Medium,0,94803.55895705638,False,True,0.8957179136139867,1.0,814303.29,909106.8489570564,909106.8489570562,-94803.55895705614,11.642291038398744
PROJ_3733,Manufacturing,High,0,96061.37065156852,False,True,0.927199674405353,1.0000000000000002,1223457.05,1319518.4206515686,1319518.4206515686,-96061.37065156852,7.851634076698362
PROJ_3734,Healthcare,Medium,1,9130.69978500338,True,True,0.97045991171667,0.9999999999999998,299964.51,309095.2097850034,309095.2097850034,-9130.69978500338,3.0439266915287346
PROJ_3735,IT,Critical,0,-37366.39581248874,False,False,1.057060427100163,1.0000000000000002,692222.97,654856.5741875112,654856.5741875111,37366.39581248886,-5.398028876806682
PROJ_3736,IT,Medium,2,167758.49009263946,True,True,0.8545386465757399,1.0,985527.15,1153285.6400926395,1153285.6400926395,-167758.49009263946,17.022208885127057
PROJ_3737,Construction,Low,4,164433.85886040516,True,True,0.9310065173419896,0.9999999999999996,2218890.66,2383324.5188604053,2383324.5188604067,-164433.85886040656,7.4106336929827155
PROJ_3738,Manufacturing,High,3,54365.62720365729,True,True,0.9362092631857294,1.0000000000000004,797883.93,852249.5572036573,852249.5572036572,-54365.627203657175,6.813726302728916
PROJ_3739,Manufacturing,Medium,1,51980.052188381145,True,True,0.8912223743709995,1.0,425876.05,477856.10218838113,477856.10218838113,-51980.052188381145,12.205441510125105
PROJ_3740,Construction,High,-1,56788.73355293647,False,True,0.97208657982788,1.0,1977671.15,2034459.8835529364,2034459.8835529352,-56788.7335529353,2.8714952712403834
PROJ_3741,IT,Medium,1,52438.7459674275,True,True,0.9568876236121926,1.0,1163888.22,1216326.9659674277,1216326.9659674275,-52438.7459674275,4.5054795698016
PROJ_3742,R&D,High,3,121421.81845451985,True,True,0.9235282433057382,0.9999999999999992,1466377.7,1587799.5184545198,1587799.51845452,-121421.81845452008,8.280391774542132
PROJ_3743,IT,Critical,3,51978.29145936016,True,True,0.951458042789769,1.0,1018812.72,1070791.01145936,1070791.0114593601,-51978.29145936016,5.101849480183184
PROJ_3744,Healthcare,Medium,0,116693.16033313224,False,True,0.8483246688551425,1.0000000000000002,652668.34,769361.5003331322,769361.5003331322,-116693.16033313225,17.879396499167136
PROJ_3745,IT,Low,1,8591.900127729052,True,True,0.9745228309031844,1.0,328647.3,337239.20012772904,337239.200127729,-8591.900127728994,2.614322444678229
PROJ_3746,Manufacturing,High,0,54772.9736546803,False,True,0.9495391829035554,1.0,1030682.57,1085455.5436546805,1085455.5436546805,-54772.973654680536,5.314242740583121
PROJ_3747,IT,Medium,1,117842.09414319438,True,True,0.9117093672528752,1.0,1216864.55,1334706.6441431944,1334706.6441431942,-117842.09414319415,9.684076518063916
PROJ_3748,R&D,Medium,5,128220.75937531937,True,True,0.9503478703533742,1.0,2454161.11,2582381.869375319,2582381.869375319,-128220.75937531935,5.224626812512702
PROJ_3749,Construction,Medium,1,63543.42507947493,True,True,0.945615535704035,0.9999999999999998,1104867.92,1168411.3450794748,1168411.345079475,-63543.42507947516,5.751223646666758
PROJ_3750,R&D,Medium,0,33280.6816634736,False,True,0.9723221078653124,0.9999999999999996,1169147.65,1202428.3316634735,1202428.331663474,-33280.68166347407,2.846576449388071
PROJ_3751,IT,High,1,-15496.865838968137,True,False,1.0300923231108774,1.0,530474.25,514977.3841610319,514977.3841610318,15496.865838968195,-2.921322917930172
PROJ_3752,Construction,Medium,2,-154831.162461343,True,False,1.0924624078244414,1.0000000000000002,1829362.1,1674530.937538657,1674530.9375386566,154831.16246134345,-8.463669519628917
PROJ_3753,Marketing,Critical,4,111590.33444079872,True,True,0.8913687201839696,1.0,915649.1,1027239.4344407988,1027239.4344407993,-111590.33444079931,12.187019507887827
PROJ_3754,IT,High,2,30220.540677293204,True,True,0.9607255309155722,1.0,739249.84,769470.3806772932,769470.3806772932,-30220.540677293204,4.088000976407814
PROJ_3755,Healthcare,Medium,2,131897.6658174568,True,True,0.9067691039477296,0.9999999999999998,1282844.35,1414742.0158174569,1414742.0158174569,-131897.6658174568,10.281657772235327
PROJ_3756,Construction,High,-1,28856.369589109672,False,True,0.9829848404712128,1.0,1667064.82,1695921.1895891095,1695921.1895891093,-28856.369589109207,1.730968660781241
PROJ_3757,IT,Low,0,26960.286959859422,False,True,0.9530838045321376,1.0000000000000002,547687.48,574647.7669598594,574647.7669598594,-26960.286959859426,4.922567694967105
PROJ_3758,IT,Low,2,-39034.7463492112,True,False,1.039530192736634,0.9999999999999996,1026501.38,987466.6336507888,987466.6336507892,39034.74634921085,-3.8026978930326276
PROJ_3759,R&D,High,3,71725.77513033454,True,True,0.9387549811441434,1.0,1099402.53,1171128.3051303346,1171128.3051303348,-71725.77513033478,6.524068589357783
PROJ_3760,IT,Low,0,8447.669163693907,False,True,0.9870661213874428,1.0,644695.09,653142.7591636939,653142.7591636939,-8447.669163693907,1.3103355826230827
PROJ_3761,Manufacturing,Low,2,144255.9412732654,True,True,0.8410469149348689,1.0,763281.91,907537.8512732654,907537.8512732657,-144255.94127326563,18.899431439854986
PROJ_3762,R&D,Medium,1,112022.3819279878,True,True,0.9444630034044252,1.0000000000000002,1905054.32,2017076.701927988,2017076.7019279879,-112022.3819279878,5.880272323572789
PROJ_3763,R&D,High,1,159372.54779283074,True,True,0.9170751412627594,1.0,1762518.55,1921891.0977928308,1921891.0977928308,-159372.54779283074,9.042318890364628
PROJ_3764,Construction,Low,0,57203.532809640514,False,True,0.9634496692121738,1.0,1507858.44,1565061.9728096405,1565061.9728096402,-57203.53280964028,3.79369384367675
PROJ_3765,IT,Low,0,-16690.450023868587,False,False,1.0190383499644895,1.0,893365.69,876675.2399761314,876675.2399761316,16690.450023868354,-1.8682662890118777
PROJ_3766,Healthcare,Medium,0,170077.85775420768,False,True,0.8539006985363611,1.0,994047.2,1164125.0577542076,1164125.057754208,-170077.85775420815,17.10963601670103
PROJ_3767,R&D,Medium,0,206858.3100039829,False,True,0.8994069963333479,1.0000000000000004,1849530.33,2056388.640003983,2056388.6400039825,-206858.3100039824,11.184369709902642
PROJ_3768,R&D,Medium,3,255997.01529226665,True,True,0.8897309373737332,0.9999999999999998,2065569.97,2321566.9852922666,2321566.985292266,-255997.01529226615,12.393529099005354
PROJ_3769,R&D,High,0,169475.48877521814,False,True,0.8819928486655788,0.9999999999999998,1266670.43,1436145.918775218,1436145.9187752185,-169475.4887752186,13.379604099167185
PROJ_3770,Marketing,Medium,1,127464.91291763145,True,True,0.912976696872978,0.9999999999999996,1337256.7,1464721.6129176314,1464721.6129176316,-127464.91291763168,9.53182084768255
PROJ_3771,R&D,Critical,1,271250.0408263742,True,True,0.8990123352987135,0.9999999999999996,2414721.97,2685972.0108263744,2685972.0108263744,-271250.0408263742,11.233178982770186
PROJ_3772,IT,Medium,0,115213.97454398069,False,True,0.8677675390787685,1.0,756084.75,871298.7245439807,871298.7245439808,-115213.97454398079,15.238235468177447
PROJ_3773,Construction,Medium,5,439975.7801832277,True,True,0.8781905279486532,1.0000000000000004,3172023.95,3611999.730183228,3611999.730183226,-439975.78018322587,13.870506248328478
PROJ_3774,Marketing,High,1,51607.53307107283,True,True,0.9083224756809352,0.9999999999999996,511317.06,562924.5930710728,562924.593071073,-51607.53307107295,10.09305910330333
PROJ_3775,Healthcare,Medium,0,2223.3631327649346,False,True,0.993568828552788,1.0000000000000002,343493.3,345716.6631327649,345716.6631327648,-2223.363132764818,0.6472799128148404
PROJ_3776,IT,Low,1,-73772.42010459653,True,False,1.1007930722920831,1.0,805691.97,731919.5498954034,731919.5498954037,73772.4201045963,-9.156405034618416
PROJ_3777,IT,Medium,1,-61410.45316642721,True,False,1.0763860462422832,1.0,865359.03,803948.5768335728,803948.5768335729,61410.45316642709,-7.096528843805684
PROJ_3778,Healthcare,Low,0,32340.43111870368,False,True,0.9655016925438638,0.9999999999999998,905109.36,937449.7911187035,937449.7911187038,-32340.431118703797,3.5730965282144243
PROJ_3779,R&D,High,3,116141.37948469026,True,True,0.9259068839458352,1.0,1451364.29,1567505.6694846903,1567505.6694846905,-116141.3794846905,8.002221102235502
PROJ_3780,R&D,Critical,1,98582.59187498176,True,True,0.9312416264427312,1.0000000000000002,1335171.39,1433753.9818749817,1433753.9818749814,-98582.59187498153,7.3835159001558255
PROJ_3781,Healthcare,Medium,-1,79500.94769575703,False,True,0.9381610891901708,1.0,1206112.7,1285613.647695757,1285613.647695757,-79500.94769575703,6.591502410658393
PROJ_3782,Healthcare,Medium,0,1069.351350866258,False,True,0.9974345282590772,1.0000000000000002,415755.1,416824.45135086623,416824.4513508663,-1069.3513508663164,0.25720703146306956
PROJ_3783,Marketing,Medium,1,5983.256102775224,True,True,0.9920334035039904,1.0,745059.69,751042.9461027752,751042.946102775,-5983.256102775107,0.803057282937305
PROJ_3784,R&D,Medium,2,213348.19630957415,True,True,0.8385859992047937,1.0,1108397.1,1321745.2963095745,1321745.2963095738,-213348.19630957372,19.2483538895558
PROJ_3785,Marketing,Low,1,40350.03315477749,True,True,0.9133880669899374,1.0000000000000002,425521.49,465871.5231547775,465871.5231547774,-40350.033154777426,9.482490098156365
PROJ_3786,Construction,Critical,-1,30334.730986763025,False,True,0.9807993257051912,1.0,1549543.69,1579878.420986763,1579878.4209867634,-30334.73098676349,1.9576557397206071
PROJ_3787,Manufacturing,Low,0,23931.33821406588,False,True,0.9729551761549482,1.0,860945.5,884876.8382140659,884876.8382140658,-23931.338214065763,2.7796577383894525
PROJ_3788,IT,High,4,168881.55015955633,True,True,0.8846864694708063,1.0000000000000002,1295660.81,1464542.3601595564,1464542.3601595564,-168881.55015955633,13.0343951793646
PROJ_3789,R&D,Critical,0,301103.3925934173,False,True,0.8877498524427458,1.0000000000000002,2381328.65,2682432.042593417,2682432.0425934177,-301103.3925934178,12.644344265266275
PROJ_3790,IT,Medium,1,-5192.992362180026,True,False,1.0064264813811397,0.9999999999999996,813254.52,808061.52763782,808061.5276378203,5192.992362179677,-0.6385445434941667
PROJ_3791,R&D,High,1,4944.905849468429,True,True,0.9976595775557962,1.0,2107881.29,2112826.1958494685,2112826.195849468,-4944.905849467963,0.23459128713400945
PROJ_3792,Construction,Low,-1,240828.13015060316,False,True,0.9166609867549868,0.9999999999999996,2648912.47,2889740.600150604,2889740.600150604,-240828.1301506036,9.091585051528849
PROJ_3793,Manufacturing,Low,0,69843.3286940786,False,True,0.942135320187532,0.9999999999999998,1137168.08,1207011.408694079,1207011.408694079,-69843.32869407884,6.141865034945304
PROJ_3794,Marketing,Low,1,-14814.424351151334,True,False,1.0224728546478383,0.9999999999999998,674028.6,659214.1756488486,659214.1756488489,14814.424351151101,-2.197892545086529
PROJ_3795,IT,High,1,-39885.24064015632,True,False,1.043888383516742,0.9999999999999996,948673.34,908788.0993598436,908788.099359844,39885.24064015597,-4.204317646383525
PROJ_3796,Healthcare,Low,1,-30860.33273309644,True,False,1.0841528663220354,1.0,397577.88,366717.5472669036,366717.54726690357,30860.33273309644,-7.76208493618821
PROJ_3797,IT,Low,1,22909.476459345024,True,True,0.9356094420599914,1.0,332879.9,355789.37645934505,355789.376459345,-22909.476459344965,6.882204800994282
PROJ_3798,R&D,Medium,1,167577.3520596344,True,True,0.9207800060625334,1.0,1947764.29,2115341.6420596344,2115341.642059635,-167577.35205963487,8.60357451463672
PROJ_3799,Marketing,High,3,10168.496480086236,True,True,0.9816242493113996,0.9999999999999998,543196.46,553364.9564800862,553364.9564800862,-10168.496480086236,1.8719739963118016
PROJ_3800,Construction,Critical,-3,81846.95380445267,False,True,0.945955889041254,1.0,1432600.27,1514447.2238044527,1514447.2238044527,-81846.95380445267,5.713174534334875
PROJ_3801,IT,High,0,100611.42211477342,False,True,0.931259593291969,0.9999999999999992,1363031.68,1463643.1021147734,1463643.1021147738,-100611.42211477389,7.3814441433066245
PROJ_3802,Marketing,High,2,31724.264658118715,True,True,0.9602333421531738,1.0,766036.13,797760.3946581187,797760.3946581185,-31724.26465811848,4.141353575335733
PROJ_3803,Construction,High,-1,64942.08871440403,False,True,0.9605379593479212,1.0,1580742.92,1645685.008714404,1645685.0087144044,-64942.0887144045,4.108327033620653
PROJ_3804,IT,Medium,1,75526.52984811726,True,True,0.8987657826999795,0.9999999999999998,670530.8,746057.3298481173,746057.3298481174,-75526.52984811738,11.263692860658656
PROJ_3805,Marketing,Low,0,106599.31733426894,False,True,0.8781459603331481,1.0,768212.2,874811.5173342689,874811.5173342689,-106599.31733426894,13.876285398001873
PROJ_3806,IT,Critical,1,-7752.915442166675,True,False,1.019252554565787,1.0000000000000002,410448.33,402695.4145578333,402695.41455783317,7752.91544216685,-1.8888895082523176
PROJ_3807,IT,Low,3,60435.35855985561,True,True,0.9399852833027514,0.9999999999999998,946573.62,1007008.9785598556,1007008.9785598554,-60435.35855985538,6.384644287874341
PROJ_3808,Construction,Medium,3,8584.431133974344,True,True,0.9951513349011204,1.0000000000000002,1761888.67,1770473.1011339745,1770473.1011339733,-8584.431133973412,0.48722891974629773
PROJ_3809,Construction,Medium,-1,-13077.038007071476,False,False,1.0089499736181076,1.0,1474202.91,1461125.8719929284,1461125.871992929,13077.038007071009,-0.8870582141959691
PROJ_3810,Manufacturing,High,1,21228.581948729232,True,True,0.9755659424297524,1.0,847582.58,868811.1619487292,868811.161948729,-21228.581948729,2.504603380207389
PROJ_3811,Manufacturing,Medium,1,120856.23666065966,True,True,0.8394029329172527,1.0,631687.0,752543.2366606597,752543.2366606598,-120856.23666065978,19.13229758735889
PROJ_3812,R&D,High,4,22791.04763025418,True,True,0.9822061692611438,1.0000000000000004,1258048.81,1280839.8576302542,1280839.8576302535,-22791.04763025348,1.8116187105851227
PROJ_3813,R&D,High,2,93708.6265257909,True,True,0.9223245538935354,1.0000000000000002,1112703.84,1206412.466525791,1206412.4665257912,-93708.62652579113,8.421704244841207
PROJ_3814,Construction,Critical,0,110890.40446664044,False,True,0.9327053132738856,1.0,1536942.58,1647832.9844666405,1647832.9844666407,-110890.40446664067,7.214999825604458
PROJ_3815,Construction,High,1,193842.28651926573,True,True,0.9136102623504848,1.0000000000000002,2049969.21,2243811.4965192657,2243811.496519265,-193842.28651926527,9.455863316077087
PROJ_3816,IT,Low,2,24704.472183365146,True,True,0.9842324163854468,1.0000000000000002,1542084.25,1566788.7221833651,1566788.7221833651,-24704.472183365142,1.6020183192562365
PROJ_3817,IT,Medium,0,3939.5115940936375,False,True,0.9959425540388772,1.0000000000000002,966994.33,970933.8415940936,970933.8415940934,-3939.5115940934047,0.40739758981765745
PROJ_3818,Manufacturing,High,1,25986.430324983023,True,True,0.9478886660205744,1.0000000000000002,472684.94,498671.370324983,498671.370324983,-25986.430324983026,5.497621803855868
PROJ_3819,IT,Medium,0,25438.48771552299,False,True,0.9763915482793084,0.9999999999999998,1052077.65,1077516.137715523,1077516.137715523,-25438.48771552299,2.417928725652806
PROJ_3820,IT,High,-1,106928.55188264068,False,True,0.9134422916526542,1.0000000000000002,1128415.52,1235344.0718826407,1235344.0718826402,-106928.55188264023,9.475990890540057
PROJ_3821,Construction,High,2,138509.28304353333,True,True,0.8901060091679344,1.0,1121880.68,1260389.9630435333,1260389.9630435335,-138509.28304353356,12.346168849572628
PROJ_3822,Healthcare,Low,0,-20598.65355184628,False,False,1.037952377572731,1.0000000000000002,563348.67,542750.0164481538,542750.0164481538,20598.653551846277,-3.6564661725120033
PROJ_3823,Healthcare,High,1,32652.480353360937,True,True,0.929409804584825,1.0,429911.48,462563.9603533609,462563.960353361,-32652.480353360996,7.595163626093678
PROJ_3824,Healthcare,Medium,0,34112.07065490028,False,True,0.9690095527959224,0.9999999999999998,1066616.5,1100728.5706549005,1100728.5706549005,-34112.07065490051,3.19815703722008
PROJ_3825,Construction,High,2,108404.49128251662,True,True,0.9520406942001488,1.0,2151938.72,2260343.211282517,2260343.211282516,-108404.4912825157,5.037526871699938
PROJ_3826,IT,Medium,2,-39847.861272391165,True,False,1.0351642078981194,1.0,1173041.63,1133193.7687276087,1133193.768727609,39847.86127239093,-3.396969063441588
PROJ_3827,Marketing,Medium,0,-5385.876137174433,False,False,1.0073385731017137,1.0,739299.14,733913.2638628256,733913.2638628253,5385.876137174666,-0.7285110783673664
PROJ_3828,IT,Medium,0,15986.943179913214,False,True,0.9779384084736364,1.0,708663.55,724650.4931799133,724650.4931799131,-15986.943179913098,2.2559285262961666
PROJ_3829,IT,Medium,-1,72171.63421225653,False,True,0.8914215997599261,1.0000000000000002,592524.42,664696.0542122566,664696.0542122563,-72171.6342122563,12.180364517677818
PROJ_3830,Marketing,Critical,-1,56597.55461002502,False,True,0.9285183463754134,1.0,735179.8,791777.3546100251,791777.3546100253,-56597.554610025254,7.698464322608599
PROJ_3831,R&D,High,0,127810.47574682836,False,True,0.91226153182324,1.0000000000000002,1328910.6,1456721.0757468285,1456721.075746829,-127810.47574682883,9.617688033102363
PROJ_3832,IT,Medium,2,77581.43680322077,True,True,0.9445449606731138,1.0,1321415.62,1398997.0568032209,1398997.0568032209,-77581.43680322077,5.871085192955474
PROJ_3833,IT,Medium,-2,104004.41348195892,False,True,0.919522456927024,0.9999999999999998,1188336.4,1292340.8134819588,1292340.8134819593,-104004.41348195937,8.752101970617023
PROJ_3834,IT,Low,0,71734.6272845508,False,True,0.9342346126409724,1.0,1019031.05,1090765.6772845509,1090765.6772845506,-71734.62728455057,7.039493770533348
PROJ_3835,IT,Low,0,70273.47238120227,False,True,0.8876215808394738,1.0,555055.42,625328.8923812023,625328.8923812023,-70273.47238120227,12.660622678218738
PROJ_3836,Manufacturing,High,0,12653.382333018351,False,True,0.9852216190884568,1.0000000000000002,843555.59,856208.9723330183,856208.9723330182,-12653.382333018235,1.5000057474597774
PROJ_3837,IT,Critical,0,46425.36512903683,False,True,0.9275991757838118,0.9999999999999998,594801.66,641227.0251290369,641227.0251290367,-46425.36512903671,7.805184190144445
PROJ_3838,Marketing,Medium,1,12387.62759114604,True,True,0.9801036375956678,1.0000000000000004,610220.03,622607.6575911461,622607.6575911458,-12387.627591145807,2.0300263809999497
PROJ_3839,IT,Low,1,132175.07459331304,True,True,0.788532292821638,1.0000000000000004,492861.61,625036.684593313,625036.6845933129,-132175.07459331292,26.81788800578583
PROJ_3840,IT,High,1,-13226.216359337091,True,False,1.0120912290851642,1.0000000000000002,1107094.86,1093868.643640663,1093868.643640663,13226.216359337093,-1.1946777857262467
PROJ_3841,R&D,Critical,1,-30251.619242513785,True,False,1.021274829263618,1.0,1452195.78,1421944.1607574862,1421944.160757486,30251.619242514018,-2.083163968601673
PROJ_3842,Construction,Low,0,92419.83918404742,False,True,0.9574943640985154,0.9999999999999998,2081876.28,2174296.1191840474,2174296.119184048,-92419.83918404789,4.439257033278072
PROJ_3843,Manufacturing,High,-1,37112.819908834994,False,True,0.965723217110564,1.0,1045626.48,1082739.299908835,1082739.299908835,-37112.819908834994,3.5493381832521105
PROJ_3844,Healthcare,Medium,0,3328.230268196785,False,True,0.9948939784244594,1.0000000000000002,648496.33,651824.5602681967,651824.5602681966,-3328.2302681966685,0.5132226836498317
PROJ_3845,Manufacturing,Low,1,45386.43029909278,True,True,0.914969668024466,1.0,488381.1,533767.5302990928,533767.5302990928,-45386.43029909278,9.293240524478279
PROJ_3846,Marketing,High,-2,108598.32868555211,False,True,0.8772454730243779,1.0000000000000002,776080.48,884678.8086855521,884678.8086855517,-108598.32868555177,13.993178733931275
PROJ_3847,R&D,Critical,0,4536.51778932265,False,True,0.9972290767557888,1.0000000000000002,1632649.86,1637186.3777893228,1637186.3777893225,-4536.517789322417,0.27786225941442316
PROJ_3848,IT,Critical,0,114077.68992436957,False,True,0.839173290641963,1.0,595242.86,709320.5499243696,709320.5499243696,-114077.68992436957,19.164898496114606
PROJ_3849,IT,Critical,3,181976.1907877723,True,True,0.8163921284320549,0.9999999999999996,809137.04,991113.2307877725,991113.2307877726,-181976.19078777253,22.490157018120506
PROJ_3850,IT,High,2,62588.347600619774,True,True,0.9510100388018202,0.9999999999999994,1214986.61,1277574.95760062,1277574.9576006206,-62588.34760062047,5.151361100236361
PROJ_3851,Healthcare,Low,0,-53862.54949089733,False,False,1.0881983364642238,1.0,664560.57,610698.0205091026,610698.0205091026,53862.549490897334,-8.10498725359185
PROJ_3852,IT,Critical,3,-20315.12385957595,True,False,1.0232094049866391,1.0,895612.18,875297.0561404241,875297.056140424,20315.123859576066,-2.2682947276996686
PROJ_3853,R&D,Medium,1,101255.26659748424,True,True,0.9369354176518508,1.0000000000000004,1504325.28,1605580.5465974845,1605580.5465974833,-101255.2665974833,6.730942299758687
PROJ_3854,IT,Medium,0,1726.0267876392463,False,True,0.998319641470175,1.0,1025451.66,1027177.6867876392,1027177.6867876395,-1726.0267876394792,0.16831868872682687
PROJ_3855,Marketing,High,0,-10757.030771730291,False,False,1.0254319874223423,1.0,433729.51,422972.4792282697,422972.4792282697,10757.030771730293,-2.48012425341552
PROJ_3856,Construction,Medium,0,128648.50521568814,False,True,0.9234966789997094,0.9999999999999994,1552958.3,1681606.8052156882,1681606.805215689,-128648.50521568884,8.284092703306253
PROJ_3857,IT,Medium,3,336393.1239682005,True,True,0.7849553000477563,1.0000000000000004,1227900.83,1564293.9539682006,1564293.9539682008,-336393.12396820076,27.39578928114258
PROJ_3858,Construction,Critical,4,45798.6752517391,True,True,0.9752307569855088,1.0,1803215.25,1849013.925251739,1849013.9252517386,-45798.675251738634,2.5398340687135734
PROJ_3859,IT,Medium,1,-23244.02702603268,True,False,1.0232123520777252,1.0000000000000002,1024608.6,1001364.5729739672,1001364.5729739673,23244.02702603268,-2.2685762178877553
PROJ_3860,Manufacturing,Critical,-1,47460.41990395007,False,True,0.9664224489262624,1.0000000000000002,1365996.44,1413456.85990395,1413456.8599039495,-47460.4199039496,3.474417539766766
PROJ_3861,IT,Low,3,-41998.40574096283,True,False,1.052632325907524,1.0,839956.79,797958.3842590372,797958.3842590371,41998.405740962946,-5.000067413106208
PROJ_3862,Healthcare,Low,-1,191425.54892353815,False,True,0.802842602276791,0.9999999999999996,779502.0,970927.5489235382,970927.5489235385,-191425.54892353853,24.55741600708382
PROJ_3863,IT,High,1,118901.82536752951,True,True,0.8028107506308876,1.0000000000000002,484081.48,602983.3053675295,602983.3053675294,-118901.82536752941,24.562357842636207
PROJ_3864,Manufacturing,Low,0,165649.75164683745,False,True,0.8760304315529873,1.0000000000000002,1170563.27,1336213.0216468377,1336213.0216468372,-165649.75164683722,14.151285615414638
PROJ_3865,IT,Critical,1,6365.429874875583,True,True,0.9925131878366862,1.0,843853.56,850218.9898748756,850218.9898748756,-6365.429874875583,0.7543287338712634
PROJ_3866,IT,High,1,70674.4414837351,True,True,0.9284162459431172,1.0,916622.78,987297.2214837353,987297.2214837355,-70674.44148373546,7.710308212472687
PROJ_3867,IT,Medium,2,-5423.703913811012,True,False,1.0081269283712682,0.9999999999999996,672798.1,667374.396086189,667374.3960861892,5423.703913810779,-0.8061413838432033
PROJ_3868,Construction,High,3,70974.57405405259,True,True,0.9580801252560344,1.0,1622126.24,1693100.8140540526,1693100.814054052,-70974.57405405212,4.375403855994101
PROJ_3869,Construction,Medium,4,65396.24339465867,True,True,0.9664863254349716,1.0,1885933.9,1951330.1433946583,1951330.1433946588,-65396.2433946589,3.4675787626840426
PROJ_3870,Marketing,High,1,94770.1089985182,True,True,0.8657691004097555,0.9999999999999998,611252.94,706023.0489985181,706023.0489985183,-94770.10899851832,15.504237738066065
PROJ_3871,Marketing,Medium,0,29181.53942540451,False,True,0.9647522370058512,1.0000000000000004,798716.09,827897.6294254045,827897.6294254042,-29181.539425404277,3.653555974489543
PROJ_3872,Healthcare,Medium,1,84339.95892046043,True,True,0.9249652470318814,1.0,1039671.99,1124011.9489204604,1124011.9489204602,-84339.9589204602,8.112169966266014
PROJ_3873,Healthcare,High,-1,52309.50549693941,False,True,0.9409216101723072,1.0,833115.87,885425.3754969394,885425.3754969394,-52309.50549693941,6.278779144723219
PROJ_3874,Manufacturing,Medium,-1,1093.8055183002723,False,True,0.9992991825378842,0.9999999999999996,1559662.85,1560756.6555183004,1560756.6555183008,-1093.8055183007382,0.070130895167551
PROJ_3875,Construction,Low,0,48306.72031153948,False,True,0.9695223418502348,1.0000000000000002,1536681.21,1584987.9303115394,1584987.930311539,-48306.720311539015,3.1435746072237722
PROJ_3876,IT,Low,0,7734.253996368148,False,True,0.9869046571242764,1.0,582876.78,590611.0339963682,590611.0339963681,-7734.253996368032,1.32691063733368
PROJ_3877,IT,Low,1,150760.369369808,True,True,0.8607014972089106,1.0000000000000002,931522.4,1082282.769369808,1082282.7693698083,-150760.36936980824,16.18429888211043
PROJ_3878,IT,High,-2,23577.50094927649,False,True,0.9729771549735268,1.0,848925.04,872502.5409492765,872502.5409492764,-23577.50094927638,2.77733602359949
PROJ_3879,Construction,Medium,0,12735.810344452271,False,True,0.9925048769243622,1.0,1686477.16,1699212.9703444522,1699212.9703444517,-12735.810344451806,0.7551724177783591
PROJ_3880,Marketing,Low,0,39195.57815456152,False,True,0.9241835239320986,1.0,477784.11,516979.6881545615,516979.68815456145,-39195.57815456146,8.203616933715411
PROJ_3881,IT,High,0,24105.11656017654,False,True,0.945885808662306,1.0,421343.96,445449.07656017656,445449.0765601765,-24105.11656017648,5.72100678983899
PROJ_3882,IT,Low,0,43085.286940657184,False,True,0.9432365811278548,1.0,715947.34,759032.6269406572,759032.6269406573,-43085.2869406573,6.017940780484959
PROJ_3883,IT,Critical,0,68114.00174164283,False,True,0.9047710513400846,1.0,647151.71,715265.7117416428,715265.7117416427,-68114.00174164271,10.52519844869802
PROJ_3884,R&D,Critical,5,370185.1668000047,True,True,0.8372192882904743,1.0000000000000002,1903948.93,2274134.0968000046,2274134.096800004,-370185.1668000042,19.443019766291957
PROJ_3885,Marketing,Medium,0,103336.9163710078,False,True,0.8937832235345534,0.9999999999999998,869550.04,972886.9563710078,972886.9563710081,-103336.91637100803,11.883952805178184
PROJ_3886,Marketing,Medium,1,-16870.471211396274,True,False,1.028460111342685,0.9999999999999998,609646.48,592776.0087886037,592776.0087886039,16870.47121139604,-2.767254755804715
PROJ_3887,R&D,Low,3,234403.7136939573,True,True,0.8969439147933861,1.0,2040121.98,2274525.6936939573,2274525.693693957,-234403.71369395684,11.489691106311048
PROJ_3888,Manufacturing,High,2,33831.48519575712,True,True,0.9621325740730874,1.0,859587.71,893419.1951957571,893419.1951957572,-33831.48519575724,3.935780468028939
PROJ_3889,IT,High,3,25916.29923548631,True,True,0.9755351674563428,1.0,1033412.4,1059328.6992354863,1059328.6992354863,-25916.29923548631,2.5078370682881594
PROJ_3890,Marketing,Low,1,9567.046646735864,True,True,0.9886438911443924,1.0000000000000002,832891.12,842458.1666467359,842458.1666467359,-9567.046646735864,1.1486551383493997
PROJ_3891,R&D,High,1,-55496.46345862653,True,False,1.0337149963716006,1.0000000000000002,1701543.31,1646046.8465413735,1646046.846541373,55496.463458627,-3.2615369313536307
PROJ_3892,Construction,High,0,47101.8839656394,False,True,0.9663374196579092,0.9999999999999998,1352133.81,1399235.6939656397,1399235.6939656395,-47101.8839656394,3.4835223864152463
PROJ_3893,Construction,Medium,-1,45786.76900154818,False,True,0.972850693609572,0.9999999999999996,1640693.48,1686480.2490015482,1686480.2490015484,-45786.76900154841,2.7906961025741635
PROJ_3894,Construction,Critical,-1,173149.3580966727,False,True,0.8746934313791532,0.9999999999999996,1208656.56,1381805.9180966727,1381805.918096673,-173149.35809667292,14.325769935561588
PROJ_3895,R&D,High,4,76267.68651126116,True,True,0.9299587981814038,1.0,1012629.77,1088897.4565112612,1088897.4565112614,-76267.68651126139,7.53164569823593
PROJ_3896,R&D,Critical,5,80932.89111456089,True,True,0.9389827298067432,1.0000000000000002,1245460.29,1326393.181114561,1326393.1811145605,-80932.89111456042,6.49823135786693
PROJ_3897,R&D,Medium,5,114391.61439139256,True,True,0.9116171747316328,1.0,1179882.63,1294274.2443913925,1294274.2443913922,-114391.61439139233,9.695168950100769
PROJ_3898,Manufacturing,Medium,-1,12698.00477416336,False,True,0.9791307295054285,1.0000000000000004,595756.65,608454.6547741634,608454.6547741632,-12698.004774163128,2.13140797910743
PROJ_3899,R&D,Critical,2,96136.32698335104,True,True,0.9395369365188064,1.0000000000000002,1493864.6,1590000.9269833511,1590000.9269833511,-96136.32698335103,6.4354110127083155
PROJ_3900,Construction,Medium,2,103911.74048151448,True,True,0.9050735701439612,1.0,990743.78,1094655.5204815145,1094655.520481514,-103911.74048151402,10.488255649862774
PROJ_3901,Marketing,High,1,39982.77639794548,True,True,0.9292046090779232,1.0,524782.47,564765.2463979454,564765.2463979456,-39982.77639794559,7.618923779589207
PROJ_3902,Healthcare,Medium,0,21701.211706581467,False,True,0.9355004135128668,0.9999999999999998,314753.84,336455.0517065815,336455.05170658155,-21701.211706581526,6.894661461979788
PROJ_3903,Construction,High,-2,43024.91774833482,False,True,0.9801020942829096,0.9999999999999998,2119258.81,2162283.727748335,2162283.7277483353,-43024.91774833528,2.0301870420600157
PROJ_3904,Marketing,Low,3,16991.463490337366,True,True,0.981835888217636,0.9999999999999994,918450.01,935441.4734903374,935441.4734903378,-16991.463490337832,1.8500150585591297
PROJ_3905,IT,Medium,1,58969.15659979754,True,True,0.9229154707856893,1.0000000000000002,706024.25,764993.4065997975,764993.4065997972,-58969.15659979719,8.352284868373458
PROJ_3906,IT,Low,2,10393.522284791106,True,True,0.9884814118540768,1.0,891932.54,902326.0622847911,902326.0622847913,-10393.522284791223,1.165281208911968
PROJ_3907,Construction,Medium,0,75687.31024185475,False,True,0.9380576511464016,1.0000000000000002,1146211.95,1221899.2602418547,1221899.2602418547,-75687.31024185475,6.603256076841177
PROJ_3908,Manufacturing,Medium,1,52016.82623662288,True,True,0.9583207550324324,0.9999999999999998,1196010.25,1248027.0762366229,1248027.0762366233,-52016.82623662334,4.349195689303109
PROJ_3909,Construction,Low,4,154176.39551229845,True,True,0.925960573874113,1.0000000000000002,1928178.96,2082355.3555122984,2082355.355512298,-154176.39551229798,7.99595881454375
PROJ_3910,Construction,High,1,-35615.65306522767,True,False,1.0369589448792125,1.0000000000000002,999270.14,963654.4869347723,963654.486934772,35615.65306522802,-3.5641666491933823
PROJ_3911,R&D,Critical,0,19138.794370878026,False,True,0.9890765342267108,1.0000000000000002,1732941.98,1752080.774370878,1752080.7743708782,-19138.794370878255,1.1044105683721883
PROJ_3912,IT,Medium,1,28692.129322685883,True,True,0.9594347748700084,1.0000000000000002,678616.39,707308.5193226859,707308.5193226858,-28692.129322685767,4.228033649863034
PROJ_3913,Healthcare,High,2,5348.341636404162,True,True,0.994120820300738,1.0000000000000002,904360.48,909708.821636404,909708.8216364043,-5348.341636404279,0.591394886738558
PROJ_3914,Manufacturing,Low,1,8329.271101826045,True,True,0.9770307850086144,1.0,354298.32,362627.59110182605,362627.5911018261,-8329.271101826103,2.3509202927708217
PROJ_3915,IT,Medium,0,38401.87325268536,False,True,0.9190550829233964,0.9999999999999994,436017.95,474419.82325268537,474419.82325268554,-38401.87325268553,8.807406496151254
PROJ_3916,Manufacturing,High,2,38874.47704440635,True,True,0.9479984272665564,1.0000000000000002,708689.01,747563.4870444064,747563.4870444065,-38874.47704440646,5.4854070679615115
PROJ_3917,R&D,Medium,3,313379.6093504471,True,True,0.8892505618011032,0.9999999999999996,2516247.47,2829627.0793504477,2829627.0793504473,-313379.6093504471,12.454244389183511
PROJ_3918,Marketing,Medium,1,40707.47517619422,True,True,0.9538884068088274,1.0000000000000002,842096.01,882803.4851761942,882803.4851761941,-40707.4751761941,4.834065794492258
PROJ_3919,IT,Low,1,55944.70544961549,True,True,0.9291052100661704,1.0,733178.24,789122.9454496155,789122.9454496154,-55944.70544961537,7.630437238510431
PROJ_3920,Manufacturing,Low,0,80385.34305388597,False,True,0.9072230216545796,0.9999999999999996,786050.97,866436.3130538859,866436.3130538863,-80385.34305388632,10.226479722286498
PROJ_3921,Manufacturing,Medium,0,13167.846657146933,False,True,0.9693254903396832,1.0000000000000002,416108.67,429276.5166571469,429276.5166571468,-13167.846657146816,3.1645210990549213
PROJ_3922,Construction,Critical,0,238886.82166029653,False,True,0.9247138751075412,0.9999999999999996,2934165.61,3173052.4316602964,3173052.431660297,-238886.821660297,8.141558910176752
PROJ_3923,Manufacturing,Medium,-2,22588.100285276538,False,True,0.9830955040059286,0.9999999999999996,1313630.4,1336218.5002852764,1336218.5002852764,-22588.100285276538,1.719517170528068
PROJ_3924,Construction,Low,1,256384.33921584117,True,True,0.8999529475826687,0.9999999999999998,2306253.27,2562637.609215841,2562637.6092158416,-256384.3392158416,11.116920355232345
PROJ_3925,Manufacturing,Medium,1,29360.733590169693,True,True,0.9474124096818224,0.9999999999999998,528959.84,558320.5735901697,558320.5735901698,-29360.73359016981,5.550654580916731
PROJ_3926,Construction,Medium,-1,23369.34684401541,False,True,0.9872763624767328,1.0000000000000002,1813318.22,1836687.5668440156,1836687.566844015,-23369.346844014945,1.288761486332771
PROJ_3927,Healthcare,Medium,0,-6122.817489515524,False,False,1.012918513518318,1.0000000000000002,480079.63,473956.8125104845,473956.81251048436,6122.817489515641,-1.275375397518041
PROJ_3928,IT,Medium,1,-17694.014869395993,True,False,1.0244116367834988,1.0000000000000002,742512.88,724818.865130604,724818.8651306039,17694.01486939611,-2.382990968371634
PROJ_3929,Construction,High,-1,342433.91572311614,False,True,0.8917237568014312,1.0000000000000002,2820161.18,3162595.0957231163,3162595.0957231172,-342433.91572311707,12.142352648195697
PROJ_3930,IT,Low,1,57226.1592118016,True,True,0.963196272313043,0.9999999999999996,1497675.01,1554901.1692118016,1554901.1692118023,-57226.159211802296,3.8209998050112546
PROJ_3931,IT,High,3,10437.237799320135,True,True,0.9855961144385496,1.0000000000000004,714175.42,724612.6577993202,724612.65779932,-10437.237799319904,1.4614389556168013
PROJ_3932,Construction,High,0,195203.96234874893,False,True,0.925399785717706,1.0000000000000004,2421463.62,2616667.582348749,2616667.582348749,-195203.96234874893,8.061403885504129
PROJ_3933,IT,Medium,1,38510.11305266304,True,True,0.9395352947463852,1.0000000000000004,598392.24,636902.353052663,636902.3530526629,-38510.11305266293,6.435597001168151
PROJ_3934,Construction,High,1,90786.07126671357,True,True,0.939968113158087,1.0,1421511.41,1512297.4812667137,1512297.4812667132,-90786.07126671332,6.386587587553259
PROJ_3935,IT,Medium,3,74488.00236423139,True,True,0.9317409851213424,0.9999999999999996,1016767.16,1091255.1623642314,1091255.1623642321,-74488.00236423209,7.32596461555978
PROJ_3936,Manufacturing,Medium,1,16787.05672096624,True,True,0.9738866647337344,1.0,626066.74,642853.7967209662,642853.7967209663,-16787.056720966357,2.6813525856630487
PROJ_3937,IT,Medium,2,176961.2322593655,True,True,0.8714487019718784,0.9999999999999998,1199619.44,1376580.6722593654,1376580.6722593657,-176961.23225936573,14.751447530674039
PROJ_3938,Healthcare,Critical,3,31773.312452407787,True,True,0.9781352148299918,1.0,1421399.55,1453172.8624524078,1453172.8624524078,-31773.312452407787,2.235354053151894
PROJ_3939,R&D,High,1,7679.520447908901,True,True,0.9921002968165844,1.0000000000000002,964448.2,972127.7204479089,972127.7204479089,-7679.520447908901,0.7962605402663306
PROJ_3940,R&D,Critical,0,25856.372306590667,False,True,0.9831171329279356,1.0,1505659.11,1531515.4823065908,1531515.482306591,-25856.3723065909,1.7172793054458984
PROJ_3941,Healthcare,High,-1,-1327.788960538106,False,False,1.0020430120519856,1.0,651245.13,649917.3410394619,649917.3410394619,1327.788960538106,-0.20388466636796285
PROJ_3942,Healthcare,Medium,1,21109.86692007212,True,True,0.9698779959645314,1.0000000000000002,679702.3,700812.1669200722,700812.1669200719,-21109.866920071887,3.10575187402954
PROJ_3943,IT,Medium,2,62462.92743674247,True,True,0.9331368205965996,1.0000000000000002,871727.28,934190.2074367424,934190.2074367427,-62462.9274367427,7.165420753695203
PROJ_3944,Construction,Low,-3,19884.545345352963,False,True,0.9896303182645576,1.0000000000000002,1897681.09,1917565.635345353,1917565.6353453528,-19884.54534535273,1.0478338773641218
PROJ_3945,Manufacturing,Low,-1,-7398.444767892011,False,False,1.0126660200073805,1.0,591516.01,584117.565232108,584117.5652321078,7398.444767892244,-1.2507598514353389
PROJ_3946,IT,Critical,5,141414.66263974295,True,True,0.9206190497164568,1.0,1640053.84,1781468.502639743,1781468.5026397437,-141414.66263974365,8.622562210503018
PROJ_3947,R&D,Medium,0,119195.24966570176,False,True,0.9521457551602422,1.0,2371602.59,2490797.8396657016,2490797.839665702,-119195.24966570223,5.025936898884152
PROJ_3948,IT,Critical,1,-31170.404305676697,True,False,1.0267915104667085,0.9999999999999998,1194613.74,1163443.3356943233,1163443.3356943233,31170.404305676697,-2.609245420672685
PROJ_3949,IT,Medium,2,102686.6675701118,True,True,0.9410933308033362,1.0,1640522.87,1743209.537570112,1743209.537570112,-102686.66757011181,6.259386531448465
PROJ_3950,Manufacturing,Low,1,23930.44012817944,True,True,0.920010024742532,0.9999999999999996,275237.55,299167.99012817943,299167.9901281795,-23930.4401281795,8.694467789071476
PROJ_3951,Healthcare,Low,3,28737.27119504835,True,True,0.970739625619114,1.0000000000000004,953385.2,982122.4711950484,982122.471195048,-28737.271195048,3.014235085152151
PROJ_3952,R&D,Critical,7,349969.08231529733,True,True,0.8931106301808062,1.0000000000000004,2924155.21,3274124.2923152973,3274124.292315296,-349969.08231529593,11.968211575037973
PROJ_3953,R&D,Medium,2,98012.08779155044,True,True,0.9402946920051424,1.0,1543585.47,1641597.5577915504,1641597.5577915506,-98012.08779155067,6.349637885069667
PROJ_3954,Construction,Low,0,32193.68409576174,False,True,0.9824221405366078,1.0,1799296.9,1831490.5840957616,1831490.5840957612,-32193.684095761273,1.7892369011340639
PROJ_3955,IT,Low,1,97555.81561494502,True,True,0.9034693624993726,1.0,913064.42,1010620.2356149452,1010620.235614945,-97555.8156149449,10.684439507011444
PROJ_3956,Construction,High,2,175052.8009870341,True,True,0.9362948407503108,1.0000000000000002,2572806.29,2747859.090987034,2747859.0909870355,-175052.8009870355,6.803963503487684
PROJ_3957,R&D,Critical,0,100720.33335891784,False,True,0.9334279704819144,1.0000000000000002,1412232.39,1512952.7233589175,1512952.7233589177,-100720.33335891785,7.131994285934616
PROJ_3958,Manufacturing,Low,1,7691.463713311125,True,True,0.9864635557512024,1.0000000000000002,560512.68,568204.1437133112,568204.1437133111,-7691.463713311008,1.372219396233999
PROJ_3959,Healthcare,Critical,1,114545.98697355972,True,True,0.9133779118825384,1.0000000000000002,1207818.66,1322364.6469735596,1322364.6469735596,-114545.98697355972,9.483707345071132
PROJ_3960,R&D,High,2,190702.8279878851,True,True,0.9128284268129528,1.0,1996969.38,2187672.207987885,2187672.207987885,-190702.8279878851,9.549612021987294
PROJ_3961,Construction,High,2,74975.26268257713,True,True,0.976561029097082,1.0000000000000002,3123768.53,3198743.792682577,3198743.7926825765,-74975.26268257666,2.4001542355821313
PROJ_3962,Manufacturing,High,1,-5963.060795404948,True,False,1.0109067377602892,1.0,552694.9,546731.8392045951,546731.839204595,5963.060795405065,-1.078906426566459
PROJ_3963,Construction,Critical,0,139471.7060980415,False,True,0.9460142267905132,0.9999999999999998,2444018.31,2583490.0160980416,2583490.0160980425,-139471.70609804243,5.7066555323001005
PROJ_3964,IT,High,3,93575.1234119829,True,True,0.8979894123190314,1.0,823732.83,917307.9534119827,917307.9534119829,-93575.1234119829,11.359887575681899
PROJ_3965,IT,Medium,2,51982.24873087741,True,True,0.9582706637404116,1.0000000000000002,1193718.1,1245700.3487308775,1245700.3487308775,-51982.248730877414,4.354650292299112
PROJ_3966,R&D,Medium,3,23392.28690512944,True,True,0.9847313572956594,1.0000000000000004,1508655.28,1532047.5669051297,1532047.5669051288,-23392.28690512874,1.5505388948182213
PROJ_3967,Healthcare,High,2,64907.62808631221,True,True,0.9257042492650096,1.0,808730.87,873638.4980863122,873638.498086312,-64907.628086311975,8.025862557504695
PROJ_3968,IT,Medium,1,127643.37848848116,True,True,0.8352591327736875,0.9999999999999998,647169.7,774813.0784884811,774813.0784884813,-127643.3784884814,19.723324266955235
PROJ_3969,Construction,High,0,170351.77466428746,False,True,0.8610173949289945,1.0000000000000002,1055353.95,1225705.7246642874,1225705.7246642872,-170351.77466428722,16.14167215314703
PROJ_3970,IT,Low,0,79543.45422426809,False,True,0.9236285121254064,1.0000000000000002,961989.93,1041533.384224268,1041533.3842242681,-79543.45422426809,8.268636889397385
PROJ_3971,IT,High,1,29755.410920429043,True,True,0.954221010159514,0.9999999999999998,620224.22,649979.630920429,649979.6309204291,-29755.41092042916,4.797524824236816
PROJ_3972,Marketing,Critical,-1,15091.700017372728,False,True,0.9755181441265908,1.0000000000000002,601352.58,616444.2800173727,616444.2800173728,-15091.700017372845,2.5096258865926617
PROJ_3973,IT,Low,1,2898.6655454547144,True,True,0.9961859379604794,1.0000000000000002,757095.67,759994.3355454548,759994.3355454546,-2898.665545454598,0.3828664804613924
PROJ_3974,R&D,High,1,141851.22233344847,True,True,0.943594458057189,1.0000000000000002,2372994.26,2514845.482333448,2514845.482333448,-141851.222333448,5.97773137190176
PROJ_3975,Construction,High,3,57272.49363077479,True,True,0.975278262917968,0.9999999999999998,2259413.16,2316685.653630775,2316685.6536307754,-57272.49363077525,2.534839339909627
PROJ_3976,IT,Medium,1,83165.69687342923,True,True,0.9364028151799698,0.9999999999999992,1224528.93,1307694.6268734292,1307694.6268734299,-83165.69687342993,6.791648186983212
PROJ_3977,IT,Medium,-1,48353.92846212606,False,True,0.963703370451163,1.0000000000000002,1283833.91,1332187.838462126,1332187.8384621255,-48353.928462125594,3.766369472366219
PROJ_3978,IT,Low,1,-13766.958336966694,True,False,1.0223767068483454,1.0,629003.08,615236.1216630333,615236.1216630333,13766.958336966694,-2.188694900661964
PROJ_3979,Construction,Critical,2,254467.04691011272,True,True,0.8982030083331674,1.0000000000000002,2245283.12,2499750.166910113,2499750.1669101124,-254467.04691011226,11.333405780475125
PROJ_3980,IT,Medium,1,75831.44282531296,True,True,0.883213695750721,1.0,573486.5,649317.942825313,649317.942825313,-75831.44282531296,13.222881937990339
PROJ_3981,Healthcare,High,1,30876.278516108985,True,True,0.9627383478540544,1.0000000000000009,797757.9,828634.178516109,828634.1785161087,-30876.278516108636,3.870382043989616
PROJ_3982,Manufacturing,High,1,59315.92274895043,True,True,0.913080134356384,1.0000000000000004,623104.86,682420.7827489504,682420.78274895,-59315.92274894996,9.51941263127846
PROJ_3983,Construction,Medium,-2,-29609.214019236388,False,False,1.0214096774044945,1.0000000000000002,1412591.94,1382982.7259807636,1382982.7259807633,29609.21401923662,-2.096091106058316
PROJ_3984,Construction,Medium,0,58839.218250529375,False,True,0.9446372818763108,1.0000000000000004,1003955.75,1062794.9682505294,1062794.9682505294,-58839.218250529375,5.860738209879208
PROJ_3985,Construction,Critical,3,173369.86210532067,True,True,0.9195946444805332,1.0,1982828.08,2156197.9421053207,2156197.942105321,-173369.86210532114,8.74356500465341
PROJ_3986,R&D,Critical,1,213433.8695627707,True,True,0.8980598311470303,1.0,1880283.18,2093717.0495627704,2093717.0495627704,-213433.86956277047,11.35115560427289
PROJ_3987,Manufacturing,Medium,0,20951.57267047983,False,True,0.9455355556719276,1.0,363731.92,384683.4926704798,384683.49267047975,-20951.57267047977,5.760168827217521
PROJ_3988,IT,Medium,1,75388.65370799962,True,True,0.8822749923670621,1.0000000000000004,564990.61,640379.2637079996,640379.2637079994,-75388.65370799939,13.343346309419088
PROJ_3989,IT,Medium,2,95980.58744283626,True,True,0.92512183453728,0.9999999999999996,1185842.85,1281823.4374428364,1281823.4374428373,-95980.58744283719,8.093870738676477
PROJ_3990,R&D,Critical,2,203687.0389045095,True,True,0.8869514784361051,0.9999999999999994,1598079.46,1801766.4989045092,1801766.49890451,-203687.03890450997,12.745739120163021
PROJ_3991,IT,High,0,118470.47214183724,False,True,0.8668278621389756,1.0000000000000002,771133.57,889604.0421418372,889604.0421418373,-118470.47214183735,15.363158439832592
PROJ_3992,IT,Low,2,126724.90532822,True,True,0.8846569565026503,1.0000000000000004,971953.45,1098678.35532822,1098678.3553282195,-126724.90532821952,13.038166110549792
PROJ_3993,Construction,Low,6,412623.88908944186,True,True,0.8566590842739785,1.0000000000000009,2465995.15,2878619.0390894418,2878619.0390894404,-412623.88908944046,16.73255071444242
PROJ_3994,IT,Critical,2,-34336.65487066552,True,False,1.0456769597672395,1.0000000000000002,786064.77,751728.1151293345,751728.1151293346,34336.6548706654,-4.368171196715177
PROJ_3995,IT,Critical,0,-19377.720773692185,False,False,1.038300984341031,1.0000000000000002,525310.43,505932.7092263079,505932.70922630787,19377.720773692185,-3.688813255372101
PROJ_3996,IT,High,1,-14918.854597443482,True,False,1.0208180681732346,1.0000000000000002,731548.97,716630.1154025565,716630.1154025566,14918.854597443365,-2.039351459608147
PROJ_3997,Healthcare,Medium,0,10271.453063357738,False,True,0.9795898761411204,1.0000000000000002,492981.4,503252.85306335776,503252.8530633577,-10271.45306335768,2.0835376473347025
PROJ_3998,IT,High,1,57013.08679540106,True,True,0.950597545870164,1.0,1097040.65,1154053.736795401,1154053.7367954005,-57013.086795400595,5.1969894456874135
PROJ_3999,R&D,High,-2,408578.74474712,False,True,0.8765457637340661,1.0000000000000002,2900977.55,3309556.29474712,3309556.2947471193,-408578.7447471195,14.0841746516487
PROJ_4000,Construction,Medium,2,139582.1413103426,True,True,0.921027886122204,1.0000000000000002,1627904.31,1767486.4513103426,1767486.451310342,-139582.1413103419,8.57434558363826
